//Imprimir Matrizes Autovalores. Autovalores/Autovetores. Mat Theta. Mat GG. Fluxo Escalar. Figura Gnuplot (1-Sim. 0-Nao)
0 0 0 0 0 0 
//Tipo de problema (1-Físico e 2-Adjunto)
1
//Método(1-DD; 2-MR;  3-SGF; 4-SDM; 5-SDM_mod) / Programacao (1-Serial e 2-Paralelo) 
2 1
//Ordem da Quadratura GL
32
//CP e-?. Maximo Numero de Iteracoes
6 50
//Grupos de Energia
20
//Grau da Anisotropia do Espalhamento (L)
10
//NR e NZ
5 5
//Dados por Regiao
//Comprimento
2 3 4 5 6 
//Nodos por Regiao  1 1 1 1 1   4 6 8 10 12   6 9 12 15 18   8 12 16 20 24   10 15 20 25 30   20 30 40 50 60   40 60 80 100 120 
40 60 80 100 120  
//Periodicidade  //Nodos por cm para a reconstrução
1
//Mapeamento
1 2 3 4 5 
//Dados por Zona
///Zona 1
//Sigma Total g (g=1..20)
1.0000000000e-01 2.0000000000e-01 3.0000000000e-01 4.0000000000e-01 3.5000000000e-01 6.0000000000e-01 7.0000000000e-01 8.0000000000e-01 9.0000000000e-01 8.5000000000e-01 1.1000000000e+00 1.2000000000e+00 1.3000000000e+00 1.4000000000e+00 1.5000000000e+00 1.6000000000e+00 1.7000000000e+00 1.8000000000e+00 1.9000000000e+00 2.0000000000e+00 
//Sigma Espalhamento 0 g'g (g linha; g' coluna)
1.0000000000e-02 0.0000000000e+00 0.0000000000e+00 0.0000000000e+00 0.0000000000e+00 0.0000000000e+00 0.0000000000e+00 0.0000000000e+00 0.0000000000e+00 0.0000000000e+00 0.0000000000e+00 0.0000000000e+00 0.0000000000e+00 0.0000000000e+00 0.0000000000e+00 0.0000000000e+00 0.0000000000e+00 0.0000000000e+00 0.0000000000e+00 0.0000000000e+00 
5.0000000000e-03 2.0000000000e-02 0.0000000000e+00 0.0000000000e+00 0.0000000000e+00 0.0000000000e+00 0.0000000000e+00 0.0000000000e+00 0.0000000000e+00 0.0000000000e+00 0.0000000000e+00 0.0000000000e+00 0.0000000000e+00 0.0000000000e+00 0.0000000000e+00 0.0000000000e+00 0.0000000000e+00 0.0000000000e+00 0.0000000000e+00 0.0000000000e+00 
3.3333333333e-03 1.0000000000e-02 3.0000000000e-02 0.0000000000e+00 0.0000000000e+00 0.0000000000e+00 0.0000000000e+00 0.0000000000e+00 0.0000000000e+00 0.0000000000e+00 0.0000000000e+00 0.0000000000e+00 0.0000000000e+00 0.0000000000e+00 0.0000000000e+00 0.0000000000e+00 0.0000000000e+00 0.0000000000e+00 0.0000000000e+00 0.0000000000e+00 
2.5000000000e-03 6.6666666667e-03 1.5000000000e-02 4.0000000000e-02 0.0000000000e+00 0.0000000000e+00 0.0000000000e+00 0.0000000000e+00 0.0000000000e+00 0.0000000000e+00 0.0000000000e+00 0.0000000000e+00 0.0000000000e+00 0.0000000000e+00 0.0000000000e+00 0.0000000000e+00 0.0000000000e+00 0.0000000000e+00 0.0000000000e+00 0.0000000000e+00 
2.0000000000e-03 5.0000000000e-03 1.0000000000e-02 2.0000000000e-02 5.0000000000e-02 0.0000000000e+00 0.0000000000e+00 0.0000000000e+00 0.0000000000e+00 0.0000000000e+00 0.0000000000e+00 0.0000000000e+00 0.0000000000e+00 0.0000000000e+00 0.0000000000e+00 0.0000000000e+00 0.0000000000e+00 0.0000000000e+00 0.0000000000e+00 0.0000000000e+00 
1.6666666667e-03 4.0000000000e-03 7.5000000000e-03 1.3333333333e-02 2.5000000000e-02 6.0000000000e-02 0.0000000000e+00 0.0000000000e+00 0.0000000000e+00 0.0000000000e+00 0.0000000000e+00 0.0000000000e+00 0.0000000000e+00 0.0000000000e+00 0.0000000000e+00 0.0000000000e+00 0.0000000000e+00 0.0000000000e+00 0.0000000000e+00 0.0000000000e+00 
1.4285714286e-03 3.3333333333e-03 6.0000000000e-03 1.0000000000e-02 1.6666666667e-02 3.0000000000e-02 7.0000000000e-02 0.0000000000e+00 0.0000000000e+00 0.0000000000e+00 0.0000000000e+00 0.0000000000e+00 0.0000000000e+00 0.0000000000e+00 0.0000000000e+00 0.0000000000e+00 0.0000000000e+00 0.0000000000e+00 0.0000000000e+00 0.0000000000e+00 
1.2500000000e-03 2.8571428571e-03 5.0000000000e-03 8.0000000000e-03 1.2500000000e-02 2.0000000000e-02 3.5000000000e-02 8.0000000000e-02 0.0000000000e+00 0.0000000000e+00 0.0000000000e+00 0.0000000000e+00 0.0000000000e+00 0.0000000000e+00 0.0000000000e+00 0.0000000000e+00 0.0000000000e+00 0.0000000000e+00 0.0000000000e+00 0.0000000000e+00 
1.1111111111e-03 2.5000000000e-03 4.2857142857e-03 6.6666666667e-03 1.0000000000e-02 1.5000000000e-02 2.3333333333e-02 4.0000000000e-02 9.0000000000e-02 0.0000000000e+00 0.0000000000e+00 0.0000000000e+00 0.0000000000e+00 0.0000000000e+00 0.0000000000e+00 0.0000000000e+00 0.0000000000e+00 0.0000000000e+00 0.0000000000e+00 0.0000000000e+00 
1.0000000000e-03 2.2222222222e-03 3.7500000000e-03 5.7142857143e-03 8.3333333333e-03 1.2000000000e-02 1.7500000000e-02 2.6666666667e-02 4.5000000000e-02 1.0000000000e-01 0.0000000000e+00 0.0000000000e+00 0.0000000000e+00 0.0000000000e+00 0.0000000000e+00 0.0000000000e+00 0.0000000000e+00 0.0000000000e+00 0.0000000000e+00 0.0000000000e+00 
9.0909090909e-04 2.0000000000e-03 3.3333333333e-03 5.0000000000e-03 7.1428571429e-03 1.0000000000e-02 1.4000000000e-02 2.0000000000e-02 3.0000000000e-02 5.0000000000e-02 1.1000000000e-01 0.0000000000e+00 0.0000000000e+00 0.0000000000e+00 0.0000000000e+00 0.0000000000e+00 0.0000000000e+00 0.0000000000e+00 0.0000000000e+00 0.0000000000e+00 
8.3333333333e-04 1.8181818182e-03 3.0000000000e-03 4.4444444444e-03 6.2500000000e-03 8.5714285714e-03 1.1666666667e-02 1.6000000000e-02 2.2500000000e-02 3.3333333333e-02 5.5000000000e-02 1.2000000000e-01 0.0000000000e+00 0.0000000000e+00 0.0000000000e+00 0.0000000000e+00 0.0000000000e+00 0.0000000000e+00 0.0000000000e+00 0.0000000000e+00 
7.6923076923e-04 1.6666666667e-03 2.7272727273e-03 4.0000000000e-03 5.5555555556e-03 7.5000000000e-03 1.0000000000e-02 1.3333333333e-02 1.8000000000e-02 2.5000000000e-02 3.6666666667e-02 6.0000000000e-02 1.3000000000e-01 0.0000000000e+00 0.0000000000e+00 0.0000000000e+00 0.0000000000e+00 0.0000000000e+00 0.0000000000e+00 0.0000000000e+00 
7.1428571429e-04 1.5384615385e-03 2.5000000000e-03 3.6363636364e-03 5.0000000000e-03 6.6666666667e-03 8.7500000000e-03 1.1428571429e-02 1.5000000000e-02 2.0000000000e-02 2.7500000000e-02 4.0000000000e-02 6.5000000000e-02 1.4000000000e-01 0.0000000000e+00 0.0000000000e+00 0.0000000000e+00 0.0000000000e+00 0.0000000000e+00 0.0000000000e+00 
6.6666666667e-04 1.4285714286e-03 2.3076923077e-03 3.3333333333e-03 4.5454545455e-03 6.0000000000e-03 7.7777777778e-03 1.0000000000e-02 1.2857142857e-02 1.6666666667e-02 2.2000000000e-02 3.0000000000e-02 4.3333333333e-02 7.0000000000e-02 1.5000000000e-01 0.0000000000e+00 0.0000000000e+00 0.0000000000e+00 0.0000000000e+00 0.0000000000e+00 
6.2500000000e-04 1.3333333333e-03 2.1428571429e-03 3.0769230769e-03 4.1666666667e-03 5.4545454545e-03 7.0000000000e-03 8.8888888889e-03 1.1250000000e-02 1.4285714286e-02 1.8333333333e-02 2.4000000000e-02 3.2500000000e-02 4.6666666667e-02 7.5000000000e-02 1.6000000000e-01 0.0000000000e+00 0.0000000000e+00 0.0000000000e+00 0.0000000000e+00 
5.8823529412e-04 1.2500000000e-03 2.0000000000e-03 2.8571428571e-03 3.8461538462e-03 5.0000000000e-03 6.3636363636e-03 8.0000000000e-03 1.0000000000e-02 1.2500000000e-02 1.5714285714e-02 2.0000000000e-02 2.6000000000e-02 3.5000000000e-02 5.0000000000e-02 8.0000000000e-02 1.7000000000e-01 0.0000000000e+00 0.0000000000e+00 0.0000000000e+00 
5.5555555556e-04 1.1764705882e-03 1.8750000000e-03 2.6666666667e-03 3.5714285714e-03 4.6153846154e-03 5.8333333333e-03 7.2727272727e-03 9.0000000000e-03 1.1111111111e-02 1.3750000000e-02 1.7142857143e-02 2.1666666667e-02 2.8000000000e-02 3.7500000000e-02 5.3333333333e-02 8.5000000000e-02 1.8000000000e-01 0.0000000000e+00 0.0000000000e+00 
5.2631578947e-04 1.1111111111e-03 1.7647058824e-03 2.5000000000e-03 3.3333333333e-03 4.2857142857e-03 5.3846153846e-03 6.6666666667e-03 8.1818181818e-03 1.0000000000e-02 1.2222222222e-02 1.5000000000e-02 1.8571428571e-02 2.3333333333e-02 3.0000000000e-02 4.0000000000e-02 5.6666666667e-02 9.0000000000e-02 1.9000000000e-01 0.0000000000e+00 
5.0000000000e-04 1.0526315789e-03 1.6666666667e-03 2.3529411765e-03 3.1250000000e-03 4.0000000000e-03 5.0000000000e-03 6.1538461538e-03 7.5000000000e-03 9.0909090909e-03 1.1000000000e-02 1.3333333333e-02 1.6250000000e-02 2.0000000000e-02 2.5000000000e-02 3.2000000000e-02 4.2500000000e-02 6.0000000000e-02 9.5000000000e-02 2.0000000000e-01 
//Sigma Espalhamento 1 g'g (g linha; g' coluna)
6.9000000000e-03 0.0000000000e+00 0.0000000000e+00 0.0000000000e+00 0.0000000000e+00 0.0000000000e+00 0.0000000000e+00 0.0000000000e+00 0.0000000000e+00 0.0000000000e+00 0.0000000000e+00 0.0000000000e+00 0.0000000000e+00 0.0000000000e+00 0.0000000000e+00 0.0000000000e+00 0.0000000000e+00 0.0000000000e+00 0.0000000000e+00 0.0000000000e+00 
3.4250000000e-03 1.3600000000e-02 0.0000000000e+00 0.0000000000e+00 0.0000000000e+00 0.0000000000e+00 0.0000000000e+00 0.0000000000e+00 0.0000000000e+00 0.0000000000e+00 0.0000000000e+00 0.0000000000e+00 0.0000000000e+00 0.0000000000e+00 0.0000000000e+00 0.0000000000e+00 0.0000000000e+00 0.0000000000e+00 0.0000000000e+00 0.0000000000e+00 
2.2666666667e-03 6.7500000000e-03 2.0100000000e-02 0.0000000000e+00 0.0000000000e+00 0.0000000000e+00 0.0000000000e+00 0.0000000000e+00 0.0000000000e+00 0.0000000000e+00 0.0000000000e+00 0.0000000000e+00 0.0000000000e+00 0.0000000000e+00 0.0000000000e+00 0.0000000000e+00 0.0000000000e+00 0.0000000000e+00 0.0000000000e+00 0.0000000000e+00 
1.6875000000e-03 4.4666666667e-03 9.9750000000e-03 2.6400000000e-02 0.0000000000e+00 0.0000000000e+00 0.0000000000e+00 0.0000000000e+00 0.0000000000e+00 0.0000000000e+00 0.0000000000e+00 0.0000000000e+00 0.0000000000e+00 0.0000000000e+00 0.0000000000e+00 0.0000000000e+00 0.0000000000e+00 0.0000000000e+00 0.0000000000e+00 0.0000000000e+00 
1.3400000000e-03 3.3250000000e-03 6.6000000000e-03 1.3100000000e-02 3.2500000000e-02 0.0000000000e+00 0.0000000000e+00 0.0000000000e+00 0.0000000000e+00 0.0000000000e+00 0.0000000000e+00 0.0000000000e+00 0.0000000000e+00 0.0000000000e+00 0.0000000000e+00 0.0000000000e+00 0.0000000000e+00 0.0000000000e+00 0.0000000000e+00 0.0000000000e+00 
1.1083333333e-03 2.6400000000e-03 4.9125000000e-03 8.6666666667e-03 1.6125000000e-02 3.8400000000e-02 0.0000000000e+00 0.0000000000e+00 0.0000000000e+00 0.0000000000e+00 0.0000000000e+00 0.0000000000e+00 0.0000000000e+00 0.0000000000e+00 0.0000000000e+00 0.0000000000e+00 0.0000000000e+00 0.0000000000e+00 0.0000000000e+00 0.0000000000e+00 
9.4285714286e-04 2.1833333333e-03 3.9000000000e-03 6.4500000000e-03 1.0666666667e-02 1.9050000000e-02 4.4100000000e-02 0.0000000000e+00 0.0000000000e+00 0.0000000000e+00 0.0000000000e+00 0.0000000000e+00 0.0000000000e+00 0.0000000000e+00 0.0000000000e+00 0.0000000000e+00 0.0000000000e+00 0.0000000000e+00 0.0000000000e+00 0.0000000000e+00 
8.1875000000e-04 1.8571428571e-03 3.2250000000e-03 5.1200000000e-03 7.9375000000e-03 1.2600000000e-02 2.1875000000e-02 4.9600000000e-02 0.0000000000e+00 0.0000000000e+00 0.0000000000e+00 0.0000000000e+00 0.0000000000e+00 0.0000000000e+00 0.0000000000e+00 0.0000000000e+00 0.0000000000e+00 0.0000000000e+00 0.0000000000e+00 0.0000000000e+00 
7.2222222222e-04 1.6125000000e-03 2.7428571429e-03 4.2333333333e-03 6.3000000000e-03 9.3750000000e-03 1.4466666667e-02 2.4600000000e-02 5.4900000000e-02 0.0000000000e+00 0.0000000000e+00 0.0000000000e+00 0.0000000000e+00 0.0000000000e+00 0.0000000000e+00 0.0000000000e+00 0.0000000000e+00 0.0000000000e+00 0.0000000000e+00 0.0000000000e+00 
6.4500000000e-04 1.4222222222e-03 2.3812500000e-03 3.6000000000e-03 5.2083333333e-03 7.4400000000e-03 1.0762500000e-02 1.6266666667e-02 2.7225000000e-02 6.0000000000e-02 0.0000000000e+00 0.0000000000e+00 0.0000000000e+00 0.0000000000e+00 0.0000000000e+00 0.0000000000e+00 0.0000000000e+00 0.0000000000e+00 0.0000000000e+00 0.0000000000e+00 
5.8181818182e-04 1.2700000000e-03 2.1000000000e-03 3.1250000000e-03 4.4285714286e-03 6.1500000000e-03 8.5400000000e-03 1.2100000000e-02 1.8000000000e-02 2.9750000000e-02 6.4900000000e-02 0.0000000000e+00 0.0000000000e+00 0.0000000000e+00 0.0000000000e+00 0.0000000000e+00 0.0000000000e+00 0.0000000000e+00 0.0000000000e+00 0.0000000000e+00 
5.2916666667e-04 1.1454545455e-03 1.8750000000e-03 2.7555555556e-03 3.8437500000e-03 5.2285714286e-03 7.0583333333e-03 9.6000000000e-03 1.3387500000e-02 1.9666666667e-02 3.2175000000e-02 6.9600000000e-02 0.0000000000e+00 0.0000000000e+00 0.0000000000e+00 0.0000000000e+00 0.0000000000e+00 0.0000000000e+00 0.0000000000e+00 0.0000000000e+00 
4.8461538462e-04 1.0416666667e-03 1.6909090909e-03 2.4600000000e-03 3.3888888889e-03 4.5375000000e-03 6.0000000000e-03 7.9333333333e-03 1.0620000000e-02 1.4625000000e-02 2.1266666667e-02 3.4500000000e-02 7.4100000000e-02 0.0000000000e+00 0.0000000000e+00 0.0000000000e+00 0.0000000000e+00 0.0000000000e+00 0.0000000000e+00 0.0000000000e+00 
4.4642857143e-04 9.5384615385e-04 1.5375000000e-03 2.2181818182e-03 3.0250000000e-03 4.0000000000e-03 5.2062500000e-03 6.7428571429e-03 8.7750000000e-03 1.1600000000e-02 1.5812500000e-02 2.2800000000e-02 3.6725000000e-02 7.8400000000e-02 0.0000000000e+00 0.0000000000e+00 0.0000000000e+00 0.0000000000e+00 0.0000000000e+00 0.0000000000e+00 
4.1333333333e-04 8.7857142857e-04 1.4076923077e-03 2.0166666667e-03 2.7272727273e-03 3.5700000000e-03 4.5888888889e-03 5.8500000000e-03 7.4571428571e-03 9.5833333333e-03 1.2540000000e-02 1.6950000000e-02 2.4266666667e-02 3.8850000000e-02 8.2500000000e-02 0.0000000000e+00 0.0000000000e+00 0.0000000000e+00 0.0000000000e+00 0.0000000000e+00 
3.8437500000e-04 8.1333333333e-04 1.2964285714e-03 1.8461538462e-03 2.4791666667e-03 3.2181818182e-03 4.0950000000e-03 5.1555555556e-03 6.4687500000e-03 8.1428571429e-03 1.0358333333e-02 1.3440000000e-02 1.8037500000e-02 2.5666666667e-02 4.0875000000e-02 8.6400000000e-02 0.0000000000e+00 0.0000000000e+00 0.0000000000e+00 0.0000000000e+00 
3.5882352941e-04 7.5625000000e-04 1.2000000000e-03 1.7000000000e-03 2.2692307692e-03 2.9250000000e-03 3.6909090909e-03 4.6000000000e-03 5.7000000000e-03 7.0625000000e-03 8.8000000000e-03 1.1100000000e-02 1.4300000000e-02 1.9075000000e-02 2.7000000000e-02 4.2800000000e-02 9.0100000000e-02 0.0000000000e+00 0.0000000000e+00 0.0000000000e+00 
3.3611111111e-04 7.0588235294e-04 1.1156250000e-03 1.5733333333e-03 2.0892857143e-03 2.6769230769e-03 3.3541666667e-03 4.1454545455e-03 5.0850000000e-03 6.2222222222e-03 7.6312500000e-03 9.4285714286e-03 1.1808333333e-02 1.5120000000e-02 2.0062500000e-02 2.8266666667e-02 4.4625000000e-02 9.3600000000e-02 0.0000000000e+00 0.0000000000e+00 
3.1578947368e-04 6.6111111111e-04 1.0411764706e-03 1.4625000000e-03 1.9333333333e-03 2.4642857143e-03 3.0692307692e-03 3.7666666667e-03 4.5818181818e-03 5.5500000000e-03 6.7222222222e-03 8.1750000000e-03 1.0028571429e-02 1.2483333333e-02 1.5900000000e-02 2.1000000000e-02 2.9466666667e-02 4.6350000000e-02 9.6900000000e-02 0.0000000000e+00 
2.9750000000e-04 6.2105263158e-04 9.7500000000e-04 1.3647058824e-03 1.7968750000e-03 2.2800000000e-03 2.8250000000e-03 3.4461538462e-03 4.1625000000e-03 5.0000000000e-03 5.9950000000e-03 7.2000000000e-03 8.6937500000e-03 1.0600000000e-02 1.3125000000e-02 1.6640000000e-02 2.1887500000e-02 3.0600000000e-02 4.7975000000e-02 1.0000000000e-01 
//Sigma Espalhamento 2 g'g (g linha; g' coluna)
4.7610000000e-03 0.0000000000e+00 0.0000000000e+00 0.0000000000e+00 0.0000000000e+00 0.0000000000e+00 0.0000000000e+00 0.0000000000e+00 0.0000000000e+00 0.0000000000e+00 0.0000000000e+00 0.0000000000e+00 0.0000000000e+00 0.0000000000e+00 0.0000000000e+00 0.0000000000e+00 0.0000000000e+00 0.0000000000e+00 0.0000000000e+00 0.0000000000e+00 
2.3461250000e-03 9.2480000000e-03 0.0000000000e+00 0.0000000000e+00 0.0000000000e+00 0.0000000000e+00 0.0000000000e+00 0.0000000000e+00 0.0000000000e+00 0.0000000000e+00 0.0000000000e+00 0.0000000000e+00 0.0000000000e+00 0.0000000000e+00 0.0000000000e+00 0.0000000000e+00 0.0000000000e+00 0.0000000000e+00 0.0000000000e+00 0.0000000000e+00 
1.5413333333e-03 4.5562500000e-03 1.3467000000e-02 0.0000000000e+00 0.0000000000e+00 0.0000000000e+00 0.0000000000e+00 0.0000000000e+00 0.0000000000e+00 0.0000000000e+00 0.0000000000e+00 0.0000000000e+00 0.0000000000e+00 0.0000000000e+00 0.0000000000e+00 0.0000000000e+00 0.0000000000e+00 0.0000000000e+00 0.0000000000e+00 0.0000000000e+00 
1.1390625000e-03 2.9926666667e-03 6.6333750000e-03 1.7424000000e-02 0.0000000000e+00 0.0000000000e+00 0.0000000000e+00 0.0000000000e+00 0.0000000000e+00 0.0000000000e+00 0.0000000000e+00 0.0000000000e+00 0.0000000000e+00 0.0000000000e+00 0.0000000000e+00 0.0000000000e+00 0.0000000000e+00 0.0000000000e+00 0.0000000000e+00 0.0000000000e+00 
8.9780000000e-04 2.2111250000e-03 4.3560000000e-03 8.5805000000e-03 2.1125000000e-02 0.0000000000e+00 0.0000000000e+00 0.0000000000e+00 0.0000000000e+00 0.0000000000e+00 0.0000000000e+00 0.0000000000e+00 0.0000000000e+00 0.0000000000e+00 0.0000000000e+00 0.0000000000e+00 0.0000000000e+00 0.0000000000e+00 0.0000000000e+00 0.0000000000e+00 
7.3704166667e-04 1.7424000000e-03 3.2176875000e-03 5.6333333333e-03 1.0400625000e-02 2.4576000000e-02 0.0000000000e+00 0.0000000000e+00 0.0000000000e+00 0.0000000000e+00 0.0000000000e+00 0.0000000000e+00 0.0000000000e+00 0.0000000000e+00 0.0000000000e+00 0.0000000000e+00 0.0000000000e+00 0.0000000000e+00 0.0000000000e+00 0.0000000000e+00 
6.2228571429e-04 1.4300833333e-03 2.5350000000e-03 4.1602500000e-03 6.8266666667e-03 1.2096750000e-02 2.7783000000e-02 0.0000000000e+00 0.0000000000e+00 0.0000000000e+00 0.0000000000e+00 0.0000000000e+00 0.0000000000e+00 0.0000000000e+00 0.0000000000e+00 0.0000000000e+00 0.0000000000e+00 0.0000000000e+00 0.0000000000e+00 0.0000000000e+00 
5.3628125000e-04 1.2071428571e-03 2.0801250000e-03 3.2768000000e-03 5.0403125000e-03 7.9380000000e-03 1.3671875000e-02 3.0752000000e-02 0.0000000000e+00 0.0000000000e+00 0.0000000000e+00 0.0000000000e+00 0.0000000000e+00 0.0000000000e+00 0.0000000000e+00 0.0000000000e+00 0.0000000000e+00 0.0000000000e+00 0.0000000000e+00 0.0000000000e+00 
4.6944444444e-04 1.0400625000e-03 1.7554285714e-03 2.6881666667e-03 3.9690000000e-03 5.8593750000e-03 8.9693333333e-03 1.5129000000e-02 3.3489000000e-02 0.0000000000e+00 0.0000000000e+00 0.0000000000e+00 0.0000000000e+00 0.0000000000e+00 0.0000000000e+00 0.0000000000e+00 0.0000000000e+00 0.0000000000e+00 0.0000000000e+00 0.0000000000e+00 
4.1602500000e-04 9.1022222222e-04 1.5120937500e-03 2.2680000000e-03 3.2552083333e-03 4.6128000000e-03 6.6189375000e-03 9.9226666667e-03 1.6471125000e-02 3.6000000000e-02 0.0000000000e+00 0.0000000000e+00 0.0000000000e+00 0.0000000000e+00 0.0000000000e+00 0.0000000000e+00 0.0000000000e+00 0.0000000000e+00 0.0000000000e+00 0.0000000000e+00 
3.7236363636e-04 8.0645000000e-04 1.3230000000e-03 1.9531250000e-03 2.7457142857e-03 3.7822500000e-03 5.2094000000e-03 7.3205000000e-03 1.0800000000e-02 1.7701250000e-02 3.8291000000e-02 0.0000000000e+00 0.0000000000e+00 0.0000000000e+00 0.0000000000e+00 0.0000000000e+00 0.0000000000e+00 0.0000000000e+00 0.0000000000e+00 0.0000000000e+00 
3.3602083333e-04 7.2163636364e-04 1.1718750000e-03 1.7084444444e-03 2.3639062500e-03 3.1894285714e-03 4.2702916667e-03 5.7600000000e-03 7.9655625000e-03 1.1603333333e-02 1.8822375000e-02 4.0368000000e-02 0.0000000000e+00 0.0000000000e+00 0.0000000000e+00 0.0000000000e+00 0.0000000000e+00 0.0000000000e+00 0.0000000000e+00 0.0000000000e+00 
3.0530769231e-04 6.5104166667e-04 1.0483636364e-03 1.5129000000e-03 2.0672222222e-03 2.7451875000e-03 3.6000000000e-03 4.7203333333e-03 6.2658000000e-03 8.5556250000e-03 1.2334666667e-02 1.9837500000e-02 4.2237000000e-02 0.0000000000e+00 0.0000000000e+00 0.0000000000e+00 0.0000000000e+00 0.0000000000e+00 0.0000000000e+00 0.0000000000e+00 
2.7901785714e-04 5.9138461538e-04 9.4556250000e-04 1.3530909091e-03 1.8301250000e-03 2.4000000000e-03 3.0977187500e-03 3.9782857143e-03 5.1333750000e-03 6.7280000000e-03 9.0921875000e-03 1.2996000000e-02 2.0749625000e-02 4.3904000000e-02 0.0000000000e+00 0.0000000000e+00 0.0000000000e+00 0.0000000000e+00 0.0000000000e+00 0.0000000000e+00 
2.5626666667e-04 5.4032142857e-04 8.5869230769e-04 1.2200833333e-03 1.6363636364e-03 2.1241500000e-03 2.7074444444e-03 3.4222500000e-03 4.3251428571e-03 5.5104166667e-03 7.1478000000e-03 9.5767500000e-03 1.3589333333e-02 2.1561750000e-02 4.5375000000e-02 0.0000000000e+00 0.0000000000e+00 0.0000000000e+00 0.0000000000e+00 0.0000000000e+00 
2.3639062500e-04 4.9613333333e-04 7.8433928571e-04 1.1076923077e-03 1.4751041667e-03 1.8987272727e-03 2.3955750000e-03 2.9902222222e-03 3.7195312500e-03 4.6414285714e-03 5.8524583333e-03 7.5264000000e-03 1.0010812500e-02 1.4116666667e-02 2.2276875000e-02 4.6656000000e-02 0.0000000000e+00 0.0000000000e+00 0.0000000000e+00 0.0000000000e+00 
2.1888235294e-04 4.5753125000e-04 7.2000000000e-04 1.0115000000e-03 1.3388461538e-03 1.7111250000e-03 2.1407272727e-03 2.6450000000e-03 3.2490000000e-03 3.9903125000e-03 4.9280000000e-03 6.1605000000e-03 7.8650000000e-03 1.0395875000e-02 1.4580000000e-02 2.2898000000e-02 4.7753000000e-02 0.0000000000e+00 0.0000000000e+00 0.0000000000e+00 
2.0334722222e-04 4.2352941176e-04 6.6379687500e-04 9.2826666667e-04 1.2222321429e-03 1.5526153846e-03 1.9286458333e-03 2.3629090909e-03 2.8730250000e-03 3.4844444444e-03 4.2353437500e-03 5.1857142857e-03 6.4355416667e-03 8.1648000000e-03 1.0733437500e-02 1.4981333333e-02 2.3428125000e-02 4.8672000000e-02 0.0000000000e+00 0.0000000000e+00 
1.8947368421e-04 3.9336111111e-04 6.1429411765e-04 8.5556250000e-04 1.1213333333e-03 1.4169642857e-03 1.7494615385e-03 2.1281666667e-03 2.5658181818e-03 3.0802500000e-03 3.6972222222e-03 4.4553750000e-03 5.4154285714e-03 6.6785833333e-03 8.4270000000e-03 1.1025000000e-02 1.5322666667e-02 2.3870250000e-02 4.9419000000e-02 0.0000000000e+00 
1.7701250000e-04 3.6642105263e-04 5.7037500000e-04 7.9152941176e-04 1.0332031250e-03 1.2996000000e-03 1.5961250000e-03 1.9298461538e-03 2.3101875000e-03 2.7500000000e-03 3.2672750000e-03 3.8880000000e-03 4.6511562500e-03 5.6180000000e-03 6.8906250000e-03 8.6528000000e-03 1.1272062500e-02 1.5606000000e-02 2.4227375000e-02 5.0000000000e-02 
//Sigma Espalhamento 3 g'g (g linha; g' coluna)
3.2850900000e-03 0.0000000000e+00 0.0000000000e+00 0.0000000000e+00 0.0000000000e+00 0.0000000000e+00 0.0000000000e+00 0.0000000000e+00 0.0000000000e+00 0.0000000000e+00 0.0000000000e+00 0.0000000000e+00 0.0000000000e+00 0.0000000000e+00 0.0000000000e+00 0.0000000000e+00 0.0000000000e+00 0.0000000000e+00 0.0000000000e+00 0.0000000000e+00 
1.6070956250e-03 6.2886400000e-03 0.0000000000e+00 0.0000000000e+00 0.0000000000e+00 0.0000000000e+00 0.0000000000e+00 0.0000000000e+00 0.0000000000e+00 0.0000000000e+00 0.0000000000e+00 0.0000000000e+00 0.0000000000e+00 0.0000000000e+00 0.0000000000e+00 0.0000000000e+00 0.0000000000e+00 0.0000000000e+00 0.0000000000e+00 0.0000000000e+00 
1.0481066667e-03 3.0754687500e-03 9.0228900000e-03 0.0000000000e+00 0.0000000000e+00 0.0000000000e+00 0.0000000000e+00 0.0000000000e+00 0.0000000000e+00 0.0000000000e+00 0.0000000000e+00 0.0000000000e+00 0.0000000000e+00 0.0000000000e+00 0.0000000000e+00 0.0000000000e+00 0.0000000000e+00 0.0000000000e+00 0.0000000000e+00 0.0000000000e+00 
7.6886718750e-04 2.0050866667e-03 4.4111943750e-03 1.1499840000e-02 0.0000000000e+00 0.0000000000e+00 0.0000000000e+00 0.0000000000e+00 0.0000000000e+00 0.0000000000e+00 0.0000000000e+00 0.0000000000e+00 0.0000000000e+00 0.0000000000e+00 0.0000000000e+00 0.0000000000e+00 0.0000000000e+00 0.0000000000e+00 0.0000000000e+00 0.0000000000e+00 
6.0152600000e-04 1.4703981250e-03 2.8749600000e-03 5.6202275000e-03 1.3731250000e-02 0.0000000000e+00 0.0000000000e+00 0.0000000000e+00 0.0000000000e+00 0.0000000000e+00 0.0000000000e+00 0.0000000000e+00 0.0000000000e+00 0.0000000000e+00 0.0000000000e+00 0.0000000000e+00 0.0000000000e+00 0.0000000000e+00 0.0000000000e+00 0.0000000000e+00 
4.9013270833e-04 1.1499840000e-03 2.1075853125e-03 3.6616666667e-03 6.7084031250e-03 1.5728640000e-02 0.0000000000e+00 0.0000000000e+00 0.0000000000e+00 0.0000000000e+00 0.0000000000e+00 0.0000000000e+00 0.0000000000e+00 0.0000000000e+00 0.0000000000e+00 0.0000000000e+00 0.0000000000e+00 0.0000000000e+00 0.0000000000e+00 0.0000000000e+00 
4.1070857143e-04 9.3670458333e-04 1.6477500000e-03 2.6833612500e-03 4.3690666667e-03 7.6814362500e-03 1.7503290000e-02 0.0000000000e+00 0.0000000000e+00 0.0000000000e+00 0.0000000000e+00 0.0000000000e+00 0.0000000000e+00 0.0000000000e+00 0.0000000000e+00 0.0000000000e+00 0.0000000000e+00 0.0000000000e+00 0.0000000000e+00 0.0000000000e+00 
3.5126421875e-04 7.8464285714e-04 1.3416806250e-03 2.0971520000e-03 3.2005984375e-03 5.0009400000e-03 8.5449218750e-03 1.9066240000e-02 0.0000000000e+00 0.0000000000e+00 0.0000000000e+00 0.0000000000e+00 0.0000000000e+00 0.0000000000e+00 0.0000000000e+00 0.0000000000e+00 0.0000000000e+00 0.0000000000e+00 0.0000000000e+00 0.0000000000e+00 
3.0513888889e-04 6.7084031250e-04 1.1234742857e-03 1.7069858333e-03 2.5004700000e-03 3.6621093750e-03 5.5609866667e-03 9.3043350000e-03 2.0428290000e-02 0.0000000000e+00 0.0000000000e+00 0.0000000000e+00 0.0000000000e+00 0.0000000000e+00 0.0000000000e+00 0.0000000000e+00 0.0000000000e+00 0.0000000000e+00 0.0000000000e+00 0.0000000000e+00 
2.6833612500e-04 5.8254222222e-04 9.6017953125e-04 1.4288400000e-03 2.0345052083e-03 2.8599360000e-03 4.0706465625e-03 6.0528266667e-03 9.9650306250e-03 2.1600000000e-02 0.0000000000e+00 0.0000000000e+00 0.0000000000e+00 0.0000000000e+00 0.0000000000e+00 0.0000000000e+00 0.0000000000e+00 0.0000000000e+00 0.0000000000e+00 0.0000000000e+00 
2.3831272727e-04 5.1209575000e-04 8.3349000000e-04 1.2207031250e-03 1.7023428571e-03 2.3260837500e-03 3.1777340000e-03 4.4289025000e-03 6.4800000000e-03 1.0532243750e-02 2.2591690000e-02 0.0000000000e+00 0.0000000000e+00 0.0000000000e+00 0.0000000000e+00 0.0000000000e+00 0.0000000000e+00 0.0000000000e+00 0.0000000000e+00 0.0000000000e+00 
2.1337322917e-04 4.5463090909e-04 7.3242187500e-04 1.0592355556e-03 1.4538023437e-03 1.9455514286e-03 2.5835264583e-03 3.4560000000e-03 4.7395096875e-03 6.8459666667e-03 1.1011089375e-02 2.3413440000e-02 0.0000000000e+00 0.0000000000e+00 0.0000000000e+00 0.0000000000e+00 0.0000000000e+00 0.0000000000e+00 0.0000000000e+00 0.0000000000e+00 
1.9234384615e-04 4.0690104167e-04 6.4998545455e-04 9.3043350000e-04 1.2610055556e-03 1.6608384375e-03 2.1600000000e-03 2.8085983333e-03 3.6968220000e-03 5.0050406250e-03 7.1541066667e-03 1.1406562500e-02 2.4075090000e-02 0.0000000000e+00 0.0000000000e+00 0.0000000000e+00 0.0000000000e+00 0.0000000000e+00 0.0000000000e+00 0.0000000000e+00 
1.7438616071e-04 3.6665846154e-04 5.8152093750e-04 8.2538545455e-04 1.1072256250e-03 1.4400000000e-03 1.8431426562e-03 2.3471885714e-03 3.0030243750e-03 3.9022400000e-03 5.2280078125e-03 7.4077200000e-03 1.1723538125e-02 2.4586240000e-02 0.0000000000e+00 0.0000000000e+00 0.0000000000e+00 0.0000000000e+00 0.0000000000e+00 0.0000000000e+00 
1.5888533333e-04 3.3229767857e-04 5.2380230769e-04 7.3815041667e-04 9.8181818182e-04 1.2638692500e-03 1.5973922222e-03 2.0020162500e-03 2.5085828571e-03 3.1684895833e-03 4.0742460000e-03 5.4108637500e-03 7.6100266667e-03 1.1966771250e-02 2.4956250000e-02 0.0000000000e+00 0.0000000000e+00 0.0000000000e+00 0.0000000000e+00 0.0000000000e+00 
1.4538023437e-04 3.0264133333e-04 4.7452526786e-04 6.6461538462e-04 8.7768697917e-04 1.1202490909e-03 1.4014113750e-03 1.7343288889e-03 2.1387304687e-03 2.6456142857e-03 3.3066389583e-03 4.2147840000e-03 5.5560009375e-03 7.7641666667e-03 1.2140896875e-02 2.5194240000e-02 0.0000000000e+00 0.0000000000e+00 0.0000000000e+00 0.0000000000e+00 
1.3351823529e-04 2.7680640625e-04 4.3200000000e-04 6.0184250000e-04 7.8991923077e-04 1.0010081250e-03 1.2416218182e-03 1.5208750000e-03 1.8519300000e-03 2.2545265625e-03 2.7596800000e-03 3.4190775000e-03 4.3257500000e-03 5.6657518750e-03 7.8732000000e-03 1.2250430000e-02 2.5309090000e-02 0.0000000000e+00 0.0000000000e+00 0.0000000000e+00 
1.2302506944e-04 2.5411764706e-04 3.9495914062e-04 5.4767733333e-04 7.1500580357e-04 9.0051692308e-04 1.1089713542e-03 1.3468581818e-03 1.6232591250e-03 1.9512888889e-03 2.3506157812e-03 2.8521428571e-03 3.5073702083e-03 4.4089920000e-03 5.7423890625e-03 7.9401066667e-03 1.2299765625e-02 2.5309440000e-02 0.0000000000e+00 0.0000000000e+00 
1.1368421053e-04 2.3404986111e-04 3.6243352941e-04 5.0050406250e-04 6.5037333333e-04 8.1475446429e-04 9.9719307692e-04 1.2024141667e-03 1.4368581818e-03 1.7095387500e-03 2.0334722222e-03 2.4281793750e-03 2.9243314286e-03 3.5730420833e-03 4.4663100000e-03 5.7881250000e-03 7.9677866667e-03 1.2293178750e-02 2.5203690000e-02 0.0000000000e+00 
1.0532243750e-04 2.1618842105e-04 3.3366937500e-04 4.5908705882e-04 5.9409179687e-04 7.4077200000e-04 9.0181062500e-04 1.0807138462e-03 1.2821540625e-03 1.5125000000e-03 1.7806648750e-03 2.0995200000e-03 2.4883685937e-03 2.9775400000e-03 3.6175781250e-03 4.4994560000e-03 5.8051121875e-03 7.9590600000e-03 1.2234824375e-02 2.5000000000e-02 
//Sigma Espalhamento 4 g'g (g linha; g' coluna)
2.2667121000e-03 0.0000000000e+00 0.0000000000e+00 0.0000000000e+00 0.0000000000e+00 0.0000000000e+00 0.0000000000e+00 0.0000000000e+00 0.0000000000e+00 0.0000000000e+00 0.0000000000e+00 0.0000000000e+00 0.0000000000e+00 0.0000000000e+00 0.0000000000e+00 0.0000000000e+00 0.0000000000e+00 0.0000000000e+00 0.0000000000e+00 0.0000000000e+00 
1.1008605031e-03 4.2762752000e-03 0.0000000000e+00 0.0000000000e+00 0.0000000000e+00 0.0000000000e+00 0.0000000000e+00 0.0000000000e+00 0.0000000000e+00 0.0000000000e+00 0.0000000000e+00 0.0000000000e+00 0.0000000000e+00 0.0000000000e+00 0.0000000000e+00 0.0000000000e+00 0.0000000000e+00 0.0000000000e+00 0.0000000000e+00 0.0000000000e+00 
7.1271253333e-04 2.0759414062e-03 6.0453363000e-03 0.0000000000e+00 0.0000000000e+00 0.0000000000e+00 0.0000000000e+00 0.0000000000e+00 0.0000000000e+00 0.0000000000e+00 0.0000000000e+00 0.0000000000e+00 0.0000000000e+00 0.0000000000e+00 0.0000000000e+00 0.0000000000e+00 0.0000000000e+00 0.0000000000e+00 0.0000000000e+00 0.0000000000e+00 
5.1898535156e-04 1.3434080667e-03 2.9334442594e-03 7.5898944000e-03 0.0000000000e+00 0.0000000000e+00 0.0000000000e+00 0.0000000000e+00 0.0000000000e+00 0.0000000000e+00 0.0000000000e+00 0.0000000000e+00 0.0000000000e+00 0.0000000000e+00 0.0000000000e+00 0.0000000000e+00 0.0000000000e+00 0.0000000000e+00 0.0000000000e+00 0.0000000000e+00 
4.0302242000e-04 9.7781475312e-04 1.8974736000e-03 3.6812490125e-03 8.9253125000e-03 0.0000000000e+00 0.0000000000e+00 0.0000000000e+00 0.0000000000e+00 0.0000000000e+00 0.0000000000e+00 0.0000000000e+00 0.0000000000e+00 0.0000000000e+00 0.0000000000e+00 0.0000000000e+00 0.0000000000e+00 0.0000000000e+00 0.0000000000e+00 0.0000000000e+00 
3.2593825104e-04 7.5898944000e-04 1.3804683797e-03 2.3800833333e-03 4.3269200156e-03 1.0066329600e-02 0.0000000000e+00 0.0000000000e+00 0.0000000000e+00 0.0000000000e+00 0.0000000000e+00 0.0000000000e+00 0.0000000000e+00 0.0000000000e+00 0.0000000000e+00 0.0000000000e+00 0.0000000000e+00 0.0000000000e+00 0.0000000000e+00 0.0000000000e+00 
2.7106765714e-04 6.1354150208e-04 1.0710375000e-03 1.7307680062e-03 2.7962026667e-03 4.8777120188e-03 1.1027072700e-02 0.0000000000e+00 0.0000000000e+00 0.0000000000e+00 0.0000000000e+00 0.0000000000e+00 0.0000000000e+00 0.0000000000e+00 0.0000000000e+00 0.0000000000e+00 0.0000000000e+00 0.0000000000e+00 0.0000000000e+00 0.0000000000e+00 
2.3007806328e-04 5.1001785714e-04 8.6538400312e-04 1.3421772800e-03 2.0323800078e-03 3.1505922000e-03 5.3405761719e-03 1.1821068800e-02 0.0000000000e+00 0.0000000000e+00 0.0000000000e+00 0.0000000000e+00 0.0000000000e+00 0.0000000000e+00 0.0000000000e+00 0.0000000000e+00 0.0000000000e+00 0.0000000000e+00 0.0000000000e+00 0.0000000000e+00 
1.9834027778e-04 4.3269200156e-04 7.1902354286e-04 1.0839360042e-03 1.5752961000e-03 2.2888183594e-03 3.4478117333e-03 5.7221660250e-03 1.2461256900e-02 0.0000000000e+00 0.0000000000e+00 0.0000000000e+00 0.0000000000e+00 0.0000000000e+00 0.0000000000e+00 0.0000000000e+00 0.0000000000e+00 0.0000000000e+00 0.0000000000e+00 0.0000000000e+00 
1.7307680062e-04 3.7282702222e-04 6.0971400234e-04 9.0016920000e-04 1.2715657552e-03 1.7731603200e-03 2.5034476359e-03 3.6922242667e-03 6.0288435281e-03 1.2960000000e-02 0.0000000000e+00 0.0000000000e+00 0.0000000000e+00 0.0000000000e+00 0.0000000000e+00 0.0000000000e+00 0.0000000000e+00 0.0000000000e+00 0.0000000000e+00 0.0000000000e+00 
1.5252014545e-04 3.2518080125e-04 5.2509870000e-04 7.6293945312e-04 1.0554525714e-03 1.4305415062e-03 1.9384177400e-03 2.6794860125e-03 3.8880000000e-03 6.2666850313e-03 1.3329097100e-02 0.0000000000e+00 0.0000000000e+00 0.0000000000e+00 0.0000000000e+00 0.0000000000e+00 0.0000000000e+00 0.0000000000e+00 0.0000000000e+00 0.0000000000e+00 
1.3549200052e-04 2.8641747273e-04 4.5776367188e-04 6.5672604444e-04 8.9408844141e-04 1.1867863714e-03 1.5630335073e-03 2.0736000000e-03 2.8200082641e-03 4.0391203333e-03 6.4414872844e-03 1.3579795200e-02 0.0000000000e+00 0.0000000000e+00 0.0000000000e+00 0.0000000000e+00 0.0000000000e+00 0.0000000000e+00 0.0000000000e+00 0.0000000000e+00 
1.2117662308e-04 2.5431315104e-04 4.0299098182e-04 5.7221660250e-04 7.6921338889e-04 1.0048072547e-03 1.2960000000e-03 1.6711160083e-03 2.1811249800e-03 2.9279487656e-03 4.1493818667e-03 6.5587734375e-03 1.3722801300e-02 0.0000000000e+00 0.0000000000e+00 0.0000000000e+00 0.0000000000e+00 0.0000000000e+00 0.0000000000e+00 0.0000000000e+00 
1.0899135045e-04 2.2732824615e-04 3.5763537656e-04 5.0348512727e-04 6.6987150312e-04 8.6400000000e-04 1.0966698805e-03 1.3848412571e-03 1.7567692594e-03 2.2632992000e-03 3.0061044922e-03 4.2224004000e-03 6.6237990406e-03 1.3768294400e-02 0.0000000000e+00 0.0000000000e+00 0.0000000000e+00 0.0000000000e+00 0.0000000000e+00 0.0000000000e+00 
9.8508906667e-05 2.0436307232e-04 3.1951940769e-04 4.4658100208e-04 5.8909090909e-04 7.5200220375e-04 9.4246141111e-04 1.1711795062e-03 1.4549780571e-03 1.8218815104e-03 2.3223202200e-03 3.0571380187e-03 4.2616149333e-03 6.6415580437e-03 1.3725937500e-02 0.0000000000e+00 0.0000000000e+00 0.0000000000e+00 0.0000000000e+00 0.0000000000e+00 
8.9408844141e-05 1.8461121333e-04 2.8708778705e-04 3.9876923077e-04 5.2222375260e-04 6.6094696364e-04 8.1982565437e-04 1.0059107556e-03 1.2297700195e-03 1.5080001429e-03 1.8682510115e-03 2.3602790400e-03 3.0835805203e-03 4.2702916667e-03 6.6167887969e-03 1.3604889600e-02 0.0000000000e+00 0.0000000000e+00 0.0000000000e+00 0.0000000000e+00 
8.1446123529e-05 1.6746787578e-04 2.5920000000e-04 3.5809628750e-04 4.6605234615e-04 5.8558975312e-04 7.2014065455e-04 8.7450312500e-04 1.0556001000e-03 1.2738075078e-03 1.5454208000e-03 1.8975880125e-03 2.3791625000e-03 3.0878347719e-03 4.2515280000e-03 6.5539800500e-03 1.3413817700e-02 0.0000000000e+00 0.0000000000e+00 0.0000000000e+00 
7.4430167014e-05 1.5247058824e-04 2.3500068867e-04 3.2312962667e-04 4.1827839509e-04 5.2229981538e-04 6.3765852865e-04 7.6770916364e-04 9.1714140562e-04 1.0927217778e-03 1.3045917586e-03 1.5686785714e-03 1.9115167635e-03 2.3808556800e-03 3.0721781484e-03 4.2082565333e-03 6.4573769531e-03 1.3160908800e-02 0.0000000000e+00 0.0000000000e+00 
6.8210526316e-05 1.3925966736e-04 2.1383578235e-04 2.9279487656e-04 3.7721653333e-04 4.6848381696e-04 5.6840005385e-04 6.7936400417e-04 8.0464058182e-04 9.4879400625e-04 1.1184097222e-03 1.3233577594e-03 1.5791389714e-03 1.9115775146e-03 2.3671443000e-03 3.0387656250e-03 4.1432490667e-03 6.3309870562e-03 1.2853881900e-02 0.0000000000e+00 
6.2666850312e-05 1.2755116842e-04 1.9519658437e-04 2.6627049412e-04 3.4160278320e-04 4.2224004000e-04 5.0952300312e-04 6.0519975385e-04 7.1159550469e-04 8.3187500000e-04 9.7046235687e-04 1.1337408000e-03 1.3312771977e-03 1.5780962000e-03 1.8992285156e-03 2.3397171200e-03 2.9896327766e-03 4.0591206000e-03 6.1785863094e-03 1.2500000000e-02 
//Sigma Espalhamento 5 g'g (g linha; g' coluna)
1.5640313490e-03 0.0000000000e+00 0.0000000000e+00 0.0000000000e+00 0.0000000000e+00 0.0000000000e+00 0.0000000000e+00 0.0000000000e+00 0.0000000000e+00 0.0000000000e+00 0.0000000000e+00 0.0000000000e+00 0.0000000000e+00 0.0000000000e+00 0.0000000000e+00 0.0000000000e+00 0.0000000000e+00 0.0000000000e+00 0.0000000000e+00 0.0000000000e+00 
7.5408944464e-04 2.9078671360e-03 0.0000000000e+00 0.0000000000e+00 0.0000000000e+00 0.0000000000e+00 0.0000000000e+00 0.0000000000e+00 0.0000000000e+00 0.0000000000e+00 0.0000000000e+00 0.0000000000e+00 0.0000000000e+00 0.0000000000e+00 0.0000000000e+00 0.0000000000e+00 0.0000000000e+00 0.0000000000e+00 0.0000000000e+00 0.0000000000e+00 
4.8464452267e-04 1.4012604492e-03 4.0503753210e-03 0.0000000000e+00 0.0000000000e+00 0.0000000000e+00 0.0000000000e+00 0.0000000000e+00 0.0000000000e+00 0.0000000000e+00 0.0000000000e+00 0.0000000000e+00 0.0000000000e+00 0.0000000000e+00 0.0000000000e+00 0.0000000000e+00 0.0000000000e+00 0.0000000000e+00 0.0000000000e+00 0.0000000000e+00 
3.5031511230e-04 9.0008340467e-04 1.9507404325e-03 5.0093303040e-03 0.0000000000e+00 0.0000000000e+00 0.0000000000e+00 0.0000000000e+00 0.0000000000e+00 0.0000000000e+00 0.0000000000e+00 0.0000000000e+00 0.0000000000e+00 0.0000000000e+00 0.0000000000e+00 0.0000000000e+00 0.0000000000e+00 0.0000000000e+00 0.0000000000e+00 0.0000000000e+00 
2.7002502140e-04 6.5024681083e-04 1.2523325760e-03 2.4112181032e-03 5.8014531250e-03 0.0000000000e+00 0.0000000000e+00 0.0000000000e+00 0.0000000000e+00 0.0000000000e+00 0.0000000000e+00 0.0000000000e+00 0.0000000000e+00 0.0000000000e+00 0.0000000000e+00 0.0000000000e+00 0.0000000000e+00 0.0000000000e+00 0.0000000000e+00 0.0000000000e+00 
2.1674893694e-04 5.0093303040e-04 9.0420678870e-04 1.5470541667e-03 2.7908634101e-03 6.4424509440e-03 0.0000000000e+00 0.0000000000e+00 0.0000000000e+00 0.0000000000e+00 0.0000000000e+00 0.0000000000e+00 0.0000000000e+00 0.0000000000e+00 0.0000000000e+00 0.0000000000e+00 0.0000000000e+00 0.0000000000e+00 0.0000000000e+00 0.0000000000e+00 
1.7890465371e-04 4.0186968386e-04 6.9617437500e-04 1.1163453640e-03 1.7895697067e-03 3.0973471319e-03 6.9470558010e-03 0.0000000000e+00 0.0000000000e+00 0.0000000000e+00 0.0000000000e+00 0.0000000000e+00 0.0000000000e+00 0.0000000000e+00 0.0000000000e+00 0.0000000000e+00 0.0000000000e+00 0.0000000000e+00 0.0000000000e+00 0.0000000000e+00 
1.5070113145e-04 3.3151160714e-04 5.5817268202e-04 8.5899345920e-04 1.2905613050e-03 1.9848730860e-03 3.3378601074e-03 7.3290626560e-03 0.0000000000e+00 0.0000000000e+00 0.0000000000e+00 0.0000000000e+00 0.0000000000e+00 0.0000000000e+00 0.0000000000e+00 0.0000000000e+00 0.0000000000e+00 0.0000000000e+00 0.0000000000e+00 0.0000000000e+00 
1.2892118056e-04 2.7908634101e-04 4.6017506743e-04 6.8829936265e-04 9.9243654300e-04 1.4305114746e-03 2.1376432747e-03 3.5191321054e-03 7.6013667090e-03 0.0000000000e+00 0.0000000000e+00 0.0000000000e+00 0.0000000000e+00 0.0000000000e+00 0.0000000000e+00 0.0000000000e+00 0.0000000000e+00 0.0000000000e+00 0.0000000000e+00 0.0000000000e+00 
1.1163453640e-04 2.3860929422e-04 3.8716839149e-04 5.6710659600e-04 7.9472859701e-04 1.0993593984e-03 1.5396202961e-03 2.2522568027e-03 3.6474503345e-03 7.7760000000e-03 0.0000000000e+00 0.0000000000e+00 0.0000000000e+00 0.0000000000e+00 0.0000000000e+00 0.0000000000e+00 0.0000000000e+00 0.0000000000e+00 0.0000000000e+00 0.0000000000e+00 
9.7612893091e-05 2.0648980879e-04 3.3081218100e-04 4.7683715820e-04 6.5438059429e-04 8.7978302634e-04 1.1824348214e-03 1.6210890376e-03 2.3328000000e-03 3.7286775936e-03 7.8641672890e-03 0.0000000000e+00 0.0000000000e+00 0.0000000000e+00 0.0000000000e+00 0.0000000000e+00 0.0000000000e+00 0.0000000000e+00 0.0000000000e+00 0.0000000000e+00 
8.6037420331e-05 1.8044300782e-04 2.8610229492e-04 4.0717014756e-04 5.4986439146e-04 7.2393968657e-04 9.4563527191e-04 1.2441600000e-03 1.6779049171e-03 2.3830809967e-03 3.7682700614e-03 7.8762812160e-03 0.0000000000e+00 0.0000000000e+00 0.0000000000e+00 0.0000000000e+00 0.0000000000e+00 0.0000000000e+00 0.0000000000e+00 0.0000000000e+00 
7.6341272538e-05 1.5894571940e-04 2.4985440873e-04 3.5191321054e-04 4.6922016722e-04 6.0790838909e-04 7.7760000000e-04 9.9431402496e-04 1.2868637382e-03 1.7128500279e-03 2.4066414827e-03 3.7712947266e-03 7.8219967410e-03 0.0000000000e+00 0.0000000000e+00 0.0000000000e+00 0.0000000000e+00 0.0000000000e+00 0.0000000000e+00 0.0000000000e+00 
6.8119594029e-05 1.4094351262e-04 2.1994575659e-04 3.0712592764e-04 4.0527225939e-04 5.1840000000e-04 6.5251857888e-04 8.1705634171e-04 1.0277100167e-03 1.3127135360e-03 1.7285100830e-03 2.4067682280e-03 3.7424464580e-03 7.7102448640e-03 0.0000000000e+00 0.0000000000e+00 0.0000000000e+00 0.0000000000e+00 0.0000000000e+00 0.0000000000e+00 
6.1075522133e-05 1.2568328948e-04 1.9490683869e-04 2.7018150626e-04 3.5345454545e-04 4.4744131123e-04 5.5605223256e-04 6.8514001116e-04 8.4388727314e-04 1.0475818685e-03 1.3237225254e-03 1.7272829806e-03 2.3865043627e-03 3.6860647143e-03 7.5492656250e-03 0.0000000000e+00 0.0000000000e+00 0.0000000000e+00 0.0000000000e+00 0.0000000000e+00 
5.4986439146e-05 1.1261284013e-04 1.7368811117e-04 2.3926153846e-04 3.1072313280e-04 3.8995870855e-04 4.7959800781e-04 5.8342823822e-04 7.0711776123e-04 8.5956008143e-04 1.0555618215e-03 1.3217562624e-03 1.7113871888e-03 2.3486604167e-03 3.6061498943e-03 7.3466403840e-03 0.0000000000e+00 0.0000000000e+00 0.0000000000e+00 0.0000000000e+00 
4.9682135353e-05 1.0131806485e-04 1.5552000000e-04 2.1306729106e-04 2.7497088423e-04 3.4257000558e-04 4.1768157964e-04 5.0283929687e-04 6.0169205700e-04 7.1970124191e-04 8.6543564800e-04 1.0531613469e-03 1.3085393750e-03 1.6828699507e-03 2.2958251200e-03 3.5063793267e-03 7.1093233810e-03 0.0000000000e+00 0.0000000000e+00 0.0000000000e+00 
4.5030251043e-05 9.1482352941e-05 1.3982540976e-04 1.9064647973e-04 2.4469286113e-04 3.0293389292e-04 3.6665365397e-04 4.3759422327e-04 5.1818489418e-04 6.1192419556e-04 7.2404842602e-04 8.6277321429e-04 1.0417766361e-03 1.2856620672e-03 1.6436153094e-03 2.2303759627e-03 3.3901229004e-03 6.8436725760e-03 0.0000000000e+00 0.0000000000e+00 
4.0926315789e-05 8.2859502080e-05 1.2616311159e-04 1.7128500279e-04 2.1878558933e-04 2.6937819475e-04 3.2398803069e-04 3.8384066235e-04 4.5059872582e-04 5.2658067347e-04 6.1512534722e-04 7.2122997886e-04 8.5273504457e-04 1.0226939703e-03 1.2545864790e-03 1.5953519531e-03 2.1544895147e-03 3.2604583340e-03 6.5554797690e-03 0.0000000000e+00 
3.7286775936e-05 7.5255189368e-05 1.1419000186e-04 1.5443688659e-04 1.9642160034e-04 2.4067682280e-04 2.8788049677e-04 3.3891186215e-04 3.9493550510e-04 4.5753125000e-04 5.2890198450e-04 6.1222003200e-04 7.1223330075e-04 8.3639098600e-04 9.9709497070e-04 1.2166529024e-03 1.5396608799e-03 2.0701515060e-03 3.1201860862e-03 6.2500000000e-03 
//Sigma Espalhamento 6 g'g (g linha; g' coluna)
1.0791816308e-03 0.0000000000e+00 0.0000000000e+00 0.0000000000e+00 0.0000000000e+00 0.0000000000e+00 0.0000000000e+00 0.0000000000e+00 0.0000000000e+00 0.0000000000e+00 0.0000000000e+00 0.0000000000e+00 0.0000000000e+00 0.0000000000e+00 0.0000000000e+00 0.0000000000e+00 0.0000000000e+00 0.0000000000e+00 0.0000000000e+00 0.0000000000e+00 
5.1655126958e-04 1.9773496525e-03 0.0000000000e+00 0.0000000000e+00 0.0000000000e+00 0.0000000000e+00 0.0000000000e+00 0.0000000000e+00 0.0000000000e+00 0.0000000000e+00 0.0000000000e+00 0.0000000000e+00 0.0000000000e+00 0.0000000000e+00 0.0000000000e+00 0.0000000000e+00 0.0000000000e+00 0.0000000000e+00 0.0000000000e+00 0.0000000000e+00 
3.2955827541e-04 9.4585080322e-04 2.7137514651e-03 0.0000000000e+00 0.0000000000e+00 0.0000000000e+00 0.0000000000e+00 0.0000000000e+00 0.0000000000e+00 0.0000000000e+00 0.0000000000e+00 0.0000000000e+00 0.0000000000e+00 0.0000000000e+00 0.0000000000e+00 0.0000000000e+00 0.0000000000e+00 0.0000000000e+00 0.0000000000e+00 0.0000000000e+00 
2.3646270081e-04 6.0305588113e-04 1.2972423876e-03 3.3061580006e-03 0.0000000000e+00 0.0000000000e+00 0.0000000000e+00 0.0000000000e+00 0.0000000000e+00 0.0000000000e+00 0.0000000000e+00 0.0000000000e+00 0.0000000000e+00 0.0000000000e+00 0.0000000000e+00 0.0000000000e+00 0.0000000000e+00 0.0000000000e+00 0.0000000000e+00 0.0000000000e+00 
1.8091676434e-04 4.3241412920e-04 8.2653950016e-04 1.5793478576e-03 3.7709445312e-03 0.0000000000e+00 0.0000000000e+00 0.0000000000e+00 0.0000000000e+00 0.0000000000e+00 0.0000000000e+00 0.0000000000e+00 0.0000000000e+00 0.0000000000e+00 0.0000000000e+00 0.0000000000e+00 0.0000000000e+00 0.0000000000e+00 0.0000000000e+00 0.0000000000e+00 
1.4413804307e-04 3.3061580006e-04 5.9225544660e-04 1.0055852083e-03 1.8001068995e-03 4.1231686042e-03 0.0000000000e+00 0.0000000000e+00 0.0000000000e+00 0.0000000000e+00 0.0000000000e+00 0.0000000000e+00 0.0000000000e+00 0.0000000000e+00 0.0000000000e+00 0.0000000000e+00 0.0000000000e+00 0.0000000000e+00 0.0000000000e+00 0.0000000000e+00 
1.1807707145e-04 2.6322464293e-04 4.5251334375e-04 7.2004275980e-04 1.1453246123e-03 1.9668154288e-03 4.3766451546e-03 0.0000000000e+00 0.0000000000e+00 0.0000000000e+00 0.0000000000e+00 0.0000000000e+00 0.0000000000e+00 0.0000000000e+00 0.0000000000e+00 0.0000000000e+00 0.0000000000e+00 0.0000000000e+00 0.0000000000e+00 0.0000000000e+00 
9.8709241099e-05 2.1548254464e-04 3.6002137990e-04 5.4975581389e-04 8.1950642865e-04 1.2504700442e-03 2.0861625671e-03 4.5440188467e-03 0.0000000000e+00 0.0000000000e+00 0.0000000000e+00 0.0000000000e+00 0.0000000000e+00 0.0000000000e+00 0.0000000000e+00 0.0000000000e+00 0.0000000000e+00 0.0000000000e+00 0.0000000000e+00 0.0000000000e+00 
8.3798767361e-05 1.8001068995e-04 2.9451204315e-04 4.3707009528e-04 6.2523502209e-04 8.9406967163e-04 1.3253388303e-03 2.1642662448e-03 4.6368336925e-03 0.0000000000e+00 0.0000000000e+00 0.0000000000e+00 0.0000000000e+00 0.0000000000e+00 0.0000000000e+00 0.0000000000e+00 0.0000000000e+00 0.0000000000e+00 0.0000000000e+00 0.0000000000e+00 
7.2004275980e-05 1.5270994830e-04 2.4585192860e-04 3.5727715548e-04 4.9670537313e-04 6.8160282701e-04 9.4686648210e-04 1.3738766496e-03 2.2067074524e-03 4.6656000000e-03 0.0000000000e+00 0.0000000000e+00 0.0000000000e+00 0.0000000000e+00 0.0000000000e+00 0.0000000000e+00 0.0000000000e+00 0.0000000000e+00 0.0000000000e+00 0.0000000000e+00 
6.2472251578e-05 1.3112102858e-04 2.0841167403e-04 2.9802322388e-04 4.0571596846e-04 5.4106656120e-04 7.2128524105e-04 9.8075886773e-04 1.3996800000e-03 2.2185631682e-03 4.6398587005e-03 0.0000000000e+00 0.0000000000e+00 0.0000000000e+00 0.0000000000e+00 0.0000000000e+00 0.0000000000e+00 0.0000000000e+00 0.0000000000e+00 0.0000000000e+00 
5.4633761910e-05 1.1367909493e-04 1.7881393433e-04 2.5244549148e-04 3.3816660075e-04 4.4160320881e-04 5.7210933951e-04 7.4649600000e-04 9.9835342568e-04 1.4060177880e-03 2.2044379859e-03 4.5682431053e-03 0.0000000000e+00 0.0000000000e+00 0.0000000000e+00 0.0000000000e+00 0.0000000000e+00 0.0000000000e+00 0.0000000000e+00 0.0000000000e+00 
4.8095001699e-05 9.9341074626e-05 1.5490973341e-04 2.1642662448e-04 2.8622430201e-04 3.6778457540e-04 4.6656000000e-04 5.9161684485e-04 7.5924960554e-04 1.0020172663e-03 1.3958520599e-03 2.1684944678e-03 4.4585381424e-03 0.0000000000e+00 0.0000000000e+00 0.0000000000e+00 0.0000000000e+00 0.0000000000e+00 0.0000000000e+00 0.0000000000e+00 
4.2574746268e-05 8.7384977822e-05 1.3526664030e-04 1.8734681586e-04 2.4518971693e-04 3.1104000000e-04 3.8824855443e-04 4.8206324161e-04 6.0121035979e-04 7.6137385088e-04 9.9389329773e-04 1.3718578900e-03 2.1144822487e-03 4.3177371238e-03 0.0000000000e+00 0.0000000000e+00 0.0000000000e+00 0.0000000000e+00 0.0000000000e+00 0.0000000000e+00 
3.7866823723e-05 7.7295223029e-05 1.1889317160e-04 1.6345981129e-04 2.1207272727e-04 2.6622758018e-04 3.2807081721e-04 4.0080690653e-04 4.8945461842e-04 6.0235957438e-04 7.5452183948e-04 9.7591488404e-04 1.3364424431e-03 2.0457659164e-03 4.1520960937e-03 0.0000000000e+00 0.0000000000e+00 0.0000000000e+00 0.0000000000e+00 0.0000000000e+00 
3.3816660075e-05 6.8693832481e-05 1.0508130726e-04 1.4355692308e-04 1.8488026402e-04 2.3007563804e-04 2.8056483457e-04 3.3838837817e-04 4.0659271271e-04 4.8994924641e-04 5.9639242913e-04 7.4018350694e-04 9.4981988977e-04 1.2917632292e-03 1.9653516924e-03 3.9671858074e-03 0.0000000000e+00 0.0000000000e+00 0.0000000000e+00 0.0000000000e+00 
3.0306102565e-05 6.1297429233e-05 9.3312000000e-05 1.2677503818e-04 1.6223282170e-04 2.0040345326e-04 2.4225531619e-04 2.8913259570e-04 3.4296447249e-04 4.0663120168e-04 4.8464396288e-04 5.8450454755e-04 7.1969665625e-04 9.1716412312e-04 1.2397455648e-03 1.8759129398e-03 3.7679413919e-03 0.0000000000e+00 0.0000000000e+00 0.0000000000e+00 
2.7243301881e-05 5.4889411765e-05 8.3196118807e-05 1.1248142304e-04 1.4314532376e-04 1.7570165790e-04 2.1082585103e-04 2.4942870727e-04 2.9277446521e-04 3.4267754951e-04 4.0184687644e-04 4.7452526786e-04 5.6776826669e-04 6.9425751629e-04 8.7933419054e-04 1.1820992602e-03 1.7798145227e-03 3.5587097395e-03 0.0000000000e+00 0.0000000000e+00 
2.4555789474e-05 4.9301403738e-05 7.4436235837e-05 1.0020172663e-04 1.2689564181e-04 1.5489246198e-04 1.8467317749e-04 2.1686997423e-04 2.5233528646e-04 2.9225227378e-04 3.3831894097e-04 3.9307033848e-04 4.6047692407e-04 5.4714127411e-04 6.6493083387e-04 8.3755977539e-04 1.1203345476e-03 1.6791360420e-03 3.3432946822e-03 0.0000000000e+00 
2.2185631682e-05 4.4400561727e-05 6.6801151088e-05 8.9573394221e-05 1.1294242020e-04 1.3718578900e-04 1.6265248067e-04 1.8979064281e-04 2.1918920533e-04 2.5164218750e-04 2.8825158155e-04 3.3059881728e-04 3.8104481590e-04 4.4328722258e-04 5.2347485962e-04 6.3265950925e-04 7.9292535316e-04 1.0557772681e-03 1.5756939735e-03 3.1250000000e-03 
//Sigma Espalhamento 7 g'g (g linha; g' coluna)
7.4463532526e-04 0.0000000000e+00 0.0000000000e+00 0.0000000000e+00 0.0000000000e+00 0.0000000000e+00 0.0000000000e+00 0.0000000000e+00 0.0000000000e+00 0.0000000000e+00 0.0000000000e+00 0.0000000000e+00 0.0000000000e+00 0.0000000000e+00 0.0000000000e+00 0.0000000000e+00 0.0000000000e+00 0.0000000000e+00 0.0000000000e+00 0.0000000000e+00 
3.5383761966e-04 1.3445977637e-03 0.0000000000e+00 0.0000000000e+00 0.0000000000e+00 0.0000000000e+00 0.0000000000e+00 0.0000000000e+00 0.0000000000e+00 0.0000000000e+00 0.0000000000e+00 0.0000000000e+00 0.0000000000e+00 0.0000000000e+00 0.0000000000e+00 0.0000000000e+00 0.0000000000e+00 0.0000000000e+00 0.0000000000e+00 0.0000000000e+00 
2.2409962728e-04 6.3844929218e-04 1.8182134816e-03 0.0000000000e+00 0.0000000000e+00 0.0000000000e+00 0.0000000000e+00 0.0000000000e+00 0.0000000000e+00 0.0000000000e+00 0.0000000000e+00 0.0000000000e+00 0.0000000000e+00 0.0000000000e+00 0.0000000000e+00 0.0000000000e+00 0.0000000000e+00 0.0000000000e+00 0.0000000000e+00 0.0000000000e+00 
1.5961232304e-04 4.0404744035e-04 8.6266618776e-04 2.1820642804e-03 0.0000000000e+00 0.0000000000e+00 0.0000000000e+00 0.0000000000e+00 0.0000000000e+00 0.0000000000e+00 0.0000000000e+00 0.0000000000e+00 0.0000000000e+00 0.0000000000e+00 0.0000000000e+00 0.0000000000e+00 0.0000000000e+00 0.0000000000e+00 0.0000000000e+00 0.0000000000e+00 
1.2121423211e-04 2.8755539592e-04 5.4551607011e-04 1.0344728467e-03 2.4511139453e-03 0.0000000000e+00 0.0000000000e+00 0.0000000000e+00 0.0000000000e+00 0.0000000000e+00 0.0000000000e+00 0.0000000000e+00 0.0000000000e+00 0.0000000000e+00 0.0000000000e+00 0.0000000000e+00 0.0000000000e+00 0.0000000000e+00 0.0000000000e+00 0.0000000000e+00 
9.5851798639e-05 2.1820642804e-04 3.8792731752e-04 6.5363038542e-04 1.1610689502e-03 2.6388279067e-03 0.0000000000e+00 0.0000000000e+00 0.0000000000e+00 0.0000000000e+00 0.0000000000e+00 0.0000000000e+00 0.0000000000e+00 0.0000000000e+00 0.0000000000e+00 0.0000000000e+00 0.0000000000e+00 0.0000000000e+00 0.0000000000e+00 0.0000000000e+00 
7.7930867158e-05 1.7241214112e-04 2.9413367344e-04 4.6442758007e-04 7.3300775185e-04 1.2489277973e-03 2.7572864474e-03 0.0000000000e+00 0.0000000000e+00 0.0000000000e+00 0.0000000000e+00 0.0000000000e+00 0.0000000000e+00 0.0000000000e+00 0.0000000000e+00 0.0000000000e+00 0.0000000000e+00 0.0000000000e+00 0.0000000000e+00 0.0000000000e+00 
6.4654552920e-05 1.4006365402e-04 2.3221379004e-04 3.5184372089e-04 5.2038658219e-04 7.8779612783e-04 1.3038516045e-03 2.8172916850e-03 0.0000000000e+00 0.0000000000e+00 0.0000000000e+00 0.0000000000e+00 0.0000000000e+00 0.0000000000e+00 0.0000000000e+00 0.0000000000e+00 0.0000000000e+00 0.0000000000e+00 0.0000000000e+00 0.0000000000e+00 
5.4469198785e-05 1.1610689502e-04 1.8848770762e-04 2.7753951050e-04 3.9389806392e-04 5.5879354477e-04 8.2171007478e-04 1.3310237406e-03 2.8284685524e-03 0.0000000000e+00 0.0000000000e+00 0.0000000000e+00 0.0000000000e+00 0.0000000000e+00 0.0000000000e+00 0.0000000000e+00 0.0000000000e+00 0.0000000000e+00 0.0000000000e+00 0.0000000000e+00 
4.6442758007e-05 9.7734366913e-05 1.5611597466e-04 2.2508460795e-04 3.1044085821e-04 4.2259375274e-04 5.8232288649e-04 8.3806475627e-04 1.3350580087e-03 2.7993600000e-03 0.0000000000e+00 0.0000000000e+00 0.0000000000e+00 0.0000000000e+00 0.0000000000e+00 0.0000000000e+00 0.0000000000e+00 0.0000000000e+00 0.0000000000e+00 0.0000000000e+00 
3.9982241010e-05 8.3261853151e-05 1.3129935464e-04 1.8626451492e-04 2.5154390044e-04 3.3275593514e-04 4.3998399704e-04 5.9335911497e-04 8.3980800000e-04 1.3200450851e-03 2.7375166333e-03 0.0000000000e+00 0.0000000000e+00 0.0000000000e+00 0.0000000000e+00 0.0000000000e+00 0.0000000000e+00 0.0000000000e+00 0.0000000000e+00 0.0000000000e+00 
3.4692438813e-05 7.1617829803e-05 1.1175870895e-04 1.5651620472e-04 2.0797245946e-04 2.6937795737e-04 3.4612615040e-04 4.4789760000e-04 5.9402028828e-04 8.2955049494e-04 1.2895962217e-03 2.6495810011e-03 0.0000000000e+00 0.0000000000e+00 0.0000000000e+00 0.0000000000e+00 0.0000000000e+00 0.0000000000e+00 0.0000000000e+00 0.0000000000e+00 
3.0299851071e-05 6.2088171641e-05 9.6044034715e-05 1.3310237406e-04 1.7459682422e-04 2.2250966812e-04 2.7993600000e-04 3.5201202269e-04 4.4795726727e-04 5.8618010079e-04 8.0959419477e-04 1.2468843190e-03 2.5413667412e-03 0.0000000000e+00 0.0000000000e+00 0.0000000000e+00 0.0000000000e+00 0.0000000000e+00 0.0000000000e+00 0.0000000000e+00 
2.6609216418e-05 5.4178686249e-05 8.3188983785e-05 1.1428155767e-04 1.4833977874e-04 1.8662400000e-04 2.3100788989e-04 2.8441731255e-04 3.5170806048e-04 4.4159683351e-04 5.7148864619e-04 7.8195899728e-04 1.1946824705e-03 2.4179327894e-03 0.0000000000e+00 0.0000000000e+00 0.0000000000e+00 0.0000000000e+00 0.0000000000e+00 0.0000000000e+00 
2.3477430708e-05 4.7536562163e-05 7.2524834677e-05 9.8893185829e-05 1.2724363636e-04 1.5840541021e-04 1.9356178215e-04 2.3447204032e-04 2.8388367869e-04 3.4635675527e-04 4.3007744850e-04 5.5139190948e-04 7.4840776813e-04 1.1354000836e-03 2.2836528516e-03 0.0000000000e+00 0.0000000000e+00 0.0000000000e+00 0.0000000000e+00 0.0000000000e+00 
2.0797245946e-05 4.1903237814e-05 6.3574190890e-05 8.6134153846e-05 1.1000375709e-04 1.3574462644e-04 1.6413042822e-04 1.9626525934e-04 2.3379080981e-04 2.7927107046e-04 3.3696172246e-04 4.1450276389e-04 5.2715003882e-04 7.1046977604e-04 1.0711166724e-03 2.1422803360e-03 0.0000000000e+00 0.0000000000e+00 0.0000000000e+00 0.0000000000e+00 
1.8486722565e-05 3.7084944686e-05 5.5987200000e-05 7.5431147718e-05 9.5717364801e-05 1.1723602016e-04 1.4050808339e-04 1.6625124253e-04 1.9548974932e-04 2.2974662895e-04 2.7140061921e-04 3.2440002389e-04 3.9583316094e-04 4.9985444710e-04 6.6946260499e-04 1.0036134228e-03 1.9970089377e-03 0.0000000000e+00 0.0000000000e+00 0.0000000000e+00 
1.6482197638e-05 3.2933647059e-05 4.9501690690e-05 6.6364039595e-05 8.3740014399e-05 1.0190696158e-04 1.2122486434e-04 1.4217436314e-04 1.6541757284e-04 1.9189942773e-04 2.2302501642e-04 2.6098889732e-04 3.0943370535e-04 3.7489905880e-04 4.7044379194e-04 6.2651260791e-04 9.3440262442e-04 1.8505290646e-03 0.0000000000e+00 0.0000000000e+00 
1.4733473684e-05 2.9334335224e-05 4.3917379144e-05 5.8618010079e-05 7.3599472252e-05 8.9063165641e-05 1.0526371117e-04 1.2253153544e-04 1.4130776042e-04 1.6220001195e-04 1.8607541753e-04 2.1422333447e-04 2.4865753900e-04 2.9272058165e-04 3.5241334195e-04 4.3971888208e-04 5.8257396477e-04 8.6475506163e-04 1.7050802879e-03 0.0000000000e+00 
1.3200450851e-05 2.6196331419e-05 3.9078673386e-05 5.1952568648e-05 6.4941891613e-05 7.8195899728e-05 9.1898651580e-05 1.0628275997e-04 1.2165000896e-04 1.3840320312e-04 1.5709711195e-04 1.7852336133e-04 2.0385897651e-04 2.3494222797e-04 2.7482430130e-04 3.2898294481e-04 4.0835655688e-04 5.3844640671e-04 7.9572545664e-04 1.5625000000e-03 
//Sigma Espalhamento 8 g'g (g linha; g' coluna)
5.1379837443e-04 0.0000000000e+00 0.0000000000e+00 0.0000000000e+00 0.0000000000e+00 0.0000000000e+00 0.0000000000e+00 0.0000000000e+00 0.0000000000e+00 0.0000000000e+00 0.0000000000e+00 0.0000000000e+00 0.0000000000e+00 0.0000000000e+00 0.0000000000e+00 0.0000000000e+00 0.0000000000e+00 0.0000000000e+00 0.0000000000e+00 0.0000000000e+00 
2.4237876947e-04 9.1432647931e-04 0.0000000000e+00 0.0000000000e+00 0.0000000000e+00 0.0000000000e+00 0.0000000000e+00 0.0000000000e+00 0.0000000000e+00 0.0000000000e+00 0.0000000000e+00 0.0000000000e+00 0.0000000000e+00 0.0000000000e+00 0.0000000000e+00 0.0000000000e+00 0.0000000000e+00 0.0000000000e+00 0.0000000000e+00 0.0000000000e+00 
1.5238774655e-04 4.3095327222e-04 1.2182030327e-03 0.0000000000e+00 0.0000000000e+00 0.0000000000e+00 0.0000000000e+00 0.0000000000e+00 0.0000000000e+00 0.0000000000e+00 0.0000000000e+00 0.0000000000e+00 0.0000000000e+00 0.0000000000e+00 0.0000000000e+00 0.0000000000e+00 0.0000000000e+00 0.0000000000e+00 0.0000000000e+00 0.0000000000e+00 
1.0773831805e-04 2.7071178504e-04 5.7367301486e-04 1.4401624251e-03 0.0000000000e+00 0.0000000000e+00 0.0000000000e+00 0.0000000000e+00 0.0000000000e+00 0.0000000000e+00 0.0000000000e+00 0.0000000000e+00 0.0000000000e+00 0.0000000000e+00 0.0000000000e+00 0.0000000000e+00 0.0000000000e+00 0.0000000000e+00 0.0000000000e+00 0.0000000000e+00 
8.1213535511e-05 1.9122433829e-04 3.6004060627e-04 6.7757971460e-04 1.5932240645e-03 0.0000000000e+00 0.0000000000e+00 0.0000000000e+00 0.0000000000e+00 0.0000000000e+00 0.0000000000e+00 0.0000000000e+00 0.0000000000e+00 0.0000000000e+00 0.0000000000e+00 0.0000000000e+00 0.0000000000e+00 0.0000000000e+00 0.0000000000e+00 0.0000000000e+00 
6.3741446095e-05 1.4401624251e-04 2.5409239298e-04 4.2485975052e-04 7.4888947286e-04 1.6888498603e-03 0.0000000000e+00 0.0000000000e+00 0.0000000000e+00 0.0000000000e+00 0.0000000000e+00 0.0000000000e+00 0.0000000000e+00 0.0000000000e+00 0.0000000000e+00 0.0000000000e+00 0.0000000000e+00 0.0000000000e+00 0.0000000000e+00 0.0000000000e+00 
5.1434372324e-05 1.1292995243e-04 1.9118688773e-04 2.9955578915e-04 4.6912496118e-04 7.9306915126e-04 1.7370904619e-03 0.0000000000e+00 0.0000000000e+00 0.0000000000e+00 0.0000000000e+00 0.0000000000e+00 0.0000000000e+00 0.0000000000e+00 0.0000000000e+00 0.0000000000e+00 0.0000000000e+00 0.0000000000e+00 0.0000000000e+00 0.0000000000e+00 
4.2348732163e-05 9.1041375112e-05 1.4977789457e-04 2.2517998137e-04 3.3044547969e-04 4.9631156054e-04 8.1490725279e-04 1.7467208447e-03 0.0000000000e+00 0.0000000000e+00 0.0000000000e+00 0.0000000000e+00 0.0000000000e+00 0.0000000000e+00 0.0000000000e+00 0.0000000000e+00 0.0000000000e+00 0.0000000000e+00 0.0000000000e+00 0.0000000000e+00 
3.5404979210e-05 7.4888947286e-05 1.2063213288e-04 1.7623758917e-04 2.4815578027e-04 3.4924596548e-04 5.0946024636e-04 8.1857960044e-04 1.7253658170e-03 0.0000000000e+00 0.0000000000e+00 0.0000000000e+00 0.0000000000e+00 0.0000000000e+00 0.0000000000e+00 0.0000000000e+00 0.0000000000e+00 0.0000000000e+00 0.0000000000e+00 0.0000000000e+00 
2.9955578915e-05 6.2549994825e-05 9.9133643908e-05 1.4180330301e-04 1.9402553638e-04 2.6200812670e-04 3.5812857519e-04 5.1121950133e-04 8.0771009526e-04 1.6796160000e-03 0.0000000000e+00 0.0000000000e+00 0.0000000000e+00 0.0000000000e+00 0.0000000000e+00 0.0000000000e+00 0.0000000000e+00 0.0000000000e+00 0.0000000000e+00 0.0000000000e+00 
2.5588634246e-05 5.2871276751e-05 8.2718593423e-05 1.1641532183e-04 1.5595721827e-04 2.0464490011e-04 2.6839023820e-04 3.5898226456e-04 5.0388480000e-04 7.8542682562e-04 1.6151348136e-03 0.0000000000e+00 0.0000000000e+00 0.0000000000e+00 0.0000000000e+00 0.0000000000e+00 0.0000000000e+00 0.0000000000e+00 0.0000000000e+00 0.0000000000e+00 
2.2029698646e-05 4.5119232776e-05 6.9849193096e-05 9.7040046927e-05 1.2790306257e-04 1.6432055400e-04 2.0940632099e-04 2.6873856000e-04 3.5344207153e-04 4.8943479201e-04 7.5441378972e-04 1.5367569806e-03 0.0000000000e+00 0.0000000000e+00 0.0000000000e+00 0.0000000000e+00 0.0000000000e+00 0.0000000000e+00 0.0000000000e+00 0.0000000000e+00 
1.9088906174e-05 3.8805107276e-05 5.9547301523e-05 8.1857960044e-05 1.0650406278e-04 1.3461834921e-04 1.6796160000e-04 2.0944715350e-04 2.6429478769e-04 3.4291535896e-04 4.6956463297e-04 7.1695848341e-04 1.4485790425e-03 0.0000000000e+00 0.0000000000e+00 0.0000000000e+00 0.0000000000e+00 0.0000000000e+00 0.0000000000e+00 0.0000000000e+00 
1.6630760261e-05 3.3590785475e-05 5.1161225028e-05 6.9711750181e-05 8.9745566140e-05 1.1197440000e-04 1.3744969448e-04 1.6780621440e-04 2.0574921538e-04 2.5612616344e-04 3.2860597156e-04 4.4571662845e-04 6.7499559586e-04 1.3540423620e-03 0.0000000000e+00 0.0000000000e+00 0.0000000000e+00 0.0000000000e+00 0.0000000000e+00 0.0000000000e+00 
1.4556007039e-05 2.9234985730e-05 4.4240149153e-05 5.9830377427e-05 7.6346181818e-05 9.4251219074e-05 1.1420145147e-04 1.3716614359e-04 1.6465253364e-04 1.9915513428e-04 2.4514414565e-04 3.1153642886e-04 4.1910835015e-04 6.3014704641e-04 1.2560090684e-03 0.0000000000e+00 0.0000000000e+00 0.0000000000e+00 0.0000000000e+00 0.0000000000e+00 
1.2790306257e-05 2.5560975066e-05 3.8462385488e-05 5.1680492308e-05 6.5452235468e-05 8.0089329602e-05 9.6016300510e-05 1.1383385042e-04 1.3442971564e-04 1.5918451016e-04 1.9038337319e-04 2.3212154778e-04 2.9256827155e-04 3.9075837682e-04 5.8375858643e-04 1.1568313814e-03 0.0000000000e+00 0.0000000000e+00 0.0000000000e+00 0.0000000000e+00 
1.1276900765e-05 2.2436391535e-05 3.3592320000e-05 4.4881532892e-05 5.6473245232e-05 6.8583071793e-05 8.1494688366e-05 9.5594464454e-05 1.1142915711e-04 1.2980684536e-04 1.5198434676e-04 1.8004201326e-04 2.1770823852e-04 2.7242067367e-04 3.6150980670e-04 5.3693318120e-04 1.0584147370e-03 0.0000000000e+00 0.0000000000e+00 0.0000000000e+00 
9.9717295711e-06 1.9760188235e-05 2.9453505961e-05 3.9154783361e-05 4.8987908424e-05 5.9106037716e-05 6.9704296998e-05 8.1039386991e-05 9.3460928657e-05 1.0746367953e-04 1.2377888412e-04 1.4354389353e-04 1.6864136941e-04 2.0244549175e-04 2.5168742869e-04 3.3205168219e-04 4.9056137782e-04 9.6227511357e-04 0.0000000000e+00 0.0000000000e+00 
8.8400842105e-06 1.7453929458e-05 2.5911253695e-05 3.4291535896e-05 4.2687693906e-05 5.1211320243e-05 6.0000315368e-05 6.9230317524e-05 7.9132345833e-05 9.0021006630e-05 1.0234147964e-04 1.1675171729e-04 1.3427507106e-04 1.5660551118e-04 1.8677907123e-04 2.3085241309e-04 3.0293846168e-04 4.4534885674e-04 8.6959094684e-04 0.0000000000e+00 
7.8542682562e-06 1.5455835537e-05 2.2861023931e-05 3.0132489816e-05 3.7341587677e-05 4.4571662845e-05 5.1922738143e-05 5.9518345584e-05 6.7515754972e-05 7.6121761719e-05 8.5617926010e-05 9.6402615119e-05 1.0906455243e-04 1.2451938082e-04 1.4428275818e-04 1.7107113130e-04 2.1030362679e-04 2.7460766742e-04 4.0184135560e-04 7.8125000000e-04 
//Sigma Espalhamento 9 g'g (g linha; g' coluna)
3.5452087836e-04 0.0000000000e+00 0.0000000000e+00 0.0000000000e+00 0.0000000000e+00 0.0000000000e+00 0.0000000000e+00 0.0000000000e+00 0.0000000000e+00 0.0000000000e+00 0.0000000000e+00 0.0000000000e+00 0.0000000000e+00 0.0000000000e+00 0.0000000000e+00 0.0000000000e+00 0.0000000000e+00 0.0000000000e+00 0.0000000000e+00 0.0000000000e+00 
1.6602945709e-04 6.2174200593e-04 0.0000000000e+00 0.0000000000e+00 0.0000000000e+00 0.0000000000e+00 0.0000000000e+00 0.0000000000e+00 0.0000000000e+00 0.0000000000e+00 0.0000000000e+00 0.0000000000e+00 0.0000000000e+00 0.0000000000e+00 0.0000000000e+00 0.0000000000e+00 0.0000000000e+00 0.0000000000e+00 0.0000000000e+00 0.0000000000e+00 
1.0362366765e-04 2.9089345875e-04 8.1619603189e-04 0.0000000000e+00 0.0000000000e+00 0.0000000000e+00 0.0000000000e+00 0.0000000000e+00 0.0000000000e+00 0.0000000000e+00 0.0000000000e+00 0.0000000000e+00 0.0000000000e+00 0.0000000000e+00 0.0000000000e+00 0.0000000000e+00 0.0000000000e+00 0.0000000000e+00 0.0000000000e+00 0.0000000000e+00 
7.2723364687e-05 1.8137689598e-04 3.8149255488e-04 9.5050720055e-04 0.0000000000e+00 0.0000000000e+00 0.0000000000e+00 0.0000000000e+00 0.0000000000e+00 0.0000000000e+00 0.0000000000e+00 0.0000000000e+00 0.0000000000e+00 0.0000000000e+00 0.0000000000e+00 0.0000000000e+00 0.0000000000e+00 0.0000000000e+00 0.0000000000e+00 0.0000000000e+00 
5.4413068793e-05 1.2716418496e-04 2.3762680014e-04 4.4381471306e-04 1.0355956419e-03 0.0000000000e+00 0.0000000000e+00 0.0000000000e+00 0.0000000000e+00 0.0000000000e+00 0.0000000000e+00 0.0000000000e+00 0.0000000000e+00 0.0000000000e+00 0.0000000000e+00 0.0000000000e+00 0.0000000000e+00 0.0000000000e+00 0.0000000000e+00 0.0000000000e+00 
4.2388061653e-05 9.5050720055e-05 1.6643051740e-04 2.7615883784e-04 4.8303371000e-04 1.0808639106e-03 0.0000000000e+00 0.0000000000e+00 0.0000000000e+00 0.0000000000e+00 0.0000000000e+00 0.0000000000e+00 0.0000000000e+00 0.0000000000e+00 0.0000000000e+00 0.0000000000e+00 0.0000000000e+00 0.0000000000e+00 0.0000000000e+00 0.0000000000e+00 
3.3946685734e-05 7.3969118844e-05 1.2427147703e-04 1.9321348400e-04 3.0023997516e-04 5.0359891105e-04 1.0943669910e-03 0.0000000000e+00 0.0000000000e+00 0.0000000000e+00 0.0000000000e+00 0.0000000000e+00 0.0000000000e+00 0.0000000000e+00 0.0000000000e+00 0.0000000000e+00 0.0000000000e+00 0.0000000000e+00 0.0000000000e+00 0.0000000000e+00 
2.7738419567e-05 5.9176893823e-05 9.6606742000e-05 1.4411518808e-04 2.0983287960e-04 3.1267628314e-04 5.0931703299e-04 1.0829669237e-03 0.0000000000e+00 0.0000000000e+00 0.0000000000e+00 0.0000000000e+00 0.0000000000e+00 0.0000000000e+00 0.0000000000e+00 0.0000000000e+00 0.0000000000e+00 0.0000000000e+00 0.0000000000e+00 0.0000000000e+00 
2.3013236487e-05 4.8303371000e-05 7.7204565041e-05 1.1191086912e-04 1.5633814157e-04 2.1827872843e-04 3.1586535275e-04 5.0342645427e-04 1.0524731484e-03 0.0000000000e+00 0.0000000000e+00 0.0000000000e+00 0.0000000000e+00 0.0000000000e+00 0.0000000000e+00 0.0000000000e+00 0.0000000000e+00 0.0000000000e+00 0.0000000000e+00 0.0000000000e+00 
1.9321348400e-05 4.0031996688e-05 6.2949863881e-05 8.9336080896e-05 1.2126596024e-04 1.6244503856e-04 2.2024907374e-04 3.1184389581e-04 4.8866460763e-04 1.0077696000e-03 0.0000000000e+00 0.0000000000e+00 0.0000000000e+00 0.0000000000e+00 0.0000000000e+00 0.0000000000e+00 0.0000000000e+00 0.0000000000e+00 0.0000000000e+00 0.0000000000e+00 
1.6376725918e-05 3.3573260737e-05 5.2112713856e-05 7.2759576142e-05 9.6693475330e-05 1.2585661357e-04 1.6371804530e-04 2.1718427006e-04 3.0233088000e-04 4.6732896124e-04 9.5292954005e-04 0.0000000000e+00 0.0000000000e+00 0.0000000000e+00 0.0000000000e+00 0.0000000000e+00 0.0000000000e+00 0.0000000000e+00 0.0000000000e+00 0.0000000000e+00 
1.3988858640e-05 2.8425116649e-05 4.3655745685e-05 6.0164829095e-05 7.8660383480e-05 1.0023553794e-04 1.2669082420e-04 1.6124313600e-04 2.1029803256e-04 2.8876652729e-04 4.4133206699e-04 8.9131904876e-04 0.0000000000e+00 0.0000000000e+00 0.0000000000e+00 0.0000000000e+00 0.0000000000e+00 0.0000000000e+00 0.0000000000e+00 0.0000000000e+00 
1.2026010890e-05 2.4253192047e-05 3.6919326944e-05 5.0342645427e-05 6.4967478294e-05 8.1444101272e-05 1.0077696000e-04 1.2462105633e-04 1.5593392474e-04 2.0060548499e-04 2.7234748712e-04 4.1225112796e-04 8.2569005420e-04 0.0000000000e+00 0.0000000000e+00 0.0000000000e+00 0.0000000000e+00 0.0000000000e+00 0.0000000000e+00 0.0000000000e+00 
1.0394225163e-05 2.0826286994e-05 3.1464153392e-05 4.2524167610e-05 5.4296067515e-05 6.7184640000e-05 8.1782568217e-05 9.9005666499e-05 1.2036329100e-04 1.4855317479e-04 1.8894843365e-04 2.5405847822e-04 3.8137251166e-04 7.5826372274e-04 0.0000000000e+00 0.0000000000e+00 0.0000000000e+00 0.0000000000e+00 0.0000000000e+00 0.0000000000e+00 
9.0247243642e-06 1.7979516224e-05 2.6986490983e-05 3.6197378343e-05 4.5807709091e-05 5.6079475349e-05 6.7378856367e-05 8.0242193998e-05 9.5498469510e-05 1.1451420221e-04 1.3973216302e-04 1.7601808230e-04 2.3470067609e-04 3.4973161076e-04 6.9080498760e-04 0.0000000000e+00 0.0000000000e+00 0.0000000000e+00 0.0000000000e+00 0.0000000000e+00 
7.8660383480e-06 1.5592194790e-05 2.3269743221e-05 3.1008295385e-05 3.8944080104e-05 4.7252704465e-05 5.6169535798e-05 6.6023633241e-05 7.7297086492e-05 9.0735170791e-05 1.0756660585e-04 1.2998806676e-04 1.6237539071e-04 2.1491710725e-04 3.1814842961e-04 6.2468894597e-04 0.0000000000e+00 0.0000000000e+00 0.0000000000e+00 0.0000000000e+00 
6.8789094664e-06 1.3574016879e-05 2.0155392000e-05 2.6704512071e-05 3.3319214687e-05 4.0121096999e-05 4.7266919252e-05 5.4966817061e-05 6.3514619554e-05 7.3340867627e-05 8.5111234185e-05 9.9923317359e-05 1.1973953118e-04 1.4846926715e-04 1.9521529562e-04 2.8725925194e-04 5.6095981061e-04 0.0000000000e+00 0.0000000000e+00 0.0000000000e+00 
6.0328963905e-06 1.1856112941e-05 1.7524836047e-05 2.3101322183e-05 2.8657926428e-05 3.4281501875e-05 4.0079970774e-05 4.6192450585e-05 5.2805424691e-05 6.0179660535e-05 6.8697280684e-05 7.8949141440e-05 9.1909546331e-05 1.0932056554e-04 1.3465277435e-04 1.7598739156e-04 2.5754472336e-04 5.0038305905e-04 0.0000000000e+00 0.0000000000e+00 
5.3040505263e-06 1.0385088028e-05 1.5287639680e-05 2.0060548499e-05 2.4758862465e-05 2.9446509140e-05 3.4200179760e-05 3.9115129401e-05 4.4314113667e-05 4.9961658679e-05 5.6287813804e-05 6.3629685921e-05 7.2508538372e-05 8.3783948483e-05 9.8992907754e-05 1.2119751687e-04 1.5752800007e-04 2.2935466122e-04 4.4349138289e-04 0.0000000000e+00 
4.6732896124e-06 9.1189429670e-06 1.3373699000e-05 1.7476844093e-05 2.1471412915e-05 2.5405847822e-05 2.9336347051e-05 3.3330273527e-05 3.7471244010e-05 4.1866968945e-05 4.6661769676e-05 5.2057412164e-05 5.8349535550e-05 6.5995271836e-05 7.5748448046e-05 8.8956988276e-05 1.0830636780e-04 1.4004991039e-04 2.0292988458e-04 3.9062500000e-04 
//Sigma Espalhamento 10 g'g (g linha; g' coluna)
2.4461940607e-04 0.0000000000e+00 0.0000000000e+00 0.0000000000e+00 0.0000000000e+00 0.0000000000e+00 0.0000000000e+00 0.0000000000e+00 0.0000000000e+00 0.0000000000e+00 0.0000000000e+00 0.0000000000e+00 0.0000000000e+00 0.0000000000e+00 0.0000000000e+00 0.0000000000e+00 0.0000000000e+00 0.0000000000e+00 0.0000000000e+00 0.0000000000e+00 
1.1373017810e-04 4.2278456403e-04 0.0000000000e+00 0.0000000000e+00 0.0000000000e+00 0.0000000000e+00 0.0000000000e+00 0.0000000000e+00 0.0000000000e+00 0.0000000000e+00 0.0000000000e+00 0.0000000000e+00 0.0000000000e+00 0.0000000000e+00 0.0000000000e+00 0.0000000000e+00 0.0000000000e+00 0.0000000000e+00 0.0000000000e+00 0.0000000000e+00 
7.0464094005e-05 1.9635308465e-04 5.4685134137e-04 0.0000000000e+00 0.0000000000e+00 0.0000000000e+00 0.0000000000e+00 0.0000000000e+00 0.0000000000e+00 0.0000000000e+00 0.0000000000e+00 0.0000000000e+00 0.0000000000e+00 0.0000000000e+00 0.0000000000e+00 0.0000000000e+00 0.0000000000e+00 0.0000000000e+00 0.0000000000e+00 0.0000000000e+00 
4.9088271164e-05 1.2152252030e-04 2.5369254900e-04 6.2733475236e-04 0.0000000000e+00 0.0000000000e+00 0.0000000000e+00 0.0000000000e+00 0.0000000000e+00 0.0000000000e+00 0.0000000000e+00 0.0000000000e+00 0.0000000000e+00 0.0000000000e+00 0.0000000000e+00 0.0000000000e+00 0.0000000000e+00 0.0000000000e+00 0.0000000000e+00 0.0000000000e+00 
3.6456756091e-05 8.4564182998e-05 1.5683368809e-04 2.9069863706e-04 6.7313716723e-04 0.0000000000e+00 0.0000000000e+00 0.0000000000e+00 0.0000000000e+00 0.0000000000e+00 0.0000000000e+00 0.0000000000e+00 0.0000000000e+00 0.0000000000e+00 0.0000000000e+00 0.0000000000e+00 0.0000000000e+00 0.0000000000e+00 0.0000000000e+00 0.0000000000e+00 
2.8188060999e-05 6.2733475236e-05 1.0901198890e-04 1.7950324460e-04 3.1155674295e-04 6.9175290276e-04 0.0000000000e+00 0.0000000000e+00 0.0000000000e+00 0.0000000000e+00 0.0000000000e+00 0.0000000000e+00 0.0000000000e+00 0.0000000000e+00 0.0000000000e+00 0.0000000000e+00 0.0000000000e+00 0.0000000000e+00 0.0000000000e+00 0.0000000000e+00 
2.2404812584e-05 4.8449772843e-05 8.0776460068e-05 1.2462269718e-04 1.9215358410e-04 3.1978530852e-04 6.8945120432e-04 0.0000000000e+00 0.0000000000e+00 0.0000000000e+00 0.0000000000e+00 0.0000000000e+00 0.0000000000e+00 0.0000000000e+00 0.0000000000e+00 0.0000000000e+00 0.0000000000e+00 0.0000000000e+00 0.0000000000e+00 0.0000000000e+00 
1.8168664816e-05 3.8464980985e-05 6.2311348590e-05 9.2233720369e-05 1.3324387855e-04 1.9698605838e-04 3.1832314562e-04 6.7143949269e-04 0.0000000000e+00 0.0000000000e+00 0.0000000000e+00 0.0000000000e+00 0.0000000000e+00 0.0000000000e+00 0.0000000000e+00 0.0000000000e+00 0.0000000000e+00 0.0000000000e+00 0.0000000000e+00 0.0000000000e+00 
1.4958603716e-05 3.1155674295e-05 4.9410921626e-05 7.1063401893e-05 9.8493029188e-05 1.3642420527e-04 1.9583651870e-04 3.0960726938e-04 6.4200862050e-04 0.0000000000e+00 0.0000000000e+00 0.0000000000e+00 0.0000000000e+00 0.0000000000e+00 0.0000000000e+00 0.0000000000e+00 0.0000000000e+00 0.0000000000e+00 0.0000000000e+00 0.0000000000e+00 
1.2462269718e-05 2.5620477880e-05 3.9973163565e-05 5.6281730965e-05 7.5791225148e-05 1.0071592390e-04 1.3545318035e-04 1.9022477644e-04 2.9564208762e-04 6.0466176000e-04 0.0000000000e+00 0.0000000000e+00 0.0000000000e+00 0.0000000000e+00 0.0000000000e+00 0.0000000000e+00 0.0000000000e+00 0.0000000000e+00 0.0000000000e+00 0.0000000000e+00 
1.0481104587e-05 2.1319020568e-05 3.2831009729e-05 4.5474735089e-05 5.9949954705e-05 7.7401817344e-05 9.9868007633e-05 1.3139648339e-04 1.8139852800e-04 2.7806073194e-04 5.6222842863e-04 0.0000000000e+00 0.0000000000e+00 0.0000000000e+00 0.0000000000e+00 0.0000000000e+00 0.0000000000e+00 0.0000000000e+00 0.0000000000e+00 0.0000000000e+00 
8.8829252366e-06 1.7907823489e-05 2.7284841053e-05 3.7302194039e-05 4.8376135840e-05 6.1143678143e-05 7.6647948641e-05 9.6745881600e-05 1.2512732937e-04 1.7037225110e-04 2.5817925919e-04 5.1696504828e-04 0.0000000000e+00 0.0000000000e+00 0.0000000000e+00 0.0000000000e+00 0.0000000000e+00 0.0000000000e+00 0.0000000000e+00 0.0000000000e+00 
7.5763868606e-06 1.5158245030e-05 2.2889982706e-05 3.0960726938e-05 3.9630161759e-05 4.9273681269e-05 6.0466176000e-05 7.4149528517e-05 9.2001015594e-05 1.1735420872e-04 1.5796154253e-04 2.3704439858e-04 4.7064333089e-04 0.0000000000e+00 0.0000000000e+00 0.0000000000e+00 0.0000000000e+00 0.0000000000e+00 0.0000000000e+00 0.0000000000e+00 
6.4963907269e-06 1.2912297936e-05 1.9350454336e-05 2.5939742242e-05 3.2849120846e-05 4.0310784000e-05 4.8660628089e-05 5.8413343234e-05 7.0412525233e-05 8.6160841380e-05 1.0864534935e-04 1.4481333258e-04 2.1547546909e-04 4.2462768473e-04 0.0000000000e+00 0.0000000000e+00 0.0000000000e+00 0.0000000000e+00 0.0000000000e+00 0.0000000000e+00 
5.5953291058e-06 1.1057402478e-05 1.6461759500e-05 2.1899413898e-05 2.7484625455e-05 3.3367287833e-05 3.9753525257e-05 4.6941683489e-05 5.5389112316e-05 6.5845666271e-05 7.9647332921e-05 9.9450216502e-05 1.3143237861e-04 1.9410104397e-04 3.7994274318e-04 0.0000000000e+00 0.0000000000e+00 0.0000000000e+00 0.0000000000e+00 0.0000000000e+00 
4.8376135840e-06 9.5112388222e-06 1.4078194648e-05 1.8604977231e-05 2.3171727662e-05 2.7879095635e-05 3.2859178442e-05 3.8293707280e-05 4.4445824733e-05 5.1719047351e-05 6.0775132307e-05 7.2793317383e-05 9.0118341843e-05 1.1820440899e-04 1.7339089414e-04 3.3733203082e-04 0.0000000000e+00 0.0000000000e+00 0.0000000000e+00 0.0000000000e+00 
4.1961347745e-06 8.2122802116e-06 1.2093235200e-05 1.5889184682e-05 1.9658336665e-05 2.3470841744e-05 2.7414813166e-05 3.1605919810e-05 3.6203333146e-05 4.1437590209e-05 4.7662291144e-05 5.5457441134e-05 6.5856742151e-05 8.0915750596e-05 1.0541625963e-04 1.5368369979e-04 2.9730869962e-04 0.0000000000e+00 0.0000000000e+00 0.0000000000e+00 
3.6499023163e-06 7.1136677647e-06 1.0427277448e-05 1.3629780088e-05 1.6764886960e-05 1.9883271088e-05 2.3045983195e-05 2.6329696833e-05 2.9835064950e-05 3.3700609900e-05 3.8126990780e-05 4.3422027792e-05 5.0090702750e-05 5.9033105394e-05 7.2039234276e-05 9.3273317528e-05 1.3521097976e-04 2.6019919071e-04 0.0000000000e+00 0.0000000000e+00 
3.1824303158e-06 6.1791273764e-06 9.0197074112e-06 1.1735420872e-05 1.4360140230e-05 1.6931742755e-05 1.9494102463e-05 2.2100048111e-05 2.4815903653e-05 2.7728720567e-05 3.0958297592e-05 3.4678178827e-05 3.9154610721e-05 4.4824412438e-05 5.2466241110e-05 6.3628696358e-05 8.1914560038e-05 1.1811765053e-04 2.2618060527e-04 0.0000000000e+00 
2.7806073194e-06 5.3801763505e-06 7.8236139148e-06 1.0136569574e-05 1.2346062426e-05 1.4481333258e-05 1.6575036084e-05 1.8664953175e-05 2.0796540425e-05 2.3026832920e-05 2.5430664473e-05 2.8111002569e-05 3.1217001519e-05 3.4977494073e-05 3.9767935224e-05 4.6257633904e-05 5.5777779416e-05 7.1425454297e-05 1.0247959171e-04 1.9531250000e-04 
///Zona 2
//Sigma Total g (g=1..20)
1.2618767264e-01 2.5237534527e-01 3.7856301791e-01 5.0475069054e-01 4.4165685423e-01 7.5712603582e-01 8.8331370845e-01 1.0095013811e+00 1.1356890537e+00 1.0725952174e+00 1.3880643990e+00 1.5142520716e+00 1.6404397443e+00 1.7666274169e+00 1.8928150895e+00 2.0190027622e+00 2.1451904348e+00 2.2713781074e+00 2.3975657801e+00 2.5237534527e+00 
//Sigma Espalhamento 0 g'g (g linha; g' coluna)
1.0476190476e-02 0.0000000000e+00 0.0000000000e+00 0.0000000000e+00 0.0000000000e+00 0.0000000000e+00 0.0000000000e+00 0.0000000000e+00 0.0000000000e+00 0.0000000000e+00 0.0000000000e+00 0.0000000000e+00 0.0000000000e+00 0.0000000000e+00 0.0000000000e+00 0.0000000000e+00 0.0000000000e+00 0.0000000000e+00 0.0000000000e+00 0.0000000000e+00 
5.2380952381e-03 2.0952380952e-02 0.0000000000e+00 0.0000000000e+00 0.0000000000e+00 0.0000000000e+00 0.0000000000e+00 0.0000000000e+00 0.0000000000e+00 0.0000000000e+00 0.0000000000e+00 0.0000000000e+00 0.0000000000e+00 0.0000000000e+00 0.0000000000e+00 0.0000000000e+00 0.0000000000e+00 0.0000000000e+00 0.0000000000e+00 0.0000000000e+00 
3.4920634921e-03 1.0476190476e-02 3.1428571429e-02 0.0000000000e+00 0.0000000000e+00 0.0000000000e+00 0.0000000000e+00 0.0000000000e+00 0.0000000000e+00 0.0000000000e+00 0.0000000000e+00 0.0000000000e+00 0.0000000000e+00 0.0000000000e+00 0.0000000000e+00 0.0000000000e+00 0.0000000000e+00 0.0000000000e+00 0.0000000000e+00 0.0000000000e+00 
2.6190476190e-03 6.9841269841e-03 1.5714285714e-02 4.1904761905e-02 0.0000000000e+00 0.0000000000e+00 0.0000000000e+00 0.0000000000e+00 0.0000000000e+00 0.0000000000e+00 0.0000000000e+00 0.0000000000e+00 0.0000000000e+00 0.0000000000e+00 0.0000000000e+00 0.0000000000e+00 0.0000000000e+00 0.0000000000e+00 0.0000000000e+00 0.0000000000e+00 
2.0952380952e-03 5.2380952381e-03 1.0476190476e-02 2.0952380952e-02 5.2380952381e-02 0.0000000000e+00 0.0000000000e+00 0.0000000000e+00 0.0000000000e+00 0.0000000000e+00 0.0000000000e+00 0.0000000000e+00 0.0000000000e+00 0.0000000000e+00 0.0000000000e+00 0.0000000000e+00 0.0000000000e+00 0.0000000000e+00 0.0000000000e+00 0.0000000000e+00 
1.7460317460e-03 4.1904761905e-03 7.8571428571e-03 1.3968253968e-02 2.6190476190e-02 6.2857142857e-02 0.0000000000e+00 0.0000000000e+00 0.0000000000e+00 0.0000000000e+00 0.0000000000e+00 0.0000000000e+00 0.0000000000e+00 0.0000000000e+00 0.0000000000e+00 0.0000000000e+00 0.0000000000e+00 0.0000000000e+00 0.0000000000e+00 0.0000000000e+00 
1.4965986395e-03 3.4920634921e-03 6.2857142857e-03 1.0476190476e-02 1.7460317460e-02 3.1428571429e-02 7.3333333333e-02 0.0000000000e+00 0.0000000000e+00 0.0000000000e+00 0.0000000000e+00 0.0000000000e+00 0.0000000000e+00 0.0000000000e+00 0.0000000000e+00 0.0000000000e+00 0.0000000000e+00 0.0000000000e+00 0.0000000000e+00 0.0000000000e+00 
1.3095238095e-03 2.9931972789e-03 5.2380952381e-03 8.3809523810e-03 1.3095238095e-02 2.0952380952e-02 3.6666666667e-02 8.3809523810e-02 0.0000000000e+00 0.0000000000e+00 0.0000000000e+00 0.0000000000e+00 0.0000000000e+00 0.0000000000e+00 0.0000000000e+00 0.0000000000e+00 0.0000000000e+00 0.0000000000e+00 0.0000000000e+00 0.0000000000e+00 
1.1640211640e-03 2.6190476190e-03 4.4897959184e-03 6.9841269841e-03 1.0476190476e-02 1.5714285714e-02 2.4444444444e-02 4.1904761905e-02 9.4285714286e-02 0.0000000000e+00 0.0000000000e+00 0.0000000000e+00 0.0000000000e+00 0.0000000000e+00 0.0000000000e+00 0.0000000000e+00 0.0000000000e+00 0.0000000000e+00 0.0000000000e+00 0.0000000000e+00 
1.0476190476e-03 2.3280423280e-03 3.9285714286e-03 5.9863945578e-03 8.7301587302e-03 1.2571428571e-02 1.8333333333e-02 2.7936507937e-02 4.7142857143e-02 1.0476190476e-01 0.0000000000e+00 0.0000000000e+00 0.0000000000e+00 0.0000000000e+00 0.0000000000e+00 0.0000000000e+00 0.0000000000e+00 0.0000000000e+00 0.0000000000e+00 0.0000000000e+00 
9.5238095238e-04 2.0952380952e-03 3.4920634921e-03 5.2380952381e-03 7.4829931973e-03 1.0476190476e-02 1.4666666667e-02 2.0952380952e-02 3.1428571429e-02 5.2380952381e-02 1.1523809524e-01 0.0000000000e+00 0.0000000000e+00 0.0000000000e+00 0.0000000000e+00 0.0000000000e+00 0.0000000000e+00 0.0000000000e+00 0.0000000000e+00 0.0000000000e+00 
8.7301587302e-04 1.9047619048e-03 3.1428571429e-03 4.6560846561e-03 6.5476190476e-03 8.9795918367e-03 1.2222222222e-02 1.6761904762e-02 2.3571428571e-02 3.4920634921e-02 5.7619047619e-02 1.2571428571e-01 0.0000000000e+00 0.0000000000e+00 0.0000000000e+00 0.0000000000e+00 0.0000000000e+00 0.0000000000e+00 0.0000000000e+00 0.0000000000e+00 
8.0586080586e-04 1.7460317460e-03 2.8571428571e-03 4.1904761905e-03 5.8201058201e-03 7.8571428571e-03 1.0476190476e-02 1.3968253968e-02 1.8857142857e-02 2.6190476190e-02 3.8412698413e-02 6.2857142857e-02 1.3619047619e-01 0.0000000000e+00 0.0000000000e+00 0.0000000000e+00 0.0000000000e+00 0.0000000000e+00 0.0000000000e+00 0.0000000000e+00 
7.4829931973e-04 1.6117216117e-03 2.6190476190e-03 3.8095238095e-03 5.2380952381e-03 6.9841269841e-03 9.1666666667e-03 1.1972789116e-02 1.5714285714e-02 2.0952380952e-02 2.8809523810e-02 4.1904761905e-02 6.8095238095e-02 1.4666666667e-01 0.0000000000e+00 0.0000000000e+00 0.0000000000e+00 0.0000000000e+00 0.0000000000e+00 0.0000000000e+00 
6.9841269841e-04 1.4965986395e-03 2.4175824176e-03 3.4920634921e-03 4.7619047619e-03 6.2857142857e-03 8.1481481481e-03 1.0476190476e-02 1.3469387755e-02 1.7460317460e-02 2.3047619048e-02 3.1428571429e-02 4.5396825397e-02 7.3333333333e-02 1.5714285714e-01 0.0000000000e+00 0.0000000000e+00 0.0000000000e+00 0.0000000000e+00 0.0000000000e+00 
6.5476190476e-04 1.3968253968e-03 2.2448979592e-03 3.2234432234e-03 4.3650793651e-03 5.7142857143e-03 7.3333333333e-03 9.3121693122e-03 1.1785714286e-02 1.4965986395e-02 1.9206349206e-02 2.5142857143e-02 3.4047619048e-02 4.8888888889e-02 7.8571428571e-02 1.6761904762e-01 0.0000000000e+00 0.0000000000e+00 0.0000000000e+00 0.0000000000e+00 
6.1624649860e-04 1.3095238095e-03 2.0952380952e-03 2.9931972789e-03 4.0293040293e-03 5.2380952381e-03 6.6666666667e-03 8.3809523810e-03 1.0476190476e-02 1.3095238095e-02 1.6462585034e-02 2.0952380952e-02 2.7238095238e-02 3.6666666667e-02 5.2380952381e-02 8.3809523810e-02 1.7809523810e-01 0.0000000000e+00 0.0000000000e+00 0.0000000000e+00 
5.8201058201e-04 1.2324929972e-03 1.9642857143e-03 2.7936507937e-03 3.7414965986e-03 4.8351648352e-03 6.1111111111e-03 7.6190476190e-03 9.4285714286e-03 1.1640211640e-02 1.4404761905e-02 1.7959183673e-02 2.2698412698e-02 2.9333333333e-02 3.9285714286e-02 5.5873015873e-02 8.9047619048e-02 1.8857142857e-01 0.0000000000e+00 0.0000000000e+00 
5.5137844612e-04 1.1640211640e-03 1.8487394958e-03 2.6190476190e-03 3.4920634921e-03 4.4897959184e-03 5.6410256410e-03 6.9841269841e-03 8.5714285714e-03 1.0476190476e-02 1.2804232804e-02 1.5714285714e-02 1.9455782313e-02 2.4444444444e-02 3.1428571429e-02 4.1904761905e-02 5.9365079365e-02 9.4285714286e-02 1.9904761905e-01 0.0000000000e+00 
5.2380952381e-04 1.1027568922e-03 1.7460317460e-03 2.4649859944e-03 3.2738095238e-03 4.1904761905e-03 5.2380952381e-03 6.4468864469e-03 7.8571428571e-03 9.5238095238e-03 1.1523809524e-02 1.3968253968e-02 1.7023809524e-02 2.0952380952e-02 2.6190476190e-02 3.3523809524e-02 4.4523809524e-02 6.2857142857e-02 9.9523809524e-02 2.0952380952e-01 
//Sigma Espalhamento 1 g'g (g linha; g' coluna)
7.2285714286e-03 0.0000000000e+00 0.0000000000e+00 0.0000000000e+00 0.0000000000e+00 0.0000000000e+00 0.0000000000e+00 0.0000000000e+00 0.0000000000e+00 0.0000000000e+00 0.0000000000e+00 0.0000000000e+00 0.0000000000e+00 0.0000000000e+00 0.0000000000e+00 0.0000000000e+00 0.0000000000e+00 0.0000000000e+00 0.0000000000e+00 0.0000000000e+00 
3.5880952381e-03 1.4247619048e-02 0.0000000000e+00 0.0000000000e+00 0.0000000000e+00 0.0000000000e+00 0.0000000000e+00 0.0000000000e+00 0.0000000000e+00 0.0000000000e+00 0.0000000000e+00 0.0000000000e+00 0.0000000000e+00 0.0000000000e+00 0.0000000000e+00 0.0000000000e+00 0.0000000000e+00 0.0000000000e+00 0.0000000000e+00 0.0000000000e+00 
2.3746031746e-03 7.0714285714e-03 2.1057142857e-02 0.0000000000e+00 0.0000000000e+00 0.0000000000e+00 0.0000000000e+00 0.0000000000e+00 0.0000000000e+00 0.0000000000e+00 0.0000000000e+00 0.0000000000e+00 0.0000000000e+00 0.0000000000e+00 0.0000000000e+00 0.0000000000e+00 0.0000000000e+00 0.0000000000e+00 0.0000000000e+00 0.0000000000e+00 
1.7678571429e-03 4.6793650794e-03 1.0450000000e-02 2.7657142857e-02 0.0000000000e+00 0.0000000000e+00 0.0000000000e+00 0.0000000000e+00 0.0000000000e+00 0.0000000000e+00 0.0000000000e+00 0.0000000000e+00 0.0000000000e+00 0.0000000000e+00 0.0000000000e+00 0.0000000000e+00 0.0000000000e+00 0.0000000000e+00 0.0000000000e+00 0.0000000000e+00 
1.4038095238e-03 3.4833333333e-03 6.9142857143e-03 1.3723809524e-02 3.4047619048e-02 0.0000000000e+00 0.0000000000e+00 0.0000000000e+00 0.0000000000e+00 0.0000000000e+00 0.0000000000e+00 0.0000000000e+00 0.0000000000e+00 0.0000000000e+00 0.0000000000e+00 0.0000000000e+00 0.0000000000e+00 0.0000000000e+00 0.0000000000e+00 0.0000000000e+00 
1.1611111111e-03 2.7657142857e-03 5.1464285714e-03 9.0793650794e-03 1.6892857143e-02 4.0228571429e-02 0.0000000000e+00 0.0000000000e+00 0.0000000000e+00 0.0000000000e+00 0.0000000000e+00 0.0000000000e+00 0.0000000000e+00 0.0000000000e+00 0.0000000000e+00 0.0000000000e+00 0.0000000000e+00 0.0000000000e+00 0.0000000000e+00 0.0000000000e+00 
9.8775510204e-04 2.2873015873e-03 4.0857142857e-03 6.7571428571e-03 1.1174603175e-02 1.9957142857e-02 4.6200000000e-02 0.0000000000e+00 0.0000000000e+00 0.0000000000e+00 0.0000000000e+00 0.0000000000e+00 0.0000000000e+00 0.0000000000e+00 0.0000000000e+00 0.0000000000e+00 0.0000000000e+00 0.0000000000e+00 0.0000000000e+00 0.0000000000e+00 
8.5773809524e-04 1.9455782313e-03 3.3785714286e-03 5.3638095238e-03 8.3154761905e-03 1.3200000000e-02 2.2916666667e-02 5.1961904762e-02 0.0000000000e+00 0.0000000000e+00 0.0000000000e+00 0.0000000000e+00 0.0000000000e+00 0.0000000000e+00 0.0000000000e+00 0.0000000000e+00 0.0000000000e+00 0.0000000000e+00 0.0000000000e+00 0.0000000000e+00 
7.5661375661e-04 1.6892857143e-03 2.8734693878e-03 4.4349206349e-03 6.6000000000e-03 9.8214285714e-03 1.5155555556e-02 2.5771428571e-02 5.7514285714e-02 0.0000000000e+00 0.0000000000e+00 0.0000000000e+00 0.0000000000e+00 0.0000000000e+00 0.0000000000e+00 0.0000000000e+00 0.0000000000e+00 0.0000000000e+00 0.0000000000e+00 0.0000000000e+00 
6.7571428571e-04 1.4899470899e-03 2.4946428571e-03 3.7714285714e-03 5.4563492063e-03 7.7942857143e-03 1.1275000000e-02 1.7041269841e-02 2.8521428571e-02 6.2857142857e-02 0.0000000000e+00 0.0000000000e+00 0.0000000000e+00 0.0000000000e+00 0.0000000000e+00 0.0000000000e+00 0.0000000000e+00 0.0000000000e+00 0.0000000000e+00 0.0000000000e+00 
6.0952380952e-04 1.3304761905e-03 2.2000000000e-03 3.2738095238e-03 4.6394557823e-03 6.4428571429e-03 8.9466666667e-03 1.2676190476e-02 1.8857142857e-02 3.1166666667e-02 6.7990476190e-02 0.0000000000e+00 0.0000000000e+00 0.0000000000e+00 0.0000000000e+00 0.0000000000e+00 0.0000000000e+00 0.0000000000e+00 0.0000000000e+00 0.0000000000e+00 
5.5436507937e-04 1.2000000000e-03 1.9642857143e-03 2.8867724868e-03 4.0267857143e-03 5.4775510204e-03 7.3944444444e-03 1.0057142857e-02 1.4025000000e-02 2.0603174603e-02 3.3707142857e-02 7.2914285714e-02 0.0000000000e+00 0.0000000000e+00 0.0000000000e+00 0.0000000000e+00 0.0000000000e+00 0.0000000000e+00 0.0000000000e+00 0.0000000000e+00 
5.0769230769e-04 1.0912698413e-03 1.7714285714e-03 2.5771428571e-03 3.5502645503e-03 4.7535714286e-03 6.2857142857e-03 8.3111111111e-03 1.1125714286e-02 1.5321428571e-02 2.2279365079e-02 3.6142857143e-02 7.7628571429e-02 0.0000000000e+00 0.0000000000e+00 0.0000000000e+00 0.0000000000e+00 0.0000000000e+00 0.0000000000e+00 0.0000000000e+00 
4.6768707483e-04 9.9926739927e-04 1.6107142857e-03 2.3238095238e-03 3.1690476190e-03 4.1904761905e-03 5.4541666667e-03 7.0639455782e-03 9.1928571429e-03 1.2152380952e-02 1.6565476190e-02 2.3885714286e-02 3.8473809524e-02 8.2133333333e-02 0.0000000000e+00 0.0000000000e+00 0.0000000000e+00 0.0000000000e+00 0.0000000000e+00 0.0000000000e+00 
4.3301587302e-04 9.2040816327e-04 1.4747252747e-03 2.1126984127e-03 2.8571428571e-03 3.7400000000e-03 4.8074074074e-03 6.1285714286e-03 7.8122448980e-03 1.0039682540e-02 1.3137142857e-02 1.7757142857e-02 2.5422222222e-02 4.0700000000e-02 8.6428571429e-02 0.0000000000e+00 0.0000000000e+00 0.0000000000e+00 0.0000000000e+00 0.0000000000e+00 
4.0267857143e-04 8.5206349206e-04 1.3581632653e-03 1.9340659341e-03 2.5972222222e-03 3.3714285714e-03 4.2900000000e-03 5.4010582011e-03 6.7767857143e-03 8.5306122449e-03 1.0851587302e-02 1.4080000000e-02 1.8896428571e-02 2.6888888889e-02 4.2821428571e-02 9.0514285714e-02 0.0000000000e+00 0.0000000000e+00 0.0000000000e+00 0.0000000000e+00 
3.7591036415e-04 7.9226190476e-04 1.2571428571e-03 1.7809523810e-03 2.3772893773e-03 3.0642857143e-03 3.8666666667e-03 4.8190476190e-03 5.9714285714e-03 7.3988095238e-03 9.2190476190e-03 1.1628571429e-02 1.4980952381e-02 1.9983333333e-02 2.8285714286e-02 4.4838095238e-02 9.4390476190e-02 0.0000000000e+00 0.0000000000e+00 0.0000000000e+00 
3.5211640212e-04 7.3949579832e-04 1.1687500000e-03 1.6482539683e-03 2.1887755102e-03 2.8043956044e-03 3.5138888889e-03 4.3428571429e-03 5.3271428571e-03 6.5185185185e-03 7.9946428571e-03 9.8775510204e-03 1.2370634921e-02 1.5840000000e-02 2.1017857143e-02 2.9612698413e-02 4.6750000000e-02 9.8057142857e-02 0.0000000000e+00 0.0000000000e+00 
3.3082706767e-04 6.9259259259e-04 1.0907563025e-03 1.5321428571e-03 2.0253968254e-03 2.5816326531e-03 3.2153846154e-03 3.9460317460e-03 4.8000000000e-03 5.8142857143e-03 7.0423280423e-03 8.5642857143e-03 1.0506122449e-02 1.3077777778e-02 1.6657142857e-02 2.2000000000e-02 3.0869841270e-02 4.8557142857e-02 1.0151428571e-01 0.0000000000e+00 
3.1166666667e-04 6.5062656642e-04 1.0214285714e-03 1.4296918768e-03 1.8824404762e-03 2.3885714286e-03 2.9595238095e-03 3.6102564103e-03 4.3607142857e-03 5.2380952381e-03 6.2804761905e-03 7.5428571429e-03 9.1077380952e-03 1.1104761905e-02 1.3750000000e-02 1.7432380952e-02 2.2929761905e-02 3.2057142857e-02 5.0259523810e-02 1.0476190476e-01 
//Sigma Espalhamento 2 g'g (g linha; g' coluna)
4.9877142857e-03 0.0000000000e+00 0.0000000000e+00 0.0000000000e+00 0.0000000000e+00 0.0000000000e+00 0.0000000000e+00 0.0000000000e+00 0.0000000000e+00 0.0000000000e+00 0.0000000000e+00 0.0000000000e+00 0.0000000000e+00 0.0000000000e+00 0.0000000000e+00 0.0000000000e+00 0.0000000000e+00 0.0000000000e+00 0.0000000000e+00 0.0000000000e+00 
2.4578452381e-03 9.6883809524e-03 0.0000000000e+00 0.0000000000e+00 0.0000000000e+00 0.0000000000e+00 0.0000000000e+00 0.0000000000e+00 0.0000000000e+00 0.0000000000e+00 0.0000000000e+00 0.0000000000e+00 0.0000000000e+00 0.0000000000e+00 0.0000000000e+00 0.0000000000e+00 0.0000000000e+00 0.0000000000e+00 0.0000000000e+00 0.0000000000e+00 
1.6147301587e-03 4.7732142857e-03 1.4108285714e-02 0.0000000000e+00 0.0000000000e+00 0.0000000000e+00 0.0000000000e+00 0.0000000000e+00 0.0000000000e+00 0.0000000000e+00 0.0000000000e+00 0.0000000000e+00 0.0000000000e+00 0.0000000000e+00 0.0000000000e+00 0.0000000000e+00 0.0000000000e+00 0.0000000000e+00 0.0000000000e+00 0.0000000000e+00 
1.1933035714e-03 3.1351746032e-03 6.9492500000e-03 1.8253714286e-02 0.0000000000e+00 0.0000000000e+00 0.0000000000e+00 0.0000000000e+00 0.0000000000e+00 0.0000000000e+00 0.0000000000e+00 0.0000000000e+00 0.0000000000e+00 0.0000000000e+00 0.0000000000e+00 0.0000000000e+00 0.0000000000e+00 0.0000000000e+00 0.0000000000e+00 0.0000000000e+00 
9.4055238095e-04 2.3164166667e-03 4.5634285714e-03 8.9890952381e-03 2.2130952381e-02 0.0000000000e+00 0.0000000000e+00 0.0000000000e+00 0.0000000000e+00 0.0000000000e+00 0.0000000000e+00 0.0000000000e+00 0.0000000000e+00 0.0000000000e+00 0.0000000000e+00 0.0000000000e+00 0.0000000000e+00 0.0000000000e+00 0.0000000000e+00 0.0000000000e+00 
7.7213888889e-04 1.8253714286e-03 3.3709107143e-03 5.9015873016e-03 1.0895892857e-02 2.5746285714e-02 0.0000000000e+00 0.0000000000e+00 0.0000000000e+00 0.0000000000e+00 0.0000000000e+00 0.0000000000e+00 0.0000000000e+00 0.0000000000e+00 0.0000000000e+00 0.0000000000e+00 0.0000000000e+00 0.0000000000e+00 0.0000000000e+00 0.0000000000e+00 
6.5191836735e-04 1.4981825397e-03 2.6557142857e-03 4.3583571429e-03 7.1517460317e-03 1.2672785714e-02 2.9106000000e-02 0.0000000000e+00 0.0000000000e+00 0.0000000000e+00 0.0000000000e+00 0.0000000000e+00 0.0000000000e+00 0.0000000000e+00 0.0000000000e+00 0.0000000000e+00 0.0000000000e+00 0.0000000000e+00 0.0000000000e+00 0.0000000000e+00 
5.6181845238e-04 1.2646258503e-03 2.1791785714e-03 3.4328380952e-03 5.2803273810e-03 8.3160000000e-03 1.4322916667e-02 3.2216380952e-02 0.0000000000e+00 0.0000000000e+00 0.0000000000e+00 0.0000000000e+00 0.0000000000e+00 0.0000000000e+00 0.0000000000e+00 0.0000000000e+00 0.0000000000e+00 0.0000000000e+00 0.0000000000e+00 0.0000000000e+00 
4.9179894180e-04 1.0895892857e-03 1.8390204082e-03 2.8161746032e-03 4.1580000000e-03 6.1383928571e-03 9.3964444444e-03 1.5849428571e-02 3.5083714286e-02 0.0000000000e+00 0.0000000000e+00 0.0000000000e+00 0.0000000000e+00 0.0000000000e+00 0.0000000000e+00 0.0000000000e+00 0.0000000000e+00 0.0000000000e+00 0.0000000000e+00 0.0000000000e+00 
4.3583571429e-04 9.5356613757e-04 1.5840982143e-03 2.3760000000e-03 3.4102182540e-03 4.8324571429e-03 6.9341250000e-03 1.0395174603e-02 1.7255464286e-02 3.7714285714e-02 0.0000000000e+00 0.0000000000e+00 0.0000000000e+00 0.0000000000e+00 0.0000000000e+00 0.0000000000e+00 0.0000000000e+00 0.0000000000e+00 0.0000000000e+00 0.0000000000e+00 
3.9009523810e-04 8.4485238095e-04 1.3860000000e-03 2.0461309524e-03 2.8764625850e-03 3.9623571429e-03 5.4574666667e-03 7.6690952381e-03 1.1314285714e-02 1.8544166667e-02 4.0114380952e-02 0.0000000000e+00 0.0000000000e+00 0.0000000000e+00 0.0000000000e+00 0.0000000000e+00 0.0000000000e+00 0.0000000000e+00 0.0000000000e+00 0.0000000000e+00 
3.5202182540e-04 7.5600000000e-04 1.2276785714e-03 1.7897989418e-03 2.4764732143e-03 3.3413061224e-03 4.4736388889e-03 6.0342857143e-03 8.3448750000e-03 1.2155873016e-02 1.9718678571e-02 4.2290285714e-02 0.0000000000e+00 0.0000000000e+00 0.0000000000e+00 0.0000000000e+00 0.0000000000e+00 0.0000000000e+00 0.0000000000e+00 0.0000000000e+00 
3.1984615385e-04 6.8204365079e-04 1.0982857143e-03 1.5849428571e-03 2.1656613757e-03 2.8759107143e-03 3.7714285714e-03 4.9451111111e-03 6.5641714286e-03 8.9630357143e-03 1.2922031746e-02 2.0782142857e-02 4.4248285714e-02 0.0000000000e+00 0.0000000000e+00 0.0000000000e+00 0.0000000000e+00 0.0000000000e+00 0.0000000000e+00 0.0000000000e+00 
2.9230442177e-04 6.1954578755e-04 9.9058928571e-04 1.4175238095e-03 1.9172738095e-03 2.5142857143e-03 3.2452291667e-03 4.1677278912e-03 5.3778214286e-03 7.0483809524e-03 9.5251488095e-03 1.3614857143e-02 2.1737702381e-02 4.5994666667e-02 0.0000000000e+00 0.0000000000e+00 0.0000000000e+00 0.0000000000e+00 0.0000000000e+00 0.0000000000e+00 
2.6846984127e-04 5.6605102041e-04 8.9958241758e-04 1.2781825397e-03 1.7142857143e-03 2.2253000000e-03 2.8363703704e-03 3.5852142857e-03 4.5311020408e-03 5.7728174603e-03 7.4881714286e-03 1.0032785714e-02 1.4236444444e-02 2.2588500000e-02 4.7535714286e-02 0.0000000000e+00 0.0000000000e+00 0.0000000000e+00 0.0000000000e+00 0.0000000000e+00 
2.4764732143e-04 5.1975873016e-04 8.2168877551e-04 1.1604395604e-03 1.5453472222e-03 1.9891428571e-03 2.5096500000e-03 3.1326137566e-03 3.8966517857e-03 4.8624489796e-03 6.1311468254e-03 7.8848000000e-03 1.0487517857e-02 1.4788888889e-02 2.3337678571e-02 4.8877714286e-02 0.0000000000e+00 0.0000000000e+00 0.0000000000e+00 0.0000000000e+00 
2.2930532213e-04 4.7931845238e-04 7.5428571429e-04 1.0596666667e-03 1.4026007326e-03 1.7926071429e-03 2.2426666667e-03 2.7709523810e-03 3.4037142857e-03 4.1803273810e-03 5.1626666667e-03 6.4538571429e-03 8.2395238095e-03 1.0890916667e-02 1.5274285714e-02 2.3988380952e-02 5.0026952381e-02 0.0000000000e+00 0.0000000000e+00 0.0000000000e+00 
2.1303042328e-04 4.4369747899e-04 6.9540625000e-04 9.7246984127e-04 1.2804336735e-03 1.6265494505e-03 2.0204861111e-03 2.4754285714e-03 3.0098357143e-03 3.6503703704e-03 4.4370267857e-03 5.4326530612e-03 6.7419960317e-03 8.5536000000e-03 1.1244553571e-02 1.5694730159e-02 2.4543750000e-02 5.0989714286e-02 0.0000000000e+00 0.0000000000e+00 
1.9849624060e-04 4.1209259259e-04 6.4354621849e-04 8.9630357143e-04 1.1747301587e-03 1.4844387755e-03 1.8327692308e-03 2.2295079365e-03 2.6880000000e-03 3.2269285714e-03 3.8732804233e-03 4.6675357143e-03 5.6733061224e-03 6.9966111111e-03 8.8282857143e-03 1.1550000000e-02 1.6052317460e-02 2.5006928571e-02 5.1772285714e-02 0.0000000000e+00 
1.8544166667e-04 3.8386967419e-04 5.9753571429e-04 8.2922128852e-04 1.0824032738e-03 1.3614857143e-03 1.6721309524e-03 2.0217435897e-03 2.4201964286e-03 2.8809523810e-03 3.4228595238e-03 4.0731428571e-03 4.8726398810e-03 5.8855238095e-03 7.2187500000e-03 9.0648380952e-03 1.1808827381e-02 1.6349142857e-02 2.5381059524e-02 5.2380952381e-02 
//Sigma Espalhamento 3 g'g (g linha; g' coluna)
3.4415228571e-03 0.0000000000e+00 0.0000000000e+00 0.0000000000e+00 0.0000000000e+00 0.0000000000e+00 0.0000000000e+00 0.0000000000e+00 0.0000000000e+00 0.0000000000e+00 0.0000000000e+00 0.0000000000e+00 0.0000000000e+00 0.0000000000e+00 0.0000000000e+00 0.0000000000e+00 0.0000000000e+00 0.0000000000e+00 0.0000000000e+00 0.0000000000e+00 
1.6836239881e-03 6.5880990476e-03 0.0000000000e+00 0.0000000000e+00 0.0000000000e+00 0.0000000000e+00 0.0000000000e+00 0.0000000000e+00 0.0000000000e+00 0.0000000000e+00 0.0000000000e+00 0.0000000000e+00 0.0000000000e+00 0.0000000000e+00 0.0000000000e+00 0.0000000000e+00 0.0000000000e+00 0.0000000000e+00 0.0000000000e+00 0.0000000000e+00 
1.0980165079e-03 3.2219196429e-03 9.4525514286e-03 0.0000000000e+00 0.0000000000e+00 0.0000000000e+00 0.0000000000e+00 0.0000000000e+00 0.0000000000e+00 0.0000000000e+00 0.0000000000e+00 0.0000000000e+00 0.0000000000e+00 0.0000000000e+00 0.0000000000e+00 0.0000000000e+00 0.0000000000e+00 0.0000000000e+00 0.0000000000e+00 0.0000000000e+00 
8.0547991071e-04 2.1005669841e-03 4.6212512500e-03 1.2047451429e-02 0.0000000000e+00 0.0000000000e+00 0.0000000000e+00 0.0000000000e+00 0.0000000000e+00 0.0000000000e+00 0.0000000000e+00 0.0000000000e+00 0.0000000000e+00 0.0000000000e+00 0.0000000000e+00 0.0000000000e+00 0.0000000000e+00 0.0000000000e+00 0.0000000000e+00 0.0000000000e+00 
6.3017009524e-04 1.5404170833e-03 3.0118628571e-03 5.8878573810e-03 1.4385119048e-02 0.0000000000e+00 0.0000000000e+00 0.0000000000e+00 0.0000000000e+00 0.0000000000e+00 0.0000000000e+00 0.0000000000e+00 0.0000000000e+00 0.0000000000e+00 0.0000000000e+00 0.0000000000e+00 0.0000000000e+00 0.0000000000e+00 0.0000000000e+00 0.0000000000e+00 
5.1347236111e-04 1.2047451429e-03 2.2079465179e-03 3.8360317460e-03 7.0278508929e-03 1.6477622857e-02 0.0000000000e+00 0.0000000000e+00 0.0000000000e+00 0.0000000000e+00 0.0000000000e+00 0.0000000000e+00 0.0000000000e+00 0.0000000000e+00 0.0000000000e+00 0.0000000000e+00 0.0000000000e+00 0.0000000000e+00 0.0000000000e+00 0.0000000000e+00 
4.3026612245e-04 9.8130956349e-04 1.7262142857e-03 2.8111403571e-03 4.5771174603e-03 8.0472189286e-03 1.8336780000e-02 0.0000000000e+00 0.0000000000e+00 0.0000000000e+00 0.0000000000e+00 0.0000000000e+00 0.0000000000e+00 0.0000000000e+00 0.0000000000e+00 0.0000000000e+00 0.0000000000e+00 0.0000000000e+00 0.0000000000e+00 0.0000000000e+00 
3.6799108631e-04 8.2200680272e-04 1.4055701786e-03 2.1970163810e-03 3.3530078869e-03 5.2390800000e-03 8.9518229167e-03 1.9974156190e-02 0.0000000000e+00 0.0000000000e+00 0.0000000000e+00 0.0000000000e+00 0.0000000000e+00 0.0000000000e+00 0.0000000000e+00 0.0000000000e+00 0.0000000000e+00 0.0000000000e+00 0.0000000000e+00 0.0000000000e+00 
3.1966931217e-04 7.0278508929e-04 1.1769730612e-03 1.7882708730e-03 2.6195400000e-03 3.8364955357e-03 5.8257955556e-03 9.7473985714e-03 2.1401065714e-02 0.0000000000e+00 0.0000000000e+00 0.0000000000e+00 0.0000000000e+00 0.0000000000e+00 0.0000000000e+00 0.0000000000e+00 0.0000000000e+00 0.0000000000e+00 0.0000000000e+00 0.0000000000e+00 
2.8111403571e-04 6.1028232804e-04 1.0059023661e-03 1.4968800000e-03 2.1313864087e-03 2.9961234286e-03 4.2644868750e-03 6.3410565079e-03 1.0439555893e-02 2.2628571429e-02 0.0000000000e+00 0.0000000000e+00 0.0000000000e+00 0.0000000000e+00 0.0000000000e+00 0.0000000000e+00 0.0000000000e+00 0.0000000000e+00 0.0000000000e+00 0.0000000000e+00 
2.4966095238e-04 5.3648126190e-04 8.7318000000e-04 1.2788318452e-03 1.7834068027e-03 2.4368496429e-03 3.3290546667e-03 4.6398026190e-03 6.7885714286e-03 1.1033779167e-02 2.3667484762e-02 0.0000000000e+00 0.0000000000e+00 0.0000000000e+00 0.0000000000e+00 0.0000000000e+00 0.0000000000e+00 0.0000000000e+00 0.0000000000e+00 0.0000000000e+00 
2.2353385913e-04 4.7628000000e-04 7.6729910714e-04 1.1096753439e-03 1.5230310268e-03 2.0381967347e-03 2.7065515278e-03 3.6205714286e-03 4.9652006250e-03 7.1719650794e-03 1.1535426964e-02 2.4528365714e-02 0.0000000000e+00 0.0000000000e+00 0.0000000000e+00 0.0000000000e+00 0.0000000000e+00 0.0000000000e+00 0.0000000000e+00 0.0000000000e+00 
2.0150307692e-04 4.2627728175e-04 6.8093714286e-04 9.7473985714e-04 1.3210534392e-03 1.7399259821e-03 2.2628571429e-03 2.9423411111e-03 3.8728611429e-03 5.2433758929e-03 7.4947784127e-03 1.1949732143e-02 2.5221522857e-02 0.0000000000e+00 0.0000000000e+00 0.0000000000e+00 0.0000000000e+00 0.0000000000e+00 0.0000000000e+00 0.0000000000e+00 
1.8269026361e-04 3.8411838828e-04 6.0921241071e-04 8.6468952381e-04 1.1599506548e-03 1.5085714286e-03 1.9309113542e-03 2.4589594558e-03 3.1460255357e-03 4.0880609524e-03 5.4769605655e-03 7.7604685714e-03 1.2281801845e-02 2.5757013333e-02 0.0000000000e+00 0.0000000000e+00 0.0000000000e+00 0.0000000000e+00 0.0000000000e+00 0.0000000000e+00 
1.6645130159e-04 3.4812137755e-04 5.4874527473e-04 7.7330043651e-04 1.0285714286e-03 1.3240535000e-03 1.6734585185e-03 2.0973503571e-03 2.6280391837e-03 3.3193700397e-03 4.2682577143e-03 5.6685239286e-03 7.9724088889e-03 1.2536617500e-02 2.6144642857e-02 0.0000000000e+00 0.0000000000e+00 0.0000000000e+00 0.0000000000e+00 0.0000000000e+00 
1.5230310268e-04 3.1705282540e-04 4.9712170918e-04 6.9626373626e-04 9.1948159722e-04 1.1735942857e-03 1.4681452500e-03 1.8169159788e-03 2.2405747768e-03 2.7715959184e-03 3.4640979563e-03 4.4154880000e-03 5.8205724107e-03 8.1338888889e-03 1.2719034821e-02 2.6393965714e-02 0.0000000000e+00 0.0000000000e+00 0.0000000000e+00 0.0000000000e+00 
1.3987624650e-04 2.8998766369e-04 4.5257142857e-04 6.3050166667e-04 8.2753443223e-04 1.0486751786e-03 1.3007466667e-03 1.5932976190e-03 1.9401171429e-03 2.3618849702e-03 2.8910933333e-03 3.5818907143e-03 4.5317380952e-03 5.9355495833e-03 8.2481142857e-03 1.2833783810e-02 2.6514284762e-02 0.0000000000e+00 0.0000000000e+00 0.0000000000e+00 
1.2888340608e-04 2.6621848739e-04 4.1376671875e-04 5.7375720635e-04 7.4905369898e-04 9.4339868132e-04 1.1617795139e-03 1.4109942857e-03 1.7005571786e-03 2.0442074074e-03 2.4625498661e-03 2.9879591837e-03 3.6743878373e-03 4.6189440000e-03 6.0158361607e-03 8.3182069841e-03 1.2885468750e-02 2.6514651429e-02 0.0000000000e+00 0.0000000000e+00 
1.1909774436e-04 2.4519509259e-04 3.7969226891e-04 5.2433758929e-04 6.8134349206e-04 8.5355229592e-04 1.0446784615e-03 1.2596719841e-03 1.5052800000e-03 1.7909453571e-03 2.1303042328e-03 2.5438069643e-03 3.0635853061e-03 3.7431869444e-03 4.6789914286e-03 6.0637500000e-03 8.3472050794e-03 1.2878568214e-02 2.6403865714e-02 0.0000000000e+00 
1.1033779167e-04 2.2648310777e-04 3.4955839286e-04 4.8094834734e-04 6.2238188244e-04 7.7604685714e-04 9.4475398810e-04 1.1321764103e-03 1.3432090179e-03 1.5845238095e-03 1.8654584405e-03 2.1994971429e-03 2.6068623363e-03 3.1193276190e-03 3.7898437500e-03 4.7137158095e-03 6.0815461012e-03 8.3380628571e-03 1.2817435060e-02 2.6190476190e-02 
//Sigma Espalhamento 4 g'g (g linha; g' coluna)
2.3746507714e-03 0.0000000000e+00 0.0000000000e+00 0.0000000000e+00 0.0000000000e+00 0.0000000000e+00 0.0000000000e+00 0.0000000000e+00 0.0000000000e+00 0.0000000000e+00 0.0000000000e+00 0.0000000000e+00 0.0000000000e+00 0.0000000000e+00 0.0000000000e+00 0.0000000000e+00 0.0000000000e+00 0.0000000000e+00 0.0000000000e+00 0.0000000000e+00 
1.1532824318e-03 4.4799073524e-03 0.0000000000e+00 0.0000000000e+00 0.0000000000e+00 0.0000000000e+00 0.0000000000e+00 0.0000000000e+00 0.0000000000e+00 0.0000000000e+00 0.0000000000e+00 0.0000000000e+00 0.0000000000e+00 0.0000000000e+00 0.0000000000e+00 0.0000000000e+00 0.0000000000e+00 0.0000000000e+00 0.0000000000e+00 0.0000000000e+00 
7.4665122540e-04 2.1747957589e-03 6.3332094571e-03 0.0000000000e+00 0.0000000000e+00 0.0000000000e+00 0.0000000000e+00 0.0000000000e+00 0.0000000000e+00 0.0000000000e+00 0.0000000000e+00 0.0000000000e+00 0.0000000000e+00 0.0000000000e+00 0.0000000000e+00 0.0000000000e+00 0.0000000000e+00 0.0000000000e+00 0.0000000000e+00 0.0000000000e+00 
5.4369893973e-04 1.4073798794e-03 3.0731320812e-03 7.9513179429e-03 0.0000000000e+00 0.0000000000e+00 0.0000000000e+00 0.0000000000e+00 0.0000000000e+00 0.0000000000e+00 0.0000000000e+00 0.0000000000e+00 0.0000000000e+00 0.0000000000e+00 0.0000000000e+00 0.0000000000e+00 0.0000000000e+00 0.0000000000e+00 0.0000000000e+00 0.0000000000e+00 
4.2221396381e-04 1.0243773604e-03 1.9878294857e-03 3.8565465845e-03 9.3503273810e-03 0.0000000000e+00 0.0000000000e+00 0.0000000000e+00 0.0000000000e+00 0.0000000000e+00 0.0000000000e+00 0.0000000000e+00 0.0000000000e+00 0.0000000000e+00 0.0000000000e+00 0.0000000000e+00 0.0000000000e+00 0.0000000000e+00 0.0000000000e+00 0.0000000000e+00 
3.4145912014e-04 7.9513179429e-04 1.4462049692e-03 2.4934206349e-03 4.5329638259e-03 1.0545678629e-02 0.0000000000e+00 0.0000000000e+00 0.0000000000e+00 0.0000000000e+00 0.0000000000e+00 0.0000000000e+00 0.0000000000e+00 0.0000000000e+00 0.0000000000e+00 0.0000000000e+00 0.0000000000e+00 0.0000000000e+00 0.0000000000e+00 0.0000000000e+00 
2.8397564082e-04 6.4275776409e-04 1.1220392857e-03 1.8131855304e-03 2.9293551746e-03 5.1099840196e-03 1.1552171400e-02 0.0000000000e+00 0.0000000000e+00 0.0000000000e+00 0.0000000000e+00 0.0000000000e+00 0.0000000000e+00 0.0000000000e+00 0.0000000000e+00 0.0000000000e+00 0.0000000000e+00 0.0000000000e+00 0.0000000000e+00 0.0000000000e+00 
2.4103416153e-04 5.3430442177e-04 9.0659276518e-04 1.4060904838e-03 2.1291600082e-03 3.3006204000e-03 5.5948893229e-03 1.2383976838e-02 0.0000000000e+00 0.0000000000e+00 0.0000000000e+00 0.0000000000e+00 0.0000000000e+00 0.0000000000e+00 0.0000000000e+00 0.0000000000e+00 0.0000000000e+00 0.0000000000e+00 0.0000000000e+00 0.0000000000e+00 
2.0778505291e-04 4.5329638259e-04 7.5326275918e-04 1.1355520044e-03 1.6503102000e-03 2.3978097098e-03 3.6119932444e-03 5.9946501214e-03 1.3054650086e-02 0.0000000000e+00 0.0000000000e+00 0.0000000000e+00 0.0000000000e+00 0.0000000000e+00 0.0000000000e+00 0.0000000000e+00 0.0000000000e+00 0.0000000000e+00 0.0000000000e+00 0.0000000000e+00 
1.8131855304e-04 3.9058068995e-04 6.3874800246e-04 9.4303440000e-04 1.3321165055e-03 1.8575965257e-03 2.6226594281e-03 3.8680444698e-03 6.3159313152e-03 1.3577142857e-02 0.0000000000e+00 0.0000000000e+00 0.0000000000e+00 0.0000000000e+00 0.0000000000e+00 0.0000000000e+00 0.0000000000e+00 0.0000000000e+00 0.0000000000e+00 0.0000000000e+00 
1.5978300952e-04 3.4066560131e-04 5.5010340000e-04 7.9926990327e-04 1.1057122177e-03 1.4986625304e-03 2.0307233467e-03 2.8070805845e-03 4.0731428571e-03 6.5650986042e-03 1.3963816010e-02 0.0000000000e+00 0.0000000000e+00 0.0000000000e+00 0.0000000000e+00 0.0000000000e+00 0.0000000000e+00 0.0000000000e+00 0.0000000000e+00 0.0000000000e+00 
1.4194400055e-04 3.0005640000e-04 4.7956194196e-04 6.8799871323e-04 9.3666408147e-04 1.2433000082e-03 1.6374636743e-03 2.1723428571e-03 2.9542943719e-03 4.2314593968e-03 6.7482247741e-03 1.4226452114e-02 0.0000000000e+00 0.0000000000e+00 0.0000000000e+00 0.0000000000e+00 0.0000000000e+00 0.0000000000e+00 0.0000000000e+00 0.0000000000e+00 
1.2694693846e-04 2.6642330109e-04 4.2218102857e-04 5.9946501214e-04 8.0584259788e-04 1.0526552192e-03 1.3577142857e-03 1.7506929611e-03 2.2849880743e-03 3.0673748973e-03 4.3469714794e-03 6.8710959821e-03 1.4376268029e-02 0.0000000000e+00 0.0000000000e+00 0.0000000000e+00 0.0000000000e+00 0.0000000000e+00 0.0000000000e+00 0.0000000000e+00 
1.1418141475e-04 2.3815340073e-04 3.7466563259e-04 5.2746060952e-04 7.0177014613e-04 9.0514285714e-04 1.1488922557e-03 1.4507860789e-03 1.8404249384e-03 2.3710753524e-03 3.1492523251e-03 4.4234670857e-03 6.9392180426e-03 1.4423927467e-02 0.0000000000e+00 0.0000000000e+00 0.0000000000e+00 0.0000000000e+00 0.0000000000e+00 0.0000000000e+00 
1.0319980698e-04 2.1409464719e-04 3.3473461758e-04 4.6784676409e-04 6.1714285714e-04 7.8781183250e-04 9.8734052593e-04 1.2269499589e-03 1.5242627265e-03 1.9086377728e-03 2.4329068971e-03 3.2027160196e-03 4.4645489778e-03 6.9578227125e-03 1.4379553571e-02 0.0000000000e+00 0.0000000000e+00 0.0000000000e+00 0.0000000000e+00 0.0000000000e+00 
9.3666408147e-05 1.9340222349e-04 3.0075863406e-04 4.1775824176e-04 5.4709155035e-04 6.9242062857e-04 8.5886497125e-04 1.0538112677e-03 1.2883304967e-03 1.5798096735e-03 1.9572153453e-03 2.4726732800e-03 3.2304176879e-03 4.4736388889e-03 6.9318739777e-03 1.4252741486e-02 0.0000000000e+00 0.0000000000e+00 0.0000000000e+00 0.0000000000e+00 
8.5324510364e-05 1.7544253653e-04 2.7154285714e-04 3.7514849167e-04 4.8824531502e-04 6.1347497946e-04 7.5443306667e-04 9.1614613095e-04 1.1058667714e-03 1.3344650082e-03 1.6190122667e-03 1.9879493464e-03 2.4924559524e-03 3.2348745229e-03 4.4539817143e-03 6.8660743381e-03 1.4052570924e-02 0.0000000000e+00 0.0000000000e+00 0.0000000000e+00 
7.7974460681e-05 1.5973109244e-04 2.4619119766e-04 3.3851675175e-04 4.3819641390e-04 5.4717123516e-04 6.6802322049e-04 8.0426674286e-04 9.6081480589e-04 1.1447561481e-03 1.3667151757e-03 1.6433775510e-03 2.0025413713e-03 2.4942297600e-03 3.2184723460e-03 4.4086497016e-03 6.7648710937e-03 1.3787618743e-02 0.0000000000e+00 0.0000000000e+00 
7.1458646617e-05 1.4589108009e-04 2.2401843866e-04 3.0673748973e-04 3.9517922540e-04 4.9079257015e-04 5.9546672308e-04 7.1171467103e-04 8.4295680000e-04 9.9397467321e-04 1.1716673280e-03 1.3863747955e-03 1.6543360653e-03 2.0026050153e-03 2.4798654571e-03 3.1834687500e-03 4.3405466413e-03 6.6324626304e-03 1.3465971514e-02 0.0000000000e+00 
6.5650986042e-05 1.3362503358e-04 2.0449165982e-04 2.7895004146e-04 3.5786958240e-04 4.4234670857e-04 5.3378600327e-04 6.3401878974e-04 7.4548100491e-04 8.7148809524e-04 1.0166748501e-03 1.1877284571e-03 1.3946713499e-03 1.6532436381e-03 1.9896679687e-03 2.4511322210e-03 3.1319962421e-03 4.2524120571e-03 6.4728047051e-03 1.3095238095e-02 
//Sigma Espalhamento 5 g'g (g linha; g' coluna)
1.6385090323e-03 0.0000000000e+00 0.0000000000e+00 0.0000000000e+00 0.0000000000e+00 0.0000000000e+00 0.0000000000e+00 0.0000000000e+00 0.0000000000e+00 0.0000000000e+00 0.0000000000e+00 0.0000000000e+00 0.0000000000e+00 0.0000000000e+00 0.0000000000e+00 0.0000000000e+00 0.0000000000e+00 0.0000000000e+00 0.0000000000e+00 0.0000000000e+00 
7.8999846581e-04 3.0463369996e-03 0.0000000000e+00 0.0000000000e+00 0.0000000000e+00 0.0000000000e+00 0.0000000000e+00 0.0000000000e+00 0.0000000000e+00 0.0000000000e+00 0.0000000000e+00 0.0000000000e+00 0.0000000000e+00 0.0000000000e+00 0.0000000000e+00 0.0000000000e+00 0.0000000000e+00 0.0000000000e+00 0.0000000000e+00 0.0000000000e+00 
5.0772283327e-04 1.4679871373e-03 4.2432503363e-03 0.0000000000e+00 0.0000000000e+00 0.0000000000e+00 0.0000000000e+00 0.0000000000e+00 0.0000000000e+00 0.0000000000e+00 0.0000000000e+00 0.0000000000e+00 0.0000000000e+00 0.0000000000e+00 0.0000000000e+00 0.0000000000e+00 0.0000000000e+00 0.0000000000e+00 0.0000000000e+00 0.0000000000e+00 
3.6699678432e-04 9.4294451917e-04 2.0436328340e-03 5.2478698423e-03 0.0000000000e+00 0.0000000000e+00 0.0000000000e+00 0.0000000000e+00 0.0000000000e+00 0.0000000000e+00 0.0000000000e+00 0.0000000000e+00 0.0000000000e+00 0.0000000000e+00 0.0000000000e+00 0.0000000000e+00 0.0000000000e+00 0.0000000000e+00 0.0000000000e+00 0.0000000000e+00 
2.8288335575e-04 6.8121094468e-04 1.3119674606e-03 2.5260380129e-03 6.0777127976e-03 0.0000000000e+00 0.0000000000e+00 0.0000000000e+00 0.0000000000e+00 0.0000000000e+00 0.0000000000e+00 0.0000000000e+00 0.0000000000e+00 0.0000000000e+00 0.0000000000e+00 0.0000000000e+00 0.0000000000e+00 0.0000000000e+00 0.0000000000e+00 0.0000000000e+00 
2.2707031489e-04 5.2478698423e-04 9.4726425482e-04 1.6207234127e-03 2.9237616677e-03 6.7492343223e-03 0.0000000000e+00 0.0000000000e+00 0.0000000000e+00 0.0000000000e+00 0.0000000000e+00 0.0000000000e+00 0.0000000000e+00 0.0000000000e+00 0.0000000000e+00 0.0000000000e+00 0.0000000000e+00 0.0000000000e+00 0.0000000000e+00 0.0000000000e+00 
1.8742392294e-04 4.2100633548e-04 7.2932553571e-04 1.1695046671e-03 1.8747873117e-03 3.2448398525e-03 7.2778679820e-03 0.0000000000e+00 0.0000000000e+00 0.0000000000e+00 0.0000000000e+00 0.0000000000e+00 0.0000000000e+00 0.0000000000e+00 0.0000000000e+00 0.0000000000e+00 0.0000000000e+00 0.0000000000e+00 0.0000000000e+00 0.0000000000e+00 
1.5787737580e-04 3.4729787415e-04 5.8475233354e-04 8.9989790964e-04 1.3520166052e-03 2.0793908520e-03 3.4968058268e-03 7.6780656396e-03 0.0000000000e+00 0.0000000000e+00 0.0000000000e+00 0.0000000000e+00 0.0000000000e+00 0.0000000000e+00 0.0000000000e+00 0.0000000000e+00 0.0000000000e+00 0.0000000000e+00 0.0000000000e+00 0.0000000000e+00 
1.3506028439e-04 2.9237616677e-04 4.8208816588e-04 7.2107552277e-04 1.0396954260e-03 1.4986310686e-03 2.2394358116e-03 3.6867098247e-03 7.9633365523e-03 0.0000000000e+00 0.0000000000e+00 0.0000000000e+00 0.0000000000e+00 0.0000000000e+00 0.0000000000e+00 0.0000000000e+00 0.0000000000e+00 0.0000000000e+00 0.0000000000e+00 0.0000000000e+00 
1.1695046671e-04 2.4997164157e-04 4.0560498156e-04 5.9411167200e-04 8.3257281591e-04 1.1517098459e-03 1.6129355483e-03 2.3595071266e-03 3.8211384457e-03 8.1462857143e-03 0.0000000000e+00 0.0000000000e+00 0.0000000000e+00 0.0000000000e+00 0.0000000000e+00 0.0000000000e+00 0.0000000000e+00 0.0000000000e+00 0.0000000000e+00 0.0000000000e+00 
1.0226112610e-04 2.1632265683e-04 3.4656514200e-04 4.9954368955e-04 6.8554157497e-04 9.2167745617e-04 1.2387412415e-03 1.6982837536e-03 2.4438857143e-03 3.9062336695e-03 8.2386514456e-03 0.0000000000e+00 0.0000000000e+00 0.0000000000e+00 0.0000000000e+00 0.0000000000e+00 0.0000000000e+00 0.0000000000e+00 0.0000000000e+00 0.0000000000e+00 
9.0134440346e-05 1.8903553200e-04 2.9972621373e-04 4.2655920220e-04 5.7604841011e-04 7.5841300498e-04 9.9066552295e-04 1.3034057143e-03 1.7578051513e-03 2.4965610441e-03 3.9477114929e-03 8.2513422263e-03 0.0000000000e+00 0.0000000000e+00 0.0000000000e+00 0.0000000000e+00 0.0000000000e+00 0.0000000000e+00 0.0000000000e+00 0.0000000000e+00 
7.9976571231e-05 1.6651456318e-04 2.6175223771e-04 3.6867098247e-04 4.9156398471e-04 6.3685640761e-04 8.1462857143e-04 1.0416623119e-03 1.3481429638e-03 1.7944143149e-03 2.5212434580e-03 3.9508801897e-03 8.1944727763e-03 0.0000000000e+00 0.0000000000e+00 0.0000000000e+00 0.0000000000e+00 0.0000000000e+00 0.0000000000e+00 0.0000000000e+00 
7.1363384221e-05 1.4765510845e-04 2.3041936404e-04 3.2175097181e-04 4.2457093841e-04 5.4308571429e-04 6.8359089216e-04 8.5596378656e-04 1.0766485890e-03 1.3752237044e-03 1.8108200870e-03 2.5213762389e-03 3.9206581940e-03 8.0773993813e-03 0.0000000000e+00 0.0000000000e+00 0.0000000000e+00 0.0000000000e+00 0.0000000000e+00 0.0000000000e+00 
6.3983880330e-05 1.3166820802e-04 2.0418811673e-04 2.8304729227e-04 3.7028571429e-04 4.6874804034e-04 5.8253091030e-04 7.1776572597e-04 8.8407238139e-04 1.0974667194e-03 1.3867569314e-03 1.8095345511e-03 2.5001474276e-03 3.8615916054e-03 7.9087544643e-03 0.0000000000e+00 0.0000000000e+00 0.0000000000e+00 0.0000000000e+00 0.0000000000e+00 
5.7604841011e-05 1.1797535633e-04 1.8195897360e-04 2.5065494505e-04 3.2551947246e-04 4.0852817086e-04 5.0243600818e-04 6.1121053528e-04 7.4079003557e-04 9.0049151388e-04 1.1058266701e-03 1.3846970368e-03 1.7928818168e-03 2.4605013889e-03 3.7778713178e-03 7.6964804023e-03 0.0000000000e+00 0.0000000000e+00 0.0000000000e+00 0.0000000000e+00 
5.2047951322e-05 1.0614273460e-04 1.6292571429e-04 2.2321335254e-04 2.8806473586e-04 3.5888286299e-04 4.3757117867e-04 5.2678402530e-04 6.3034405971e-04 7.5397272962e-04 9.0664686933e-04 1.1033118873e-03 1.3708507738e-03 1.7630066150e-03 2.4051501257e-03 3.6733497709e-03 7.4478625896e-03 0.0000000000e+00 0.0000000000e+00 0.0000000000e+00 
4.7174548712e-05 9.5838655462e-05 1.4648376261e-04 1.9972488353e-04 2.5634490213e-04 3.1735931640e-04 3.8411335178e-04 4.5843204343e-04 5.4286036533e-04 6.4106344296e-04 7.5852692250e-04 9.0385765306e-04 1.0913850474e-03 1.3468840704e-03 1.7218827051e-03 2.3365843418e-03 3.5515573242e-03 7.1695617463e-03 0.0000000000e+00 0.0000000000e+00 
4.2875187970e-05 8.6805192655e-05 1.3217087881e-04 1.7944143149e-04 2.2920395073e-04 2.8220572784e-04 3.3941603215e-04 4.0211878913e-04 4.7205580800e-04 5.5165594363e-04 6.4441703042e-04 7.5557426357e-04 8.9334147527e-04 1.0713936832e-03 1.3143286923e-03 1.6713210937e-03 2.2570842535e-03 3.4157182546e-03 6.8676454723e-03 0.0000000000e+00 
3.9062336695e-05 7.8838769815e-05 1.1962762100e-04 1.6179102404e-04 2.0577500988e-04 2.5213762389e-04 3.0158909185e-04 3.5505052226e-04 4.1374195773e-04 4.7931845238e-04 5.5408779328e-04 6.4137336686e-04 7.4614917221e-04 8.7621912819e-04 1.0445756836e-03 1.2745887549e-03 1.6129780647e-03 2.1687301491e-03 3.2687663761e-03 6.5476190476e-03 
//Sigma Espalhamento 6 g'g (g linha; g' coluna)
1.1305712323e-03 0.0000000000e+00 0.0000000000e+00 0.0000000000e+00 0.0000000000e+00 0.0000000000e+00 0.0000000000e+00 0.0000000000e+00 0.0000000000e+00 0.0000000000e+00 0.0000000000e+00 0.0000000000e+00 0.0000000000e+00 0.0000000000e+00 0.0000000000e+00 0.0000000000e+00 0.0000000000e+00 0.0000000000e+00 0.0000000000e+00 0.0000000000e+00 
5.4114894908e-04 2.0715091597e-03 0.0000000000e+00 0.0000000000e+00 0.0000000000e+00 0.0000000000e+00 0.0000000000e+00 0.0000000000e+00 0.0000000000e+00 0.0000000000e+00 0.0000000000e+00 0.0000000000e+00 0.0000000000e+00 0.0000000000e+00 0.0000000000e+00 0.0000000000e+00 0.0000000000e+00 0.0000000000e+00 0.0000000000e+00 0.0000000000e+00 
3.4525152662e-04 9.9089131766e-04 2.8429777253e-03 0.0000000000e+00 0.0000000000e+00 0.0000000000e+00 0.0000000000e+00 0.0000000000e+00 0.0000000000e+00 0.0000000000e+00 0.0000000000e+00 0.0000000000e+00 0.0000000000e+00 0.0000000000e+00 0.0000000000e+00 0.0000000000e+00 0.0000000000e+00 0.0000000000e+00 0.0000000000e+00 0.0000000000e+00 
2.4772282942e-04 6.3177282785e-04 1.3590158346e-03 3.4635940959e-03 0.0000000000e+00 0.0000000000e+00 0.0000000000e+00 0.0000000000e+00 0.0000000000e+00 0.0000000000e+00 0.0000000000e+00 0.0000000000e+00 0.0000000000e+00 0.0000000000e+00 0.0000000000e+00 0.0000000000e+00 0.0000000000e+00 0.0000000000e+00 0.0000000000e+00 0.0000000000e+00 
1.8953184835e-04 4.5300527821e-04 8.6589852398e-04 1.6545548984e-03 3.9505133185e-03 0.0000000000e+00 0.0000000000e+00 0.0000000000e+00 0.0000000000e+00 0.0000000000e+00 0.0000000000e+00 0.0000000000e+00 0.0000000000e+00 0.0000000000e+00 0.0000000000e+00 0.0000000000e+00 0.0000000000e+00 0.0000000000e+00 0.0000000000e+00 0.0000000000e+00 
1.5100175940e-04 3.4635940959e-04 6.2045808691e-04 1.0534702183e-03 1.8858262757e-03 4.3195099663e-03 0.0000000000e+00 0.0000000000e+00 0.0000000000e+00 0.0000000000e+00 0.0000000000e+00 0.0000000000e+00 0.0000000000e+00 0.0000000000e+00 0.0000000000e+00 0.0000000000e+00 0.0000000000e+00 0.0000000000e+00 0.0000000000e+00 0.0000000000e+00 
1.2369978914e-04 2.7575914974e-04 4.7406159821e-04 7.5433051027e-04 1.1998638795e-03 2.0604733063e-03 4.5850568287e-03 0.0000000000e+00 0.0000000000e+00 0.0000000000e+00 0.0000000000e+00 0.0000000000e+00 0.0000000000e+00 0.0000000000e+00 0.0000000000e+00 0.0000000000e+00 0.0000000000e+00 0.0000000000e+00 0.0000000000e+00 0.0000000000e+00 
1.0340968115e-04 2.2574361820e-04 3.7716525513e-04 5.7593466217e-04 8.5853054430e-04 1.3100162368e-03 2.1855036418e-03 4.7604006966e-03 0.0000000000e+00 0.0000000000e+00 0.0000000000e+00 0.0000000000e+00 0.0000000000e+00 0.0000000000e+00 0.0000000000e+00 0.0000000000e+00 0.0000000000e+00 0.0000000000e+00 0.0000000000e+00 0.0000000000e+00 
8.7789184854e-05 1.8858262757e-04 3.0853642616e-04 4.5788295696e-04 6.5500811838e-04 9.3664441790e-04 1.3884502032e-03 2.2673265422e-03 4.8576352969e-03 0.0000000000e+00 0.0000000000e+00 0.0000000000e+00 0.0000000000e+00 0.0000000000e+00 0.0000000000e+00 0.0000000000e+00 0.0000000000e+00 0.0000000000e+00 0.0000000000e+00 0.0000000000e+00 
7.5433051027e-05 1.5998185060e-04 2.5755916329e-04 3.7429035336e-04 5.2035800994e-04 7.1406010448e-04 9.9195536220e-04 1.4392993472e-03 2.3117887596e-03 4.8877714286e-03 0.0000000000e+00 0.0000000000e+00 0.0000000000e+00 0.0000000000e+00 0.0000000000e+00 0.0000000000e+00 0.0000000000e+00 0.0000000000e+00 0.0000000000e+00 0.0000000000e+00 
6.5447120701e-05 1.3736488709e-04 2.1833603946e-04 3.1221480597e-04 4.2503577648e-04 5.6683163554e-04 7.5563215729e-04 1.0274616710e-03 1.4663314286e-03 2.3242090333e-03 4.8608043529e-03 0.0000000000e+00 0.0000000000e+00 0.0000000000e+00 0.0000000000e+00 0.0000000000e+00 0.0000000000e+00 0.0000000000e+00 0.0000000000e+00 0.0000000000e+00 
5.7235369620e-05 1.1909238516e-04 1.8732888358e-04 2.6446670536e-04 3.5426977222e-04 4.6263193304e-04 5.9935264139e-04 7.8204342857e-04 1.0458940650e-03 1.4729710160e-03 2.3094112233e-03 4.7857784912e-03 0.0000000000e+00 0.0000000000e+00 0.0000000000e+00 0.0000000000e+00 0.0000000000e+00 0.0000000000e+00 0.0000000000e+00 0.0000000000e+00 
5.0385239875e-05 1.0407160199e-04 1.6228638738e-04 2.2673265422e-04 2.9985403067e-04 3.8529812661e-04 4.8877714286e-04 6.1978907556e-04 7.9540434866e-04 1.0497323742e-03 1.4623212057e-03 2.2717561091e-03 4.6708494825e-03 0.0000000000e+00 0.0000000000e+00 0.0000000000e+00 0.0000000000e+00 0.0000000000e+00 0.0000000000e+00 0.0000000000e+00 
4.4602115138e-05 9.1546167242e-05 1.4170790889e-04 1.9626809280e-04 2.5686541774e-04 3.2585142857e-04 4.0673658083e-04 5.0501863407e-04 6.2983942454e-04 7.9762974854e-04 1.0412215500e-03 1.4371844561e-03 2.2151718796e-03 4.5233436535e-03 0.0000000000e+00 0.0000000000e+00 0.0000000000e+00 0.0000000000e+00 0.0000000000e+00 0.0000000000e+00 
3.9670005805e-05 8.0975947935e-05 1.2455475120e-04 1.7124361183e-04 2.2217142857e-04 2.7890508400e-04 3.4369323707e-04 4.1989294969e-04 5.1276198120e-04 6.3104336364e-04 7.9045145088e-04 1.0223870214e-03 1.4000825594e-03 2.1431833410e-03 4.3498149554e-03 0.0000000000e+00 0.0000000000e+00 0.0000000000e+00 0.0000000000e+00 0.0000000000e+00 
3.5426977222e-05 7.1964967361e-05 1.1008517903e-04 1.5039296703e-04 1.9368408611e-04 2.4103162081e-04 2.9392506479e-04 3.5450211046e-04 4.2595427046e-04 5.1328016291e-04 6.2479206862e-04 7.7543034061e-04 9.9504940833e-04 1.3532757639e-03 2.0589398682e-03 4.1560994172e-03 0.0000000000e+00 0.0000000000e+00 0.0000000000e+00 0.0000000000e+00 
3.1749250306e-05 6.4216354434e-05 9.7755428571e-05 1.3281194476e-04 1.6995819416e-04 2.0994647485e-04 2.5379128363e-04 3.0290081455e-04 3.5929611404e-04 4.2599459224e-04 5.0772224683e-04 6.1233809743e-04 7.5396792560e-04 9.6083860517e-04 1.2987810679e-03 1.9652421274e-03 3.9473671725e-03 0.0000000000e+00 0.0000000000e+00 0.0000000000e+00 
2.8540601971e-05 5.7503193277e-05 8.7157838750e-05 1.1783768128e-04 1.4996176775e-04 1.8406840351e-04 2.2086517727e-04 2.6130626475e-04 3.0671610641e-04 3.5899552806e-04 4.2098244199e-04 4.9712170918e-04 5.9480485082e-04 7.2731739802e-04 9.2120724723e-04 1.2383897012e-03 1.8645675952e-03 3.7281721081e-03 0.0000000000e+00 0.0000000000e+00 
2.5725112782e-05 5.1649089630e-05 7.7980818496e-05 1.0497323742e-04 1.3293829142e-04 1.6226829351e-04 1.9346713833e-04 2.2719711586e-04 2.6435125248e-04 3.0616904872e-04 3.5442936673e-04 4.1178797364e-04 4.8240439664e-04 5.7319562050e-04 6.9659420691e-04 8.7744357422e-04 1.1736838118e-03 1.7590949011e-03 3.5024991909e-03 0.0000000000e+00 
2.3242090333e-05 4.6514874191e-05 6.9982158282e-05 9.3838793946e-05 1.1832063068e-04 1.4371844561e-04 1.7039783690e-04 1.9882829246e-04 2.2962678654e-04 2.6362514881e-04 3.0197784734e-04 3.4634161810e-04 3.9918980713e-04 4.6439613794e-04 5.4840223389e-04 6.6278615255e-04 8.3068370331e-04 1.1060523761e-03 1.6507270199e-03 3.2738095238e-03 
//Sigma Espalhamento 7 g'g (g linha; g' coluna)
7.8009415027e-04 0.0000000000e+00 0.0000000000e+00 0.0000000000e+00 0.0000000000e+00 0.0000000000e+00 0.0000000000e+00 0.0000000000e+00 0.0000000000e+00 0.0000000000e+00 0.0000000000e+00 0.0000000000e+00 0.0000000000e+00 0.0000000000e+00 0.0000000000e+00 0.0000000000e+00 0.0000000000e+00 0.0000000000e+00 0.0000000000e+00 0.0000000000e+00 
3.7068703012e-04 1.4086262286e-03 0.0000000000e+00 0.0000000000e+00 0.0000000000e+00 0.0000000000e+00 0.0000000000e+00 0.0000000000e+00 0.0000000000e+00 0.0000000000e+00 0.0000000000e+00 0.0000000000e+00 0.0000000000e+00 0.0000000000e+00 0.0000000000e+00 0.0000000000e+00 0.0000000000e+00 0.0000000000e+00 0.0000000000e+00 0.0000000000e+00 
2.3477103810e-04 6.6885163942e-04 1.9047950760e-03 0.0000000000e+00 0.0000000000e+00 0.0000000000e+00 0.0000000000e+00 0.0000000000e+00 0.0000000000e+00 0.0000000000e+00 0.0000000000e+00 0.0000000000e+00 0.0000000000e+00 0.0000000000e+00 0.0000000000e+00 0.0000000000e+00 0.0000000000e+00 0.0000000000e+00 0.0000000000e+00 0.0000000000e+00 
1.6721290986e-04 4.2328779466e-04 9.0374553003e-04 2.2859721033e-03 0.0000000000e+00 0.0000000000e+00 0.0000000000e+00 0.0000000000e+00 0.0000000000e+00 0.0000000000e+00 0.0000000000e+00 0.0000000000e+00 0.0000000000e+00 0.0000000000e+00 0.0000000000e+00 0.0000000000e+00 0.0000000000e+00 0.0000000000e+00 0.0000000000e+00 0.0000000000e+00 
1.2698633840e-04 3.0124851001e-04 5.7149302582e-04 1.0837334585e-03 2.5678336570e-03 0.0000000000e+00 0.0000000000e+00 0.0000000000e+00 0.0000000000e+00 0.0000000000e+00 0.0000000000e+00 0.0000000000e+00 0.0000000000e+00 0.0000000000e+00 0.0000000000e+00 0.0000000000e+00 0.0000000000e+00 0.0000000000e+00 0.0000000000e+00 0.0000000000e+00 
1.0041617000e-04 2.2859721033e-04 4.0640004693e-04 6.8475564187e-04 1.2163579478e-03 2.7644863784e-03 0.0000000000e+00 0.0000000000e+00 0.0000000000e+00 0.0000000000e+00 0.0000000000e+00 0.0000000000e+00 0.0000000000e+00 0.0000000000e+00 0.0000000000e+00 0.0000000000e+00 0.0000000000e+00 0.0000000000e+00 0.0000000000e+00 0.0000000000e+00 
8.1641860832e-05 1.8062224308e-04 3.0814003884e-04 4.8654317912e-04 7.6791288289e-04 1.3084005495e-03 2.8885858021e-03 0.0000000000e+00 0.0000000000e+00 0.0000000000e+00 0.0000000000e+00 0.0000000000e+00 0.0000000000e+00 0.0000000000e+00 0.0000000000e+00 0.0000000000e+00 0.0000000000e+00 0.0000000000e+00 0.0000000000e+00 0.0000000000e+00 
6.7733341154e-05 1.4673335183e-04 2.4327158956e-04 3.6859818379e-04 5.4516689563e-04 8.2531022916e-04 1.3659397761e-03 2.9514484319e-03 0.0000000000e+00 0.0000000000e+00 0.0000000000e+00 0.0000000000e+00 0.0000000000e+00 0.0000000000e+00 0.0000000000e+00 0.0000000000e+00 0.0000000000e+00 0.0000000000e+00 0.0000000000e+00 0.0000000000e+00 
5.7062970155e-05 1.2163579478e-04 1.9746331274e-04 2.9075567767e-04 4.1265511458e-04 5.8540276119e-04 8.6083912596e-04 1.3944058234e-03 2.9631575311e-03 0.0000000000e+00 0.0000000000e+00 0.0000000000e+00 0.0000000000e+00 0.0000000000e+00 0.0000000000e+00 0.0000000000e+00 0.0000000000e+00 0.0000000000e+00 0.0000000000e+00 0.0000000000e+00 
4.8654317912e-05 1.0238838439e-04 1.6355006869e-04 2.3580292262e-04 3.2522375621e-04 4.4271726478e-04 6.1005254775e-04 8.7797260181e-04 1.3986321996e-03 2.9326628571e-03 0.0000000000e+00 0.0000000000e+00 0.0000000000e+00 0.0000000000e+00 0.0000000000e+00 0.0000000000e+00 0.0000000000e+00 0.0000000000e+00 0.0000000000e+00 0.0000000000e+00 
4.1886157249e-05 8.7226703301e-05 1.3755170486e-04 1.9513425373e-04 2.6352218142e-04 3.4860145586e-04 4.6093561595e-04 6.2161431092e-04 8.7979885714e-04 1.3829043748e-03 2.8678745682e-03 0.0000000000e+00 0.0000000000e+00 0.0000000000e+00 0.0000000000e+00 0.0000000000e+00 0.0000000000e+00 0.0000000000e+00 0.0000000000e+00 0.0000000000e+00 
3.6344459709e-05 7.5028202651e-05 1.1708055224e-04 1.6396935733e-04 2.1787590991e-04 2.8220547915e-04 3.6260834804e-04 4.6922605714e-04 6.2230696868e-04 8.6905289946e-04 1.3510055656e-03 2.7757515249e-03 0.0000000000e+00 0.0000000000e+00 0.0000000000e+00 0.0000000000e+00 0.0000000000e+00 0.0000000000e+00 0.0000000000e+00 0.0000000000e+00 
3.1742701121e-05 6.5044751243e-05 1.0061756018e-04 1.3944058234e-04 1.8291095871e-04 2.3310536660e-04 2.9326628571e-04 3.6877449996e-04 4.6928856571e-04 6.1409343893e-04 8.4814629928e-04 1.3062597627e-03 2.6623842050e-03 0.0000000000e+00 0.0000000000e+00 0.0000000000e+00 0.0000000000e+00 0.0000000000e+00 0.0000000000e+00 0.0000000000e+00 
2.7876321961e-05 5.6758623690e-05 8.7150363965e-05 1.1972353661e-04 1.5540357773e-04 1.9551085714e-04 2.4200826560e-04 2.9796099410e-04 3.6845606336e-04 4.6262525415e-04 5.9870239125e-04 8.1919514000e-04 1.2515721120e-03 2.5330724460e-03 0.0000000000e+00 0.0000000000e+00 0.0000000000e+00 0.0000000000e+00 0.0000000000e+00 0.0000000000e+00 
2.4595403599e-05 4.9800207980e-05 7.5978398233e-05 1.0360238515e-04 1.3330285714e-04 1.6594852498e-04 2.0277900987e-04 2.4563737557e-04 2.9740194910e-04 3.6284993409e-04 4.5055732700e-04 5.7764866707e-04 7.8404623328e-04 1.1894667543e-03 2.3923982254e-03 0.0000000000e+00 0.0000000000e+00 0.0000000000e+00 0.0000000000e+00 0.0000000000e+00 
2.1787590991e-05 4.3898630090e-05 6.6601533313e-05 9.0235780220e-05 1.1524203124e-04 1.4220865628e-04 1.7194616290e-04 2.0561122407e-04 2.4492370551e-04 2.9256969286e-04 3.5300751877e-04 4.3424099074e-04 5.5225242162e-04 7.4430167014e-04 1.1221222282e-03 2.2442936853e-03 0.0000000000e+00 0.0000000000e+00 0.0000000000e+00 0.0000000000e+00 
1.9367042687e-05 3.8850894433e-05 5.8653257143e-05 7.9023107134e-05 1.0027533455e-04 1.2281868779e-04 1.4719894450e-04 1.7416796836e-04 2.0479878500e-04 2.4068694461e-04 2.8432445822e-04 3.3984764408e-04 4.1468235908e-04 5.2365703982e-04 7.0134177666e-04 1.0514045382e-03 2.0921046014e-03 0.0000000000e+00 0.0000000000e+00 0.0000000000e+00 
1.7267064192e-05 3.4501915966e-05 5.1858914056e-05 6.9524231957e-05 8.7727634133e-05 1.0675967404e-04 1.2699747693e-04 1.4894457091e-04 1.7329460012e-04 2.0103749571e-04 2.3364525530e-04 2.7341694005e-04 3.2416864370e-04 3.9275139493e-04 4.9284587727e-04 6.5634654162e-04 9.7889798749e-04 1.9386494962e-03 0.0000000000e+00 0.0000000000e+00 
1.5435067669e-05 3.0731208330e-05 4.6008682913e-05 6.1409343893e-05 7.7104209026e-05 9.3304268766e-05 1.1027626885e-04 1.2836637046e-04 1.4803670139e-04 1.6992382204e-04 1.9493615170e-04 2.2442444564e-04 2.6049837419e-04 3.0665965697e-04 3.6919492966e-04 4.6065787646e-04 6.1031558214e-04 9.0593387409e-04 1.7862745873e-03 0.0000000000e+00 
1.3829043748e-05 2.7443775772e-05 4.0939562595e-05 5.4426500489e-05 6.8034362642e-05 8.1919514000e-05 9.6274777846e-05 1.1134384378e-04 1.2744286653e-04 1.4499383185e-04 1.6457792680e-04 1.8702447378e-04 2.1356654682e-04 2.4612995311e-04 2.8791117279e-04 3.4464879932e-04 4.2780210721e-04 5.6408671179e-04 8.3361714505e-04 1.6369047619e-03 
//Sigma Espalhamento 8 g'g (g linha; g' coluna)
5.3826496369e-04 0.0000000000e+00 0.0000000000e+00 0.0000000000e+00 0.0000000000e+00 0.0000000000e+00 0.0000000000e+00 0.0000000000e+00 0.0000000000e+00 0.0000000000e+00 0.0000000000e+00 0.0000000000e+00 0.0000000000e+00 0.0000000000e+00 0.0000000000e+00 0.0000000000e+00 0.0000000000e+00 0.0000000000e+00 0.0000000000e+00 0.0000000000e+00 
2.5392061563e-04 9.5786583546e-04 0.0000000000e+00 0.0000000000e+00 0.0000000000e+00 0.0000000000e+00 0.0000000000e+00 0.0000000000e+00 0.0000000000e+00 0.0000000000e+00 0.0000000000e+00 0.0000000000e+00 0.0000000000e+00 0.0000000000e+00 0.0000000000e+00 0.0000000000e+00 0.0000000000e+00 0.0000000000e+00 0.0000000000e+00 0.0000000000e+00 
1.5964430591e-04 4.5147485661e-04 1.2762127009e-03 0.0000000000e+00 0.0000000000e+00 0.0000000000e+00 0.0000000000e+00 0.0000000000e+00 0.0000000000e+00 0.0000000000e+00 0.0000000000e+00 0.0000000000e+00 0.0000000000e+00 0.0000000000e+00 0.0000000000e+00 0.0000000000e+00 0.0000000000e+00 0.0000000000e+00 0.0000000000e+00 0.0000000000e+00 
1.1286871415e-04 2.8360282242e-04 6.0099077747e-04 1.5087415882e-03 0.0000000000e+00 0.0000000000e+00 0.0000000000e+00 0.0000000000e+00 0.0000000000e+00 0.0000000000e+00 0.0000000000e+00 0.0000000000e+00 0.0000000000e+00 0.0000000000e+00 0.0000000000e+00 0.0000000000e+00 0.0000000000e+00 0.0000000000e+00 0.0000000000e+00 0.0000000000e+00 
8.5080846726e-05 2.0033025916e-04 3.7718539704e-04 7.0984541530e-04 1.6690918770e-03 0.0000000000e+00 0.0000000000e+00 0.0000000000e+00 0.0000000000e+00 0.0000000000e+00 0.0000000000e+00 0.0000000000e+00 0.0000000000e+00 0.0000000000e+00 0.0000000000e+00 0.0000000000e+00 0.0000000000e+00 0.0000000000e+00 0.0000000000e+00 0.0000000000e+00 
6.6776753052e-05 1.5087415882e-04 2.6619203074e-04 4.4509116721e-04 7.8455087633e-04 1.7692712822e-03 0.0000000000e+00 0.0000000000e+00 0.0000000000e+00 0.0000000000e+00 0.0000000000e+00 0.0000000000e+00 0.0000000000e+00 0.0000000000e+00 0.0000000000e+00 0.0000000000e+00 0.0000000000e+00 0.0000000000e+00 0.0000000000e+00 0.0000000000e+00 
5.3883628149e-05 1.1830756922e-04 2.0029102525e-04 3.1382035053e-04 4.9146424505e-04 8.3083434894e-04 1.8198090553e-03 0.0000000000e+00 0.0000000000e+00 0.0000000000e+00 0.0000000000e+00 0.0000000000e+00 0.0000000000e+00 0.0000000000e+00 0.0000000000e+00 0.0000000000e+00 0.0000000000e+00 0.0000000000e+00 0.0000000000e+00 0.0000000000e+00 
4.4365338456e-05 9.5376678688e-05 1.5691017527e-04 2.3590283762e-04 3.4618097873e-04 5.1994544437e-04 8.5371236006e-04 1.8298980278e-03 0.0000000000e+00 0.0000000000e+00 0.0000000000e+00 0.0000000000e+00 0.0000000000e+00 0.0000000000e+00 0.0000000000e+00 0.0000000000e+00 0.0000000000e+00 0.0000000000e+00 0.0000000000e+00 0.0000000000e+00 
3.7090930601e-05 7.8455087633e-05 1.2637652016e-04 1.8462985532e-04 2.5997272219e-04 3.6587672574e-04 5.3372025810e-04 8.5755958142e-04 1.8075260940e-03 0.0000000000e+00 0.0000000000e+00 0.0000000000e+00 0.0000000000e+00 0.0000000000e+00 0.0000000000e+00 0.0000000000e+00 0.0000000000e+00 0.0000000000e+00 0.0000000000e+00 0.0000000000e+00 
3.1382035053e-05 6.5528566007e-05 1.0385429362e-04 1.4855584125e-04 2.0326484763e-04 2.7448470416e-04 3.7518231687e-04 5.3556328710e-04 8.4617248075e-04 1.7595977143e-03 0.0000000000e+00 0.0000000000e+00 0.0000000000e+00 0.0000000000e+00 0.0000000000e+00 0.0000000000e+00 0.0000000000e+00 0.0000000000e+00 0.0000000000e+00 0.0000000000e+00 
2.6807140639e-05 5.5388956596e-05 8.6657574062e-05 1.2195890858e-04 1.6338375248e-04 2.1438989535e-04 2.8117072573e-04 3.7607665811e-04 5.2787931429e-04 8.2282810303e-04 1.6920459952e-03 0.0000000000e+00 0.0000000000e+00 0.0000000000e+00 0.0000000000e+00 0.0000000000e+00 0.0000000000e+00 0.0000000000e+00 0.0000000000e+00 0.0000000000e+00 
2.3078731915e-05 4.7267767670e-05 7.3175345148e-05 1.0166100154e-04 1.3399368460e-04 1.7214534228e-04 2.1937805056e-04 2.8153563429e-04 3.7027264636e-04 5.1274121068e-04 7.9033825590e-04 1.6099358845e-03 0.0000000000e+00 0.0000000000e+00 0.0000000000e+00 0.0000000000e+00 0.0000000000e+00 0.0000000000e+00 0.0000000000e+00 0.0000000000e+00 
1.9997901707e-05 4.0652969527e-05 6.2382887310e-05 8.5755958142e-05 1.1157568481e-04 1.4102874679e-04 1.7595977143e-04 2.1942082747e-04 2.7688025377e-04 3.5924466177e-04 4.9192485358e-04 7.5109936357e-04 1.5175589969e-03 0.0000000000e+00 0.0000000000e+00 0.0000000000e+00 0.0000000000e+00 0.0000000000e+00 0.0000000000e+00 0.0000000000e+00 
1.7422701226e-05 3.5190346688e-05 5.3597473838e-05 7.3031357332e-05 9.4019164527e-05 1.1730651429e-04 1.4399491803e-04 1.7579698652e-04 2.1554679706e-04 2.6832264741e-04 3.4425387497e-04 4.6694122980e-04 7.0713824328e-04 1.4185205698e-03 0.0000000000e+00 0.0000000000e+00 0.0000000000e+00 0.0000000000e+00 0.0000000000e+00 0.0000000000e+00 
1.5249150231e-05 3.0627127908e-05 4.6346822922e-05 6.2679443018e-05 7.9981714286e-05 9.8739372363e-05 1.1963961583e-04 1.4369786471e-04 1.7249313048e-04 2.0863871210e-04 2.5681767639e-04 3.2637149690e-04 4.3906589064e-04 6.6015404862e-04 1.3158190240e-03 0.0000000000e+00 0.0000000000e+00 0.0000000000e+00 0.0000000000e+00 0.0000000000e+00 
1.3399368460e-05 2.6778164355e-05 4.0293927655e-05 5.4141468132e-05 6.8569008586e-05 8.3903107202e-05 1.0058850530e-04 1.1925450996e-04 1.4083113067e-04 1.6676472493e-04 1.9944924810e-04 2.4317495481e-04 3.0650009400e-04 4.0936591858e-04 6.1155661436e-04 1.2119185901e-03 0.0000000000e+00 0.0000000000e+00 0.0000000000e+00 0.0000000000e+00 
1.1813896039e-05 2.3504791132e-05 3.5191954286e-05 4.7018748744e-05 5.9162447386e-05 7.1848932355e-05 8.5375387812e-05 1.0014658181e-04 1.1673530745e-04 1.3598812371e-04 1.5922169660e-04 1.8861544246e-04 2.2807529749e-04 2.8539308670e-04 3.7872455940e-04 5.6250142792e-04 1.1088154388e-03 0.0000000000e+00 0.0000000000e+00 0.0000000000e+00 
1.0446573836e-05 2.0701149580e-05 3.0856053864e-05 4.1019296855e-05 5.1320665968e-05 6.1920610941e-05 7.3023549236e-05 8.4898405419e-05 9.7911449069e-05 1.1258099760e-04 1.2967311669e-04 1.5037931703e-04 1.7667191081e-04 2.1208575326e-04 2.6367254434e-04 3.4786366706e-04 5.1392144343e-04 1.0080977380e-03 0.0000000000e+00 0.0000000000e+00 
9.2610406015e-06 1.8285068956e-05 2.7145122918e-05 3.5924466177e-05 4.4720441235e-05 5.3649954541e-05 6.2857473243e-05 7.2526999310e-05 8.2900552778e-05 9.4307721231e-05 1.0721488344e-04 1.2231132287e-04 1.4066912206e-04 1.6406291648e-04 1.9567331272e-04 2.4184538514e-04 3.1736410271e-04 4.6655594515e-04 9.1100003954e-04 0.0000000000e+00 
8.2282810303e-06 1.6191827706e-05 2.3949644118e-05 3.1567370283e-05 3.9119758519e-05 4.6694122980e-05 5.4395249483e-05 6.2352552517e-05 7.0730790923e-05 7.9746607515e-05 8.9694970106e-05 1.0099321584e-04 1.1425810255e-04 1.3044887515e-04 1.5115336572e-04 1.7921737565e-04 2.2031808521e-04 2.8768422301e-04 4.2097665825e-04 8.1845238095e-04 
//Sigma Espalhamento 9 g'g (g linha; g' coluna)
3.7140282494e-04 0.0000000000e+00 0.0000000000e+00 0.0000000000e+00 0.0000000000e+00 0.0000000000e+00 0.0000000000e+00 0.0000000000e+00 0.0000000000e+00 0.0000000000e+00 0.0000000000e+00 0.0000000000e+00 0.0000000000e+00 0.0000000000e+00 0.0000000000e+00 0.0000000000e+00 0.0000000000e+00 0.0000000000e+00 0.0000000000e+00 0.0000000000e+00 
1.7393562171e-04 6.5134876812e-04 0.0000000000e+00 0.0000000000e+00 0.0000000000e+00 0.0000000000e+00 0.0000000000e+00 0.0000000000e+00 0.0000000000e+00 0.0000000000e+00 0.0000000000e+00 0.0000000000e+00 0.0000000000e+00 0.0000000000e+00 0.0000000000e+00 0.0000000000e+00 0.0000000000e+00 0.0000000000e+00 0.0000000000e+00 0.0000000000e+00 
1.0855812802e-04 3.0474552821e-04 8.5506250960e-04 0.0000000000e+00 0.0000000000e+00 0.0000000000e+00 0.0000000000e+00 0.0000000000e+00 0.0000000000e+00 0.0000000000e+00 0.0000000000e+00 0.0000000000e+00 0.0000000000e+00 0.0000000000e+00 0.0000000000e+00 0.0000000000e+00 0.0000000000e+00 0.0000000000e+00 0.0000000000e+00 0.0000000000e+00 
7.6186382053e-05 1.9001389102e-04 3.9965886702e-04 9.9576944820e-04 0.0000000000e+00 0.0000000000e+00 0.0000000000e+00 0.0000000000e+00 0.0000000000e+00 0.0000000000e+00 0.0000000000e+00 0.0000000000e+00 0.0000000000e+00 0.0000000000e+00 0.0000000000e+00 0.0000000000e+00 0.0000000000e+00 0.0000000000e+00 0.0000000000e+00 0.0000000000e+00 
5.7004167307e-05 1.3321962234e-04 2.4894236205e-04 4.6494874702e-04 1.0849097201e-03 0.0000000000e+00 0.0000000000e+00 0.0000000000e+00 0.0000000000e+00 0.0000000000e+00 0.0000000000e+00 0.0000000000e+00 0.0000000000e+00 0.0000000000e+00 0.0000000000e+00 0.0000000000e+00 0.0000000000e+00 0.0000000000e+00 0.0000000000e+00 0.0000000000e+00 
4.4406540780e-05 9.9576944820e-05 1.7435578013e-04 2.8930925869e-04 5.0603531524e-04 1.1323336206e-03 0.0000000000e+00 0.0000000000e+00 0.0000000000e+00 0.0000000000e+00 0.0000000000e+00 0.0000000000e+00 0.0000000000e+00 0.0000000000e+00 0.0000000000e+00 0.0000000000e+00 0.0000000000e+00 0.0000000000e+00 0.0000000000e+00 0.0000000000e+00 
3.5563194578e-05 7.7491457837e-05 1.3018916641e-04 2.0241412609e-04 3.1453711683e-04 5.2757981158e-04 1.1464797048e-03 0.0000000000e+00 0.0000000000e+00 0.0000000000e+00 0.0000000000e+00 0.0000000000e+00 0.0000000000e+00 0.0000000000e+00 0.0000000000e+00 0.0000000000e+00 0.0000000000e+00 0.0000000000e+00 0.0000000000e+00 0.0000000000e+00 
2.9059296689e-05 6.1994841147e-05 1.0120706305e-04 1.5097781608e-04 2.1982492149e-04 3.2756562995e-04 5.3357022504e-04 1.1345367772e-03 0.0000000000e+00 0.0000000000e+00 0.0000000000e+00 0.0000000000e+00 0.0000000000e+00 0.0000000000e+00 0.0000000000e+00 0.0000000000e+00 0.0000000000e+00 0.0000000000e+00 0.0000000000e+00 0.0000000000e+00 
2.4109104891e-05 5.0603531524e-05 8.0880972900e-05 1.1723995813e-04 1.6378281498e-04 2.2867295359e-04 3.3090656002e-04 5.2739914257e-04 1.1025909173e-03 0.0000000000e+00 0.0000000000e+00 0.0000000000e+00 0.0000000000e+00 0.0000000000e+00 0.0000000000e+00 0.0000000000e+00 0.0000000000e+00 0.0000000000e+00 0.0000000000e+00 0.0000000000e+00 
2.0241412609e-05 4.1938282244e-05 6.5947476447e-05 9.3590179987e-05 1.2704052977e-04 1.7018051658e-04 2.3073712487e-04 3.2669360513e-04 5.1193435085e-04 1.0557586286e-03 0.0000000000e+00 0.0000000000e+00 0.0000000000e+00 0.0000000000e+00 0.0000000000e+00 0.0000000000e+00 0.0000000000e+00 0.0000000000e+00 0.0000000000e+00 0.0000000000e+00 
1.7156570009e-05 3.5171987439e-05 5.4594271659e-05 7.6224317863e-05 1.0129792654e-04 1.3184978564e-04 1.7151414269e-04 2.2752637816e-04 3.1672758857e-04 4.8958272130e-04 9.9830713720e-04 0.0000000000e+00 0.0000000000e+00 0.0000000000e+00 0.0000000000e+00 0.0000000000e+00 0.0000000000e+00 0.0000000000e+00 0.0000000000e+00 0.0000000000e+00 
1.4654994766e-05 2.9778693632e-05 4.5734590718e-05 6.3029820956e-05 8.2406116027e-05 1.0500865879e-04 1.3272372059e-04 1.6892138057e-04 2.2031222459e-04 3.0251731430e-04 4.6234787970e-04 9.3376281298e-04 0.0000000000e+00 0.0000000000e+00 0.0000000000e+00 0.0000000000e+00 0.0000000000e+00 0.0000000000e+00 0.0000000000e+00 0.0000000000e+00 
1.2598678075e-05 2.5408105954e-05 3.8677390132e-05 5.2739914257e-05 6.8061167736e-05 8.5322391809e-05 1.0557586286e-04 1.3055539235e-04 1.6335934972e-04 2.1015812714e-04 2.8531641508e-04 4.3188213405e-04 8.6500862821e-04 0.0000000000e+00 0.0000000000e+00 0.0000000000e+00 0.0000000000e+00 0.0000000000e+00 0.0000000000e+00 0.0000000000e+00 
1.0889188266e-05 2.1818014946e-05 3.2962446411e-05 4.4549127973e-05 5.6881594539e-05 7.0383908571e-05 8.5676976228e-05 1.0372022205e-04 1.2609487628e-04 1.5562713550e-04 1.9794597811e-04 2.6615650099e-04 3.9953310745e-04 7.9437151906e-04 0.0000000000e+00 0.0000000000e+00 0.0000000000e+00 0.0000000000e+00 0.0000000000e+00 0.0000000000e+00 
9.4544731434e-06 1.8835683663e-05 2.8271561983e-05 3.7921063026e-05 4.7989028571e-05 5.8749926556e-05 7.0587373337e-05 8.4063250855e-05 1.0004601568e-04 1.1996725946e-04 1.4638607554e-04 1.8439989575e-04 2.4587689876e-04 3.6638549698e-04 7.2370046320e-04 0.0000000000e+00 0.0000000000e+00 0.0000000000e+00 0.0000000000e+00 0.0000000000e+00 
8.2406116027e-06 1.6334680257e-05 2.4377826231e-05 3.2484880879e-05 4.0798560108e-05 4.9502833249e-05 5.8844275598e-05 6.9167615777e-05 8.0977900135e-05 9.5055893210e-05 1.1268882518e-04 1.3617797470e-04 1.7010755217e-04 2.2515125522e-04 3.3329835483e-04 6.5443603864e-04 0.0000000000e+00 0.0000000000e+00 0.0000000000e+00 0.0000000000e+00 
7.2064765838e-06 1.4220398635e-05 2.1115172571e-05 2.7976155503e-05 3.4905843958e-05 4.2031625427e-05 4.9517724931e-05 5.7584284540e-05 6.6539125247e-05 7.6833289895e-05 8.9164150099e-05 1.0468157057e-04 1.2544141362e-04 1.5553923225e-04 2.0451126207e-04 3.0093826394e-04 5.8767218254e-04 0.0000000000e+00 0.0000000000e+00 0.0000000000e+00 
6.3201771710e-06 1.2420689748e-05 1.8359352049e-05 2.4201385144e-05 3.0022589591e-05 3.5913954346e-05 4.1988540811e-05 4.8392091089e-05 5.5319968724e-05 6.3045358656e-05 7.1968579764e-05 8.2708624365e-05 9.6286191394e-05 1.1452630676e-04 1.4106481122e-04 1.8436774354e-04 2.6980875780e-04 5.2421082377e-04 0.0000000000e+00 0.0000000000e+00 
5.5566243609e-06 1.0879616029e-05 1.6015622522e-05 2.1015812714e-05 2.5937855916e-05 3.0848723861e-05 3.5828759748e-05 4.0977754610e-05 4.6424309556e-05 5.2340785283e-05 5.8968185890e-05 6.6659670965e-05 7.5961325913e-05 8.7773660315e-05 1.0370685574e-04 1.2696882720e-04 1.6502933341e-04 2.4027631175e-04 4.6461002017e-04 0.0000000000e+00 
4.8958272130e-06 9.5531783464e-06 1.4010541809e-05 1.8309074764e-05 2.2493861149e-05 2.6615650099e-05 3.0733315958e-05 3.4917429409e-05 3.9255588962e-05 4.3860634133e-05 4.8883758708e-05 5.4536336553e-05 6.1128084862e-05 6.9137903828e-05 7.9355517000e-05 9.3193035337e-05 1.1346381388e-04 1.4671895374e-04 2.1259321242e-04 4.0922619048e-04 
//Sigma Espalhamento 10 g'g (g linha; g' coluna)
2.5626794921e-04 0.0000000000e+00 0.0000000000e+00 0.0000000000e+00 0.0000000000e+00 0.0000000000e+00 0.0000000000e+00 0.0000000000e+00 0.0000000000e+00 0.0000000000e+00 0.0000000000e+00 0.0000000000e+00 0.0000000000e+00 0.0000000000e+00 0.0000000000e+00 0.0000000000e+00 0.0000000000e+00 0.0000000000e+00 0.0000000000e+00 0.0000000000e+00 
1.1914590087e-04 4.4291716232e-04 0.0000000000e+00 0.0000000000e+00 0.0000000000e+00 0.0000000000e+00 0.0000000000e+00 0.0000000000e+00 0.0000000000e+00 0.0000000000e+00 0.0000000000e+00 0.0000000000e+00 0.0000000000e+00 0.0000000000e+00 0.0000000000e+00 0.0000000000e+00 0.0000000000e+00 0.0000000000e+00 0.0000000000e+00 0.0000000000e+00 
7.3819527053e-05 2.0570323154e-04 5.7289188143e-04 0.0000000000e+00 0.0000000000e+00 0.0000000000e+00 0.0000000000e+00 0.0000000000e+00 0.0000000000e+00 0.0000000000e+00 0.0000000000e+00 0.0000000000e+00 0.0000000000e+00 0.0000000000e+00 0.0000000000e+00 0.0000000000e+00 0.0000000000e+00 0.0000000000e+00 0.0000000000e+00 0.0000000000e+00 
5.1425807886e-05 1.2730930698e-04 2.6577314657e-04 6.5720783581e-04 0.0000000000e+00 0.0000000000e+00 0.0000000000e+00 0.0000000000e+00 0.0000000000e+00 0.0000000000e+00 0.0000000000e+00 0.0000000000e+00 0.0000000000e+00 0.0000000000e+00 0.0000000000e+00 0.0000000000e+00 0.0000000000e+00 0.0000000000e+00 0.0000000000e+00 0.0000000000e+00 
3.8192792095e-05 8.8591048855e-05 1.6430195895e-04 3.0454142930e-04 7.0519131805e-04 0.0000000000e+00 0.0000000000e+00 0.0000000000e+00 0.0000000000e+00 0.0000000000e+00 0.0000000000e+00 0.0000000000e+00 0.0000000000e+00 0.0000000000e+00 0.0000000000e+00 0.0000000000e+00 0.0000000000e+00 0.0000000000e+00 0.0000000000e+00 0.0000000000e+00 
2.9530349618e-05 6.5720783581e-05 1.1420303599e-04 1.8805101815e-04 3.2639277833e-04 7.2469351718e-04 0.0000000000e+00 0.0000000000e+00 0.0000000000e+00 0.0000000000e+00 0.0000000000e+00 0.0000000000e+00 0.0000000000e+00 0.0000000000e+00 0.0000000000e+00 0.0000000000e+00 0.0000000000e+00 0.0000000000e+00 0.0000000000e+00 0.0000000000e+00 
2.3471708422e-05 5.0756904883e-05 8.4622958166e-05 1.3055711133e-04 2.0130375477e-04 3.3501318035e-04 7.2228221405e-04 0.0000000000e+00 0.0000000000e+00 0.0000000000e+00 0.0000000000e+00 0.0000000000e+00 0.0000000000e+00 0.0000000000e+00 0.0000000000e+00 0.0000000000e+00 0.0000000000e+00 0.0000000000e+00 0.0000000000e+00 0.0000000000e+00 
1.9033839331e-05 4.0296646746e-05 6.5278555665e-05 9.6625802291e-05 1.3958882515e-04 2.0636634687e-04 3.3348139065e-04 7.0341280187e-04 0.0000000000e+00 0.0000000000e+00 0.0000000000e+00 0.0000000000e+00 0.0000000000e+00 0.0000000000e+00 0.0000000000e+00 0.0000000000e+00 0.0000000000e+00 0.0000000000e+00 0.0000000000e+00 0.0000000000e+00 
1.5670918179e-05 3.2639277833e-05 5.1763822656e-05 7.4447373412e-05 1.0318317344e-04 1.4292059599e-04 2.0516206721e-04 3.2435047268e-04 6.7258045957e-04 0.0000000000e+00 0.0000000000e+00 0.0000000000e+00 0.0000000000e+00 0.0000000000e+00 0.0000000000e+00 0.0000000000e+00 0.0000000000e+00 0.0000000000e+00 0.0000000000e+00 0.0000000000e+00 
1.3055711133e-05 2.6840500636e-05 4.1876647544e-05 5.8961813392e-05 7.9400331107e-05 1.0551192028e-04 1.4190333180e-04 1.9928309913e-04 3.0972028227e-04 6.3345517714e-04 0.0000000000e+00 0.0000000000e+00 0.0000000000e+00 0.0000000000e+00 0.0000000000e+00 0.0000000000e+00 0.0000000000e+00 0.0000000000e+00 0.0000000000e+00 0.0000000000e+00 
1.0980204806e-05 2.2334212023e-05 3.4394391145e-05 4.7640198664e-05 6.2804714453e-05 8.1087618170e-05 1.0462362704e-04 1.3765345878e-04 1.9003655314e-04 2.9130171917e-04 5.8900121095e-04 0.0000000000e+00 0.0000000000e+00 0.0000000000e+00 0.0000000000e+00 0.0000000000e+00 0.0000000000e+00 0.0000000000e+00 0.0000000000e+00 0.0000000000e+00 
9.3059216764e-06 1.8760576988e-05 2.8584119199e-05 3.9078488993e-05 5.0679761356e-05 6.4055281864e-05 8.0297850958e-05 1.0135282834e-04 1.3108577363e-04 1.7848521544e-04 2.7047350963e-04 5.4158243153e-04 0.0000000000e+00 0.0000000000e+00 0.0000000000e+00 0.0000000000e+00 0.0000000000e+00 0.0000000000e+00 0.0000000000e+00 0.0000000000e+00 
7.9371671873e-06 1.5880066221e-05 2.3979981882e-05 3.2435047268e-05 4.1517312319e-05 5.1620047044e-05 6.3345517714e-05 7.7680458447e-05 9.6382016337e-05 1.2294250438e-04 1.6548352075e-04 2.4833222708e-04 4.9305491808e-04 0.0000000000e+00 0.0000000000e+00 0.0000000000e+00 0.0000000000e+00 0.0000000000e+00 0.0000000000e+00 0.0000000000e+00 
6.8057426663e-06 1.3527169267e-05 2.0271904543e-05 2.7174968063e-05 3.4413364696e-05 4.2230345143e-05 5.0977800856e-05 6.1194931007e-05 7.3765502625e-05 9.0263738588e-05 1.1381893741e-04 1.5170920556e-04 2.2573620571e-04 4.4484805067e-04 0.0000000000e+00 0.0000000000e+00 0.0000000000e+00 0.0000000000e+00 0.0000000000e+00 0.0000000000e+00 
5.8617733489e-06 1.1583945453e-05 1.7245652809e-05 2.2942243131e-05 2.8793417143e-05 3.4956206301e-05 4.1646550269e-05 4.9177001750e-05 5.8026689093e-05 6.8981174189e-05 8.3440063060e-05 1.0418594110e-04 1.3769106330e-04 2.0334395083e-04 3.9803525476e-04 0.0000000000e+00 0.0000000000e+00 0.0000000000e+00 0.0000000000e+00 0.0000000000e+00 
5.0679761356e-06 9.9641549566e-06 1.4748584870e-05 1.9490928527e-05 2.4275143265e-05 2.9206671617e-05 3.4423901225e-05 4.0117217150e-05 4.6562292578e-05 5.4181859130e-05 6.3669186226e-05 7.6259665830e-05 9.4409691455e-05 1.2383319037e-04 1.8164760338e-04 3.5339546086e-04 0.0000000000e+00 0.0000000000e+00 0.0000000000e+00 0.0000000000e+00 
4.3959507161e-06 8.6033411740e-06 1.2669103543e-05 1.6645812524e-05 2.0594447935e-05 2.4588500875e-05 2.8720280460e-05 3.3110963611e-05 3.7927301391e-05 4.3410808790e-05 4.9931924055e-05 5.8098271664e-05 6.8992777491e-05 8.4768881577e-05 1.1043608152e-04 1.6100197121e-04 3.1146625675e-04 0.0000000000e+00 0.0000000000e+00 0.0000000000e+00 
3.8237071885e-06 7.4524138487e-06 1.0923814469e-05 1.4278817235e-05 1.7563214911e-05 2.0830093520e-05 2.4143410966e-05 2.7583491921e-05 3.1255782329e-05 3.5305400847e-05 3.9942561769e-05 4.5489743401e-05 5.2475974310e-05 6.1844205651e-05 7.5469674003e-05 9.7714904077e-05 1.4164959785e-04 2.7258962836e-04 0.0000000000e+00 0.0000000000e+00 
3.3339746165e-06 6.4733715372e-06 9.4492172879e-06 1.2294250438e-05 1.5043956431e-05 1.7738016220e-05 2.0422393057e-05 2.3152431355e-05 2.5997613351e-05 2.9049135832e-05 3.2432502240e-05 3.6329520676e-05 4.1019115993e-05 4.6958908269e-05 5.4964633543e-05 6.6658634280e-05 8.5815253373e-05 1.2374230055e-04 2.3695111029e-04 0.0000000000e+00 
2.9130171917e-06 5.6363752244e-06 8.1961669583e-06 1.0619263363e-05 1.2933970160e-05 1.5170920556e-05 1.7364323516e-05 1.9553760469e-05 2.1786851874e-05 2.4123348773e-05 2.6641648496e-05 2.9449621739e-05 3.2703525401e-05 3.6643089029e-05 4.1661646425e-05 4.8460378375e-05 5.8433864150e-05 7.4826666406e-05 1.0735957227e-04 2.0461309524e-04 
///Zona 3
//Sigma Total g (g=1..20)
1.5759509865e-01 3.1519019730e-01 4.7278529596e-01 6.3038039461e-01 5.5158284528e-01 9.4557059191e-01 1.1031656906e+00 1.2607607892e+00 1.4183558879e+00 1.3395583385e+00 1.7335460852e+00 1.8911411838e+00 2.0487362825e+00 2.2063313811e+00 2.3639264798e+00 2.5215215784e+00 2.6791166771e+00 2.8367117757e+00 2.9943068744e+00 3.1519019730e+00 
//Sigma Espalhamento 0 g'g (g linha; g' coluna)
1.0952380952e-02 0.0000000000e+00 0.0000000000e+00 0.0000000000e+00 0.0000000000e+00 0.0000000000e+00 0.0000000000e+00 0.0000000000e+00 0.0000000000e+00 0.0000000000e+00 0.0000000000e+00 0.0000000000e+00 0.0000000000e+00 0.0000000000e+00 0.0000000000e+00 0.0000000000e+00 0.0000000000e+00 0.0000000000e+00 0.0000000000e+00 0.0000000000e+00 
5.4761904762e-03 2.1904761905e-02 0.0000000000e+00 0.0000000000e+00 0.0000000000e+00 0.0000000000e+00 0.0000000000e+00 0.0000000000e+00 0.0000000000e+00 0.0000000000e+00 0.0000000000e+00 0.0000000000e+00 0.0000000000e+00 0.0000000000e+00 0.0000000000e+00 0.0000000000e+00 0.0000000000e+00 0.0000000000e+00 0.0000000000e+00 0.0000000000e+00 
3.6507936508e-03 1.0952380952e-02 3.2857142857e-02 0.0000000000e+00 0.0000000000e+00 0.0000000000e+00 0.0000000000e+00 0.0000000000e+00 0.0000000000e+00 0.0000000000e+00 0.0000000000e+00 0.0000000000e+00 0.0000000000e+00 0.0000000000e+00 0.0000000000e+00 0.0000000000e+00 0.0000000000e+00 0.0000000000e+00 0.0000000000e+00 0.0000000000e+00 
2.7380952381e-03 7.3015873016e-03 1.6428571429e-02 4.3809523810e-02 0.0000000000e+00 0.0000000000e+00 0.0000000000e+00 0.0000000000e+00 0.0000000000e+00 0.0000000000e+00 0.0000000000e+00 0.0000000000e+00 0.0000000000e+00 0.0000000000e+00 0.0000000000e+00 0.0000000000e+00 0.0000000000e+00 0.0000000000e+00 0.0000000000e+00 0.0000000000e+00 
2.1904761905e-03 5.4761904762e-03 1.0952380952e-02 2.1904761905e-02 5.4761904762e-02 0.0000000000e+00 0.0000000000e+00 0.0000000000e+00 0.0000000000e+00 0.0000000000e+00 0.0000000000e+00 0.0000000000e+00 0.0000000000e+00 0.0000000000e+00 0.0000000000e+00 0.0000000000e+00 0.0000000000e+00 0.0000000000e+00 0.0000000000e+00 0.0000000000e+00 
1.8253968254e-03 4.3809523810e-03 8.2142857143e-03 1.4603174603e-02 2.7380952381e-02 6.5714285714e-02 0.0000000000e+00 0.0000000000e+00 0.0000000000e+00 0.0000000000e+00 0.0000000000e+00 0.0000000000e+00 0.0000000000e+00 0.0000000000e+00 0.0000000000e+00 0.0000000000e+00 0.0000000000e+00 0.0000000000e+00 0.0000000000e+00 0.0000000000e+00 
1.5646258503e-03 3.6507936508e-03 6.5714285714e-03 1.0952380952e-02 1.8253968254e-02 3.2857142857e-02 7.6666666667e-02 0.0000000000e+00 0.0000000000e+00 0.0000000000e+00 0.0000000000e+00 0.0000000000e+00 0.0000000000e+00 0.0000000000e+00 0.0000000000e+00 0.0000000000e+00 0.0000000000e+00 0.0000000000e+00 0.0000000000e+00 0.0000000000e+00 
1.3690476190e-03 3.1292517007e-03 5.4761904762e-03 8.7619047619e-03 1.3690476190e-02 2.1904761905e-02 3.8333333333e-02 8.7619047619e-02 0.0000000000e+00 0.0000000000e+00 0.0000000000e+00 0.0000000000e+00 0.0000000000e+00 0.0000000000e+00 0.0000000000e+00 0.0000000000e+00 0.0000000000e+00 0.0000000000e+00 0.0000000000e+00 0.0000000000e+00 
1.2169312169e-03 2.7380952381e-03 4.6938775510e-03 7.3015873016e-03 1.0952380952e-02 1.6428571429e-02 2.5555555556e-02 4.3809523810e-02 9.8571428571e-02 0.0000000000e+00 0.0000000000e+00 0.0000000000e+00 0.0000000000e+00 0.0000000000e+00 0.0000000000e+00 0.0000000000e+00 0.0000000000e+00 0.0000000000e+00 0.0000000000e+00 0.0000000000e+00 
1.0952380952e-03 2.4338624339e-03 4.1071428571e-03 6.2585034014e-03 9.1269841270e-03 1.3142857143e-02 1.9166666667e-02 2.9206349206e-02 4.9285714286e-02 1.0952380952e-01 0.0000000000e+00 0.0000000000e+00 0.0000000000e+00 0.0000000000e+00 0.0000000000e+00 0.0000000000e+00 0.0000000000e+00 0.0000000000e+00 0.0000000000e+00 0.0000000000e+00 
9.9567099567e-04 2.1904761905e-03 3.6507936508e-03 5.4761904762e-03 7.8231292517e-03 1.0952380952e-02 1.5333333333e-02 2.1904761905e-02 3.2857142857e-02 5.4761904762e-02 1.2047619048e-01 0.0000000000e+00 0.0000000000e+00 0.0000000000e+00 0.0000000000e+00 0.0000000000e+00 0.0000000000e+00 0.0000000000e+00 0.0000000000e+00 0.0000000000e+00 
9.1269841270e-04 1.9913419913e-03 3.2857142857e-03 4.8677248677e-03 6.8452380952e-03 9.3877551020e-03 1.2777777778e-02 1.7523809524e-02 2.4642857143e-02 3.6507936508e-02 6.0238095238e-02 1.3142857143e-01 0.0000000000e+00 0.0000000000e+00 0.0000000000e+00 0.0000000000e+00 0.0000000000e+00 0.0000000000e+00 0.0000000000e+00 0.0000000000e+00 
8.4249084249e-04 1.8253968254e-03 2.9870129870e-03 4.3809523810e-03 6.0846560847e-03 8.2142857143e-03 1.0952380952e-02 1.4603174603e-02 1.9714285714e-02 2.7380952381e-02 4.0158730159e-02 6.5714285714e-02 1.4238095238e-01 0.0000000000e+00 0.0000000000e+00 0.0000000000e+00 0.0000000000e+00 0.0000000000e+00 0.0000000000e+00 0.0000000000e+00 
7.8231292517e-04 1.6849816850e-03 2.7380952381e-03 3.9826839827e-03 5.4761904762e-03 7.3015873016e-03 9.5833333333e-03 1.2517006803e-02 1.6428571429e-02 2.1904761905e-02 3.0119047619e-02 4.3809523810e-02 7.1190476190e-02 1.5333333333e-01 0.0000000000e+00 0.0000000000e+00 0.0000000000e+00 0.0000000000e+00 0.0000000000e+00 0.0000000000e+00 
7.3015873016e-04 1.5646258503e-03 2.5274725275e-03 3.6507936508e-03 4.9783549784e-03 6.5714285714e-03 8.5185185185e-03 1.0952380952e-02 1.4081632653e-02 1.8253968254e-02 2.4095238095e-02 3.2857142857e-02 4.7460317460e-02 7.6666666667e-02 1.6428571429e-01 0.0000000000e+00 0.0000000000e+00 0.0000000000e+00 0.0000000000e+00 0.0000000000e+00 
6.8452380952e-04 1.4603174603e-03 2.3469387755e-03 3.3699633700e-03 4.5634920635e-03 5.9740259740e-03 7.6666666667e-03 9.7354497354e-03 1.2321428571e-02 1.5646258503e-02 2.0079365079e-02 2.6285714286e-02 3.5595238095e-02 5.1111111111e-02 8.2142857143e-02 1.7523809524e-01 0.0000000000e+00 0.0000000000e+00 0.0000000000e+00 0.0000000000e+00 
6.4425770308e-04 1.3690476190e-03 2.1904761905e-03 3.1292517007e-03 4.2124542125e-03 5.4761904762e-03 6.9696969697e-03 8.7619047619e-03 1.0952380952e-02 1.3690476190e-02 1.7210884354e-02 2.1904761905e-02 2.8476190476e-02 3.8333333333e-02 5.4761904762e-02 8.7619047619e-02 1.8619047619e-01 0.0000000000e+00 0.0000000000e+00 0.0000000000e+00 
6.0846560847e-04 1.2885154062e-03 2.0535714286e-03 2.9206349206e-03 3.9115646259e-03 5.0549450549e-03 6.3888888889e-03 7.9653679654e-03 9.8571428571e-03 1.2169312169e-02 1.5059523810e-02 1.8775510204e-02 2.3730158730e-02 3.0666666667e-02 4.1071428571e-02 5.8412698413e-02 9.3095238095e-02 1.9714285714e-01 0.0000000000e+00 0.0000000000e+00 
5.7644110276e-04 1.2169312169e-03 1.9327731092e-03 2.7380952381e-03 3.6507936508e-03 4.6938775510e-03 5.8974358974e-03 7.3015873016e-03 8.9610389610e-03 1.0952380952e-02 1.3386243386e-02 1.6428571429e-02 2.0340136054e-02 2.5555555556e-02 3.2857142857e-02 4.3809523810e-02 6.2063492063e-02 9.8571428571e-02 2.0809523810e-01 0.0000000000e+00 
5.4761904762e-04 1.1528822055e-03 1.8253968254e-03 2.5770308123e-03 3.4226190476e-03 4.3809523810e-03 5.4761904762e-03 6.7399267399e-03 8.2142857143e-03 9.9567099567e-03 1.2047619048e-02 1.4603174603e-02 1.7797619048e-02 2.1904761905e-02 2.7380952381e-02 3.5047619048e-02 4.6547619048e-02 6.5714285714e-02 1.0404761905e-01 2.1904761905e-01 
//Sigma Espalhamento 1 g'g (g linha; g' coluna)
7.5571428571e-03 0.0000000000e+00 0.0000000000e+00 0.0000000000e+00 0.0000000000e+00 0.0000000000e+00 0.0000000000e+00 0.0000000000e+00 0.0000000000e+00 0.0000000000e+00 0.0000000000e+00 0.0000000000e+00 0.0000000000e+00 0.0000000000e+00 0.0000000000e+00 0.0000000000e+00 0.0000000000e+00 0.0000000000e+00 0.0000000000e+00 0.0000000000e+00 
3.7511904762e-03 1.4895238095e-02 0.0000000000e+00 0.0000000000e+00 0.0000000000e+00 0.0000000000e+00 0.0000000000e+00 0.0000000000e+00 0.0000000000e+00 0.0000000000e+00 0.0000000000e+00 0.0000000000e+00 0.0000000000e+00 0.0000000000e+00 0.0000000000e+00 0.0000000000e+00 0.0000000000e+00 0.0000000000e+00 0.0000000000e+00 0.0000000000e+00 
2.4825396825e-03 7.3928571429e-03 2.2014285714e-02 0.0000000000e+00 0.0000000000e+00 0.0000000000e+00 0.0000000000e+00 0.0000000000e+00 0.0000000000e+00 0.0000000000e+00 0.0000000000e+00 0.0000000000e+00 0.0000000000e+00 0.0000000000e+00 0.0000000000e+00 0.0000000000e+00 0.0000000000e+00 0.0000000000e+00 0.0000000000e+00 0.0000000000e+00 
1.8482142857e-03 4.8920634921e-03 1.0925000000e-02 2.8914285714e-02 0.0000000000e+00 0.0000000000e+00 0.0000000000e+00 0.0000000000e+00 0.0000000000e+00 0.0000000000e+00 0.0000000000e+00 0.0000000000e+00 0.0000000000e+00 0.0000000000e+00 0.0000000000e+00 0.0000000000e+00 0.0000000000e+00 0.0000000000e+00 0.0000000000e+00 0.0000000000e+00 
1.4676190476e-03 3.6416666667e-03 7.2285714286e-03 1.4347619048e-02 3.5595238095e-02 0.0000000000e+00 0.0000000000e+00 0.0000000000e+00 0.0000000000e+00 0.0000000000e+00 0.0000000000e+00 0.0000000000e+00 0.0000000000e+00 0.0000000000e+00 0.0000000000e+00 0.0000000000e+00 0.0000000000e+00 0.0000000000e+00 0.0000000000e+00 0.0000000000e+00 
1.2138888889e-03 2.8914285714e-03 5.3803571429e-03 9.4920634921e-03 1.7660714286e-02 4.2057142857e-02 0.0000000000e+00 0.0000000000e+00 0.0000000000e+00 0.0000000000e+00 0.0000000000e+00 0.0000000000e+00 0.0000000000e+00 0.0000000000e+00 0.0000000000e+00 0.0000000000e+00 0.0000000000e+00 0.0000000000e+00 0.0000000000e+00 0.0000000000e+00 
1.0326530612e-03 2.3912698413e-03 4.2714285714e-03 7.0642857143e-03 1.1682539683e-02 2.0864285714e-02 4.8300000000e-02 0.0000000000e+00 0.0000000000e+00 0.0000000000e+00 0.0000000000e+00 0.0000000000e+00 0.0000000000e+00 0.0000000000e+00 0.0000000000e+00 0.0000000000e+00 0.0000000000e+00 0.0000000000e+00 0.0000000000e+00 0.0000000000e+00 
8.9672619048e-04 2.0340136054e-03 3.5321428571e-03 5.6076190476e-03 8.6934523810e-03 1.3800000000e-02 2.3958333333e-02 5.4323809524e-02 0.0000000000e+00 0.0000000000e+00 0.0000000000e+00 0.0000000000e+00 0.0000000000e+00 0.0000000000e+00 0.0000000000e+00 0.0000000000e+00 0.0000000000e+00 0.0000000000e+00 0.0000000000e+00 0.0000000000e+00 
7.9100529101e-04 1.7660714286e-03 3.0040816327e-03 4.6365079365e-03 6.9000000000e-03 1.0267857143e-02 1.5844444444e-02 2.6942857143e-02 6.0128571429e-02 0.0000000000e+00 0.0000000000e+00 0.0000000000e+00 0.0000000000e+00 0.0000000000e+00 0.0000000000e+00 0.0000000000e+00 0.0000000000e+00 0.0000000000e+00 0.0000000000e+00 0.0000000000e+00 
7.0642857143e-04 1.5576719577e-03 2.6080357143e-03 3.9428571429e-03 5.7043650794e-03 8.1485714286e-03 1.1787500000e-02 1.7815873016e-02 2.9817857143e-02 6.5714285714e-02 0.0000000000e+00 0.0000000000e+00 0.0000000000e+00 0.0000000000e+00 0.0000000000e+00 0.0000000000e+00 0.0000000000e+00 0.0000000000e+00 0.0000000000e+00 0.0000000000e+00 
6.3722943723e-04 1.3909523810e-03 2.3000000000e-03 3.4226190476e-03 4.8503401361e-03 6.7357142857e-03 9.3533333333e-03 1.3252380952e-02 1.9714285714e-02 3.2583333333e-02 7.1080952381e-02 0.0000000000e+00 0.0000000000e+00 0.0000000000e+00 0.0000000000e+00 0.0000000000e+00 0.0000000000e+00 0.0000000000e+00 0.0000000000e+00 0.0000000000e+00 
5.7956349206e-04 1.2545454545e-03 2.0535714286e-03 3.0179894180e-03 4.2098214286e-03 5.7265306122e-03 7.7305555556e-03 1.0514285714e-02 1.4662500000e-02 2.1539682540e-02 3.5239285714e-02 7.6228571429e-02 0.0000000000e+00 0.0000000000e+00 0.0000000000e+00 0.0000000000e+00 0.0000000000e+00 0.0000000000e+00 0.0000000000e+00 0.0000000000e+00 
5.3076923077e-04 1.1408730159e-03 1.8519480519e-03 2.6942857143e-03 3.7116402116e-03 4.9696428571e-03 6.5714285714e-03 8.6888888889e-03 1.1631428571e-02 1.6017857143e-02 2.3292063492e-02 3.7785714286e-02 8.1157142857e-02 0.0000000000e+00 0.0000000000e+00 0.0000000000e+00 0.0000000000e+00 0.0000000000e+00 0.0000000000e+00 0.0000000000e+00 
4.8894557823e-04 1.0446886447e-03 1.6839285714e-03 2.4294372294e-03 3.3130952381e-03 4.3809523810e-03 5.7020833333e-03 7.3850340136e-03 9.6107142857e-03 1.2704761905e-02 1.7318452381e-02 2.4971428571e-02 4.0222619048e-02 8.5866666667e-02 0.0000000000e+00 0.0000000000e+00 0.0000000000e+00 0.0000000000e+00 0.0000000000e+00 0.0000000000e+00 
4.5269841270e-04 9.6224489796e-04 1.5417582418e-03 2.2087301587e-03 2.9870129870e-03 3.9100000000e-03 5.0259259259e-03 6.4071428571e-03 8.1673469388e-03 1.0496031746e-02 1.3734285714e-02 1.8564285714e-02 2.6577777778e-02 4.2550000000e-02 9.0357142857e-02 0.0000000000e+00 0.0000000000e+00 0.0000000000e+00 0.0000000000e+00 0.0000000000e+00 
4.2098214286e-04 8.9079365079e-04 1.4198979592e-03 2.0219780220e-03 2.7152777778e-03 3.5246753247e-03 4.4850000000e-03 5.6465608466e-03 7.0848214286e-03 8.9183673469e-03 1.1344841270e-02 1.4720000000e-02 1.9755357143e-02 2.8111111111e-02 4.4767857143e-02 9.4628571429e-02 0.0000000000e+00 0.0000000000e+00 0.0000000000e+00 0.0000000000e+00 
3.9299719888e-04 8.2827380952e-04 1.3142857143e-03 1.8619047619e-03 2.4853479853e-03 3.2035714286e-03 4.0424242424e-03 5.0380952381e-03 6.2428571429e-03 7.7351190476e-03 9.6380952381e-03 1.2157142857e-02 1.5661904762e-02 2.0891666667e-02 2.9571428571e-02 4.6876190476e-02 9.8680952381e-02 0.0000000000e+00 0.0000000000e+00 0.0000000000e+00 
3.6812169312e-04 7.7310924370e-04 1.2218750000e-03 1.7231746032e-03 2.2882653061e-03 2.9318681319e-03 3.6736111111e-03 4.5402597403e-03 5.5692857143e-03 6.8148148148e-03 8.3580357143e-03 1.0326530612e-02 1.2932936508e-02 1.6560000000e-02 2.1973214286e-02 3.0958730159e-02 4.8875000000e-02 1.0251428571e-01 0.0000000000e+00 0.0000000000e+00 
3.4586466165e-04 7.2407407407e-04 1.1403361345e-03 1.6017857143e-03 2.1174603175e-03 2.6989795918e-03 3.3615384615e-03 4.1253968254e-03 5.0181818182e-03 6.0785714286e-03 7.3624338624e-03 8.9535714286e-03 1.0983673469e-02 1.3672222222e-02 1.7414285714e-02 2.3000000000e-02 3.2273015873e-02 5.0764285714e-02 1.0612857143e-01 0.0000000000e+00 
3.2583333333e-04 6.8020050125e-04 1.0678571429e-03 1.4946778711e-03 1.9680059524e-03 2.4971428571e-03 3.0940476190e-03 3.7743589744e-03 4.5589285714e-03 5.4761904762e-03 6.5659523810e-03 7.8857142857e-03 9.5217261905e-03 1.1609523810e-02 1.4375000000e-02 1.8224761905e-02 2.3972023810e-02 3.3514285714e-02 5.2544047619e-02 1.0952380952e-01 
//Sigma Espalhamento 2 g'g (g linha; g' coluna)
5.2144285714e-03 0.0000000000e+00 0.0000000000e+00 0.0000000000e+00 0.0000000000e+00 0.0000000000e+00 0.0000000000e+00 0.0000000000e+00 0.0000000000e+00 0.0000000000e+00 0.0000000000e+00 0.0000000000e+00 0.0000000000e+00 0.0000000000e+00 0.0000000000e+00 0.0000000000e+00 0.0000000000e+00 0.0000000000e+00 0.0000000000e+00 0.0000000000e+00 
2.5695654762e-03 1.0128761905e-02 0.0000000000e+00 0.0000000000e+00 0.0000000000e+00 0.0000000000e+00 0.0000000000e+00 0.0000000000e+00 0.0000000000e+00 0.0000000000e+00 0.0000000000e+00 0.0000000000e+00 0.0000000000e+00 0.0000000000e+00 0.0000000000e+00 0.0000000000e+00 0.0000000000e+00 0.0000000000e+00 0.0000000000e+00 0.0000000000e+00 
1.6881269841e-03 4.9901785714e-03 1.4749571429e-02 0.0000000000e+00 0.0000000000e+00 0.0000000000e+00 0.0000000000e+00 0.0000000000e+00 0.0000000000e+00 0.0000000000e+00 0.0000000000e+00 0.0000000000e+00 0.0000000000e+00 0.0000000000e+00 0.0000000000e+00 0.0000000000e+00 0.0000000000e+00 0.0000000000e+00 0.0000000000e+00 0.0000000000e+00 
1.2475446429e-03 3.2776825397e-03 7.2651250000e-03 1.9083428571e-02 0.0000000000e+00 0.0000000000e+00 0.0000000000e+00 0.0000000000e+00 0.0000000000e+00 0.0000000000e+00 0.0000000000e+00 0.0000000000e+00 0.0000000000e+00 0.0000000000e+00 0.0000000000e+00 0.0000000000e+00 0.0000000000e+00 0.0000000000e+00 0.0000000000e+00 0.0000000000e+00 
9.8330476190e-04 2.4217083333e-03 4.7708571429e-03 9.3976904762e-03 2.3136904762e-02 0.0000000000e+00 0.0000000000e+00 0.0000000000e+00 0.0000000000e+00 0.0000000000e+00 0.0000000000e+00 0.0000000000e+00 0.0000000000e+00 0.0000000000e+00 0.0000000000e+00 0.0000000000e+00 0.0000000000e+00 0.0000000000e+00 0.0000000000e+00 0.0000000000e+00 
8.0723611111e-04 1.9083428571e-03 3.5241339286e-03 6.1698412698e-03 1.1391160714e-02 2.6916571429e-02 0.0000000000e+00 0.0000000000e+00 0.0000000000e+00 0.0000000000e+00 0.0000000000e+00 0.0000000000e+00 0.0000000000e+00 0.0000000000e+00 0.0000000000e+00 0.0000000000e+00 0.0000000000e+00 0.0000000000e+00 0.0000000000e+00 0.0000000000e+00 
6.8155102041e-04 1.5662817460e-03 2.7764285714e-03 4.5564642857e-03 7.4768253968e-03 1.3248821429e-02 3.0429000000e-02 0.0000000000e+00 0.0000000000e+00 0.0000000000e+00 0.0000000000e+00 0.0000000000e+00 0.0000000000e+00 0.0000000000e+00 0.0000000000e+00 0.0000000000e+00 0.0000000000e+00 0.0000000000e+00 0.0000000000e+00 0.0000000000e+00 
5.8735565476e-04 1.3221088435e-03 2.2782321429e-03 3.5888761905e-03 5.5203422619e-03 8.6940000000e-03 1.4973958333e-02 3.3680761905e-02 0.0000000000e+00 0.0000000000e+00 0.0000000000e+00 0.0000000000e+00 0.0000000000e+00 0.0000000000e+00 0.0000000000e+00 0.0000000000e+00 0.0000000000e+00 0.0000000000e+00 0.0000000000e+00 0.0000000000e+00 
5.1415343915e-04 1.1391160714e-03 1.9226122449e-03 2.9441825397e-03 4.3470000000e-03 6.4174107143e-03 9.8235555556e-03 1.6569857143e-02 3.6678428571e-02 0.0000000000e+00 0.0000000000e+00 0.0000000000e+00 0.0000000000e+00 0.0000000000e+00 0.0000000000e+00 0.0000000000e+00 0.0000000000e+00 0.0000000000e+00 0.0000000000e+00 0.0000000000e+00 
4.5564642857e-04 9.9691005291e-04 1.6561026786e-03 2.4840000000e-03 3.5652281746e-03 5.0521142857e-03 7.2493125000e-03 1.0867682540e-02 1.8039803571e-02 3.9428571429e-02 0.0000000000e+00 0.0000000000e+00 0.0000000000e+00 0.0000000000e+00 0.0000000000e+00 0.0000000000e+00 0.0000000000e+00 0.0000000000e+00 0.0000000000e+00 0.0000000000e+00 
4.0782683983e-04 8.8325476190e-04 1.4490000000e-03 2.1391369048e-03 3.0072108844e-03 4.1424642857e-03 5.7055333333e-03 8.0176904762e-03 1.1828571429e-02 1.9387083333e-02 4.1937761905e-02 0.0000000000e+00 0.0000000000e+00 0.0000000000e+00 0.0000000000e+00 0.0000000000e+00 0.0000000000e+00 0.0000000000e+00 0.0000000000e+00 0.0000000000e+00 
3.6802281746e-04 7.9036363636e-04 1.2834821429e-03 1.8711534392e-03 2.5890401786e-03 3.4931836735e-03 4.6769861111e-03 6.3085714286e-03 8.7241875000e-03 1.2708412698e-02 2.0614982143e-02 4.4212571429e-02 0.0000000000e+00 0.0000000000e+00 0.0000000000e+00 0.0000000000e+00 0.0000000000e+00 0.0000000000e+00 0.0000000000e+00 0.0000000000e+00 
3.3438461538e-04 7.1304563492e-04 1.1482077922e-03 1.6569857143e-03 2.2641005291e-03 3.0066339286e-03 3.9428571429e-03 5.1698888889e-03 6.8625428571e-03 9.3704464286e-03 1.3509396825e-02 2.1726785714e-02 4.6259571429e-02 0.0000000000e+00 0.0000000000e+00 0.0000000000e+00 0.0000000000e+00 0.0000000000e+00 0.0000000000e+00 0.0000000000e+00 
3.0559098639e-04 6.4770695971e-04 1.0356160714e-03 1.4819567100e-03 2.0044226190e-03 2.6285714286e-03 3.3927395833e-03 4.3571700680e-03 5.6222678571e-03 7.3687619048e-03 9.9581101190e-03 1.4233714286e-02 2.2725779762e-02 4.8085333333e-02 0.0000000000e+00 0.0000000000e+00 0.0000000000e+00 0.0000000000e+00 0.0000000000e+00 0.0000000000e+00 
2.8067301587e-04 5.9178061224e-04 9.4047252747e-04 1.3362817460e-03 1.7922077922e-03 2.3264500000e-03 2.9652962963e-03 3.7481785714e-03 4.7370612245e-03 6.0352182540e-03 7.8285428571e-03 1.0488821429e-02 1.4883555556e-02 2.3615250000e-02 4.9696428571e-02 0.0000000000e+00 0.0000000000e+00 0.0000000000e+00 0.0000000000e+00 0.0000000000e+00 
2.5890401786e-04 5.4338412698e-04 8.5903826531e-04 1.2131868132e-03 1.6155902778e-03 2.0795584416e-03 2.6237250000e-03 3.2750052910e-03 4.0737723214e-03 5.0834693878e-03 6.4098353175e-03 8.2432000000e-03 1.0964223214e-02 1.5461111111e-02 2.4398482143e-02 5.1099428571e-02 0.0000000000e+00 0.0000000000e+00 0.0000000000e+00 0.0000000000e+00 
2.3972829132e-04 5.0110565476e-04 7.8857142857e-04 1.1078333333e-03 1.4663553114e-03 1.8740892857e-03 2.3446060606e-03 2.8969047619e-03 3.5584285714e-03 4.3703422619e-03 5.3973333333e-03 6.7472142857e-03 8.6140476190e-03 1.1385958333e-02 1.5968571429e-02 2.5078761905e-02 5.2300904762e-02 0.0000000000e+00 0.0000000000e+00 0.0000000000e+00 
2.2271362434e-04 4.6386554622e-04 7.2701562500e-04 1.0166730159e-03 1.3386352041e-03 1.7004835165e-03 2.1123263889e-03 2.5879480519e-03 3.1466464286e-03 3.8162962963e-03 4.6387098214e-03 5.6795918367e-03 7.0484503968e-03 8.9424000000e-03 1.1755669643e-02 1.6408126984e-02 2.5659375000e-02 5.3307428571e-02 0.0000000000e+00 0.0000000000e+00 
2.0751879699e-04 4.3082407407e-04 6.7279831933e-04 9.3704464286e-04 1.2281269841e-03 1.5519132653e-03 1.9160769231e-03 2.3308492063e-03 2.8101818182e-03 3.3736071429e-03 4.0493386243e-03 4.8796964286e-03 5.9311836735e-03 7.3146388889e-03 9.2295714286e-03 1.2075000000e-02 1.6781968254e-02 2.6143607143e-02 5.4125571429e-02 0.0000000000e+00 
1.9387083333e-04 4.0131829574e-04 6.2469642857e-04 8.6691316527e-04 1.1316034226e-03 1.4233714286e-03 1.7481369048e-03 2.1136410256e-03 2.5302053571e-03 3.0119047619e-03 3.5784440476e-03 4.2582857143e-03 5.0941235119e-03 6.1530476190e-03 7.5468750000e-03 9.4768761905e-03 1.2345592262e-02 1.7092285714e-02 2.6534744048e-02 5.4761904762e-02 
//Sigma Espalhamento 3 g'g (g linha; g' coluna)
3.5979557143e-03 0.0000000000e+00 0.0000000000e+00 0.0000000000e+00 0.0000000000e+00 0.0000000000e+00 0.0000000000e+00 0.0000000000e+00 0.0000000000e+00 0.0000000000e+00 0.0000000000e+00 0.0000000000e+00 0.0000000000e+00 0.0000000000e+00 0.0000000000e+00 0.0000000000e+00 0.0000000000e+00 0.0000000000e+00 0.0000000000e+00 0.0000000000e+00 
1.7601523512e-03 6.8875580952e-03 0.0000000000e+00 0.0000000000e+00 0.0000000000e+00 0.0000000000e+00 0.0000000000e+00 0.0000000000e+00 0.0000000000e+00 0.0000000000e+00 0.0000000000e+00 0.0000000000e+00 0.0000000000e+00 0.0000000000e+00 0.0000000000e+00 0.0000000000e+00 0.0000000000e+00 0.0000000000e+00 0.0000000000e+00 0.0000000000e+00 
1.1479263492e-03 3.3683705357e-03 9.8822128571e-03 0.0000000000e+00 0.0000000000e+00 0.0000000000e+00 0.0000000000e+00 0.0000000000e+00 0.0000000000e+00 0.0000000000e+00 0.0000000000e+00 0.0000000000e+00 0.0000000000e+00 0.0000000000e+00 0.0000000000e+00 0.0000000000e+00 0.0000000000e+00 0.0000000000e+00 0.0000000000e+00 0.0000000000e+00 
8.4209263393e-04 2.1960473016e-03 4.8313081250e-03 1.2595062857e-02 0.0000000000e+00 0.0000000000e+00 0.0000000000e+00 0.0000000000e+00 0.0000000000e+00 0.0000000000e+00 0.0000000000e+00 0.0000000000e+00 0.0000000000e+00 0.0000000000e+00 0.0000000000e+00 0.0000000000e+00 0.0000000000e+00 0.0000000000e+00 0.0000000000e+00 0.0000000000e+00 
6.5881419048e-04 1.6104360417e-03 3.1487657143e-03 6.1554872619e-03 1.5038988095e-02 0.0000000000e+00 0.0000000000e+00 0.0000000000e+00 0.0000000000e+00 0.0000000000e+00 0.0000000000e+00 0.0000000000e+00 0.0000000000e+00 0.0000000000e+00 0.0000000000e+00 0.0000000000e+00 0.0000000000e+00 0.0000000000e+00 0.0000000000e+00 0.0000000000e+00 
5.3681201389e-04 1.2595062857e-03 2.3083077232e-03 4.0103968254e-03 7.3472986607e-03 1.7226605714e-02 0.0000000000e+00 0.0000000000e+00 0.0000000000e+00 0.0000000000e+00 0.0000000000e+00 0.0000000000e+00 0.0000000000e+00 0.0000000000e+00 0.0000000000e+00 0.0000000000e+00 0.0000000000e+00 0.0000000000e+00 0.0000000000e+00 0.0000000000e+00 
4.4982367347e-04 1.0259145437e-03 1.8046785714e-03 2.9389194643e-03 4.7851682540e-03 8.4130016071e-03 1.9170270000e-02 0.0000000000e+00 0.0000000000e+00 0.0000000000e+00 0.0000000000e+00 0.0000000000e+00 0.0000000000e+00 0.0000000000e+00 0.0000000000e+00 0.0000000000e+00 0.0000000000e+00 0.0000000000e+00 0.0000000000e+00 0.0000000000e+00 
3.8471795387e-04 8.5937074830e-04 1.4694597321e-03 2.2968807619e-03 3.5054173363e-03 5.4772200000e-03 9.3587239583e-03 2.0882072381e-02 0.0000000000e+00 0.0000000000e+00 0.0000000000e+00 0.0000000000e+00 0.0000000000e+00 0.0000000000e+00 0.0000000000e+00 0.0000000000e+00 0.0000000000e+00 0.0000000000e+00 0.0000000000e+00 0.0000000000e+00 
3.3419973545e-04 7.3472986607e-04 1.2304718367e-03 1.8695559127e-03 2.7386100000e-03 4.0108816964e-03 6.0906044444e-03 1.0190462143e-02 2.2373841429e-02 0.0000000000e+00 0.0000000000e+00 0.0000000000e+00 0.0000000000e+00 0.0000000000e+00 0.0000000000e+00 0.0000000000e+00 0.0000000000e+00 0.0000000000e+00 0.0000000000e+00 0.0000000000e+00 
2.9389194643e-04 6.3802243386e-04 1.0516252009e-03 1.5649200000e-03 2.2282676091e-03 3.1323108571e-03 4.4583271875e-03 6.6292863492e-03 1.0914081161e-02 2.3657142857e-02 0.0000000000e+00 0.0000000000e+00 0.0000000000e+00 0.0000000000e+00 0.0000000000e+00 0.0000000000e+00 0.0000000000e+00 0.0000000000e+00 0.0000000000e+00 0.0000000000e+00 
2.6100917749e-04 5.6086677381e-04 9.1287000000e-04 1.3369605655e-03 1.8644707483e-03 2.5476155357e-03 3.4803753333e-03 4.8507027381e-03 7.0971428571e-03 1.1535314583e-02 2.4743279524e-02 0.0000000000e+00 0.0000000000e+00 0.0000000000e+00 0.0000000000e+00 0.0000000000e+00 0.0000000000e+00 0.0000000000e+00 0.0000000000e+00 0.0000000000e+00 
2.3369448909e-04 4.9792909091e-04 8.0217633929e-04 1.1601151323e-03 1.5922597098e-03 2.1308420408e-03 2.8295765972e-03 3.7851428571e-03 5.1908915625e-03 7.4979634921e-03 1.2059764554e-02 2.5643291429e-02 0.0000000000e+00 0.0000000000e+00 0.0000000000e+00 0.0000000000e+00 0.0000000000e+00 0.0000000000e+00 0.0000000000e+00 0.0000000000e+00 
2.1066230769e-04 4.4565352183e-04 7.1188883117e-04 1.0190462143e-03 1.3811013228e-03 1.8190135268e-03 2.3657142857e-03 3.0760838889e-03 4.0489002857e-03 5.4817111607e-03 7.8354501587e-03 1.2492901786e-02 2.6367955714e-02 0.0000000000e+00 0.0000000000e+00 0.0000000000e+00 0.0000000000e+00 0.0000000000e+00 0.0000000000e+00 0.0000000000e+00 
1.9099436650e-04 4.0157831502e-04 6.3690388393e-04 9.0399359307e-04 1.2126756845e-03 1.5771428571e-03 2.0186800521e-03 2.5707303401e-03 3.2890266964e-03 4.2738819048e-03 5.7259133185e-03 8.1132171429e-03 1.2840065565e-02 2.6927786667e-02 0.0000000000e+00 0.0000000000e+00 0.0000000000e+00 0.0000000000e+00 0.0000000000e+00 0.0000000000e+00 
1.7401726984e-04 3.6394507653e-04 5.7368824176e-04 8.0845045635e-04 1.0753246753e-03 1.3842377500e-03 1.7495248148e-03 2.1926844643e-03 2.7474955102e-03 3.4702504960e-03 4.4622694286e-03 5.9261841071e-03 8.3347911111e-03 1.3106463750e-02 2.7333035714e-02 0.0000000000e+00 0.0000000000e+00 0.0000000000e+00 0.0000000000e+00 0.0000000000e+00 
1.5922597098e-04 3.3146431746e-04 5.1971815051e-04 7.2791208791e-04 9.6127621528e-04 1.2269394805e-03 1.5348791250e-03 1.8995030688e-03 2.3424190848e-03 2.8975775510e-03 3.6215569544e-03 4.6161920000e-03 6.0851438839e-03 8.5036111111e-03 1.3297172768e-02 2.7593691429e-02 0.0000000000e+00 0.0000000000e+00 0.0000000000e+00 0.0000000000e+00 
1.4623425770e-04 3.0316892113e-04 4.7314285714e-04 6.5916083333e-04 8.6514963370e-04 1.0963422321e-03 1.3598715152e-03 1.6657202381e-03 2.0283042857e-03 2.4692433780e-03 3.0225066667e-03 3.7447039286e-03 4.7377261905e-03 6.2053472917e-03 8.6230285714e-03 1.3417137619e-02 2.7719479524e-02 0.0000000000e+00 0.0000000000e+00 0.0000000000e+00 
1.3474174272e-04 2.7831932773e-04 4.3257429688e-04 5.9983707937e-04 7.8310159439e-04 9.8628043956e-04 1.2145876736e-03 1.4751303896e-03 1.7778552321e-03 2.1371259259e-03 2.5744839509e-03 3.1237755102e-03 3.8414054663e-03 4.8288960000e-03 6.2892832589e-03 8.6963073016e-03 1.3471171875e-02 2.7719862857e-02 0.0000000000e+00 0.0000000000e+00 
1.2451127820e-04 2.5634032407e-04 3.9695100840e-04 5.4817111607e-04 7.1231365079e-04 8.9235012755e-04 1.0921638462e-03 1.3169298016e-03 1.5737018182e-03 1.8723519643e-03 2.2271362434e-03 2.6594345536e-03 3.2028391837e-03 3.9133318056e-03 4.8916728571e-03 6.3393750000e-03 8.7266234921e-03 1.3463957679e-02 2.7604041429e-02 0.0000000000e+00 
1.1535314583e-04 2.3677779449e-04 3.6544741071e-04 5.0280963585e-04 6.5067196801e-04 8.1132171429e-04 9.8769735119e-04 1.1836389744e-03 1.4042639732e-03 1.6565476190e-03 1.9502520060e-03 2.2994742857e-03 2.7253560789e-03 3.2611152381e-03 3.9621093750e-03 4.9279756190e-03 6.3579800149e-03 8.7170657143e-03 1.3400045744e-02 2.7380952381e-02 
//Sigma Espalhamento 4 g'g (g linha; g' coluna)
2.4825894429e-03 0.0000000000e+00 0.0000000000e+00 0.0000000000e+00 0.0000000000e+00 0.0000000000e+00 0.0000000000e+00 0.0000000000e+00 0.0000000000e+00 0.0000000000e+00 0.0000000000e+00 0.0000000000e+00 0.0000000000e+00 0.0000000000e+00 0.0000000000e+00 0.0000000000e+00 0.0000000000e+00 0.0000000000e+00 0.0000000000e+00 0.0000000000e+00 
1.2057043606e-03 4.6835395048e-03 0.0000000000e+00 0.0000000000e+00 0.0000000000e+00 0.0000000000e+00 0.0000000000e+00 0.0000000000e+00 0.0000000000e+00 0.0000000000e+00 0.0000000000e+00 0.0000000000e+00 0.0000000000e+00 0.0000000000e+00 0.0000000000e+00 0.0000000000e+00 0.0000000000e+00 0.0000000000e+00 0.0000000000e+00 0.0000000000e+00 
7.8058991746e-04 2.2736501116e-03 6.6210826143e-03 0.0000000000e+00 0.0000000000e+00 0.0000000000e+00 0.0000000000e+00 0.0000000000e+00 0.0000000000e+00 0.0000000000e+00 0.0000000000e+00 0.0000000000e+00 0.0000000000e+00 0.0000000000e+00 0.0000000000e+00 0.0000000000e+00 0.0000000000e+00 0.0000000000e+00 0.0000000000e+00 0.0000000000e+00 
5.6841252790e-04 1.4713516921e-03 3.2128199031e-03 8.3127414857e-03 0.0000000000e+00 0.0000000000e+00 0.0000000000e+00 0.0000000000e+00 0.0000000000e+00 0.0000000000e+00 0.0000000000e+00 0.0000000000e+00 0.0000000000e+00 0.0000000000e+00 0.0000000000e+00 0.0000000000e+00 0.0000000000e+00 0.0000000000e+00 0.0000000000e+00 0.0000000000e+00 
4.4140550762e-04 1.0709399677e-03 2.0781853714e-03 4.0318441565e-03 9.7753422619e-03 0.0000000000e+00 0.0000000000e+00 0.0000000000e+00 0.0000000000e+00 0.0000000000e+00 0.0000000000e+00 0.0000000000e+00 0.0000000000e+00 0.0000000000e+00 0.0000000000e+00 0.0000000000e+00 0.0000000000e+00 0.0000000000e+00 0.0000000000e+00 0.0000000000e+00 
3.5697998924e-04 8.3127414857e-04 1.5119415587e-03 2.6067579365e-03 4.7390076362e-03 1.1025027657e-02 0.0000000000e+00 0.0000000000e+00 0.0000000000e+00 0.0000000000e+00 0.0000000000e+00 0.0000000000e+00 0.0000000000e+00 0.0000000000e+00 0.0000000000e+00 0.0000000000e+00 0.0000000000e+00 0.0000000000e+00 0.0000000000e+00 0.0000000000e+00 
2.9688362449e-04 6.7197402609e-04 1.1730410714e-03 1.8956030545e-03 3.0625076825e-03 5.3422560205e-03 1.2077270100e-02 0.0000000000e+00 0.0000000000e+00 0.0000000000e+00 0.0000000000e+00 0.0000000000e+00 0.0000000000e+00 0.0000000000e+00 0.0000000000e+00 0.0000000000e+00 0.0000000000e+00 0.0000000000e+00 0.0000000000e+00 0.0000000000e+00 
2.5199025978e-04 5.5859098639e-04 9.4780152723e-04 1.4700036876e-03 2.2259400086e-03 3.4506486000e-03 5.8492024740e-03 1.2946884876e-02 0.0000000000e+00 0.0000000000e+00 0.0000000000e+00 0.0000000000e+00 0.0000000000e+00 0.0000000000e+00 0.0000000000e+00 0.0000000000e+00 0.0000000000e+00 0.0000000000e+00 0.0000000000e+00 0.0000000000e+00 
2.1722982804e-04 4.7390076362e-04 7.8750197551e-04 1.1871680046e-03 1.7253243000e-03 2.5068010603e-03 3.7761747556e-03 6.2671342179e-03 1.3648043271e-02 0.0000000000e+00 0.0000000000e+00 0.0000000000e+00 0.0000000000e+00 0.0000000000e+00 0.0000000000e+00 0.0000000000e+00 0.0000000000e+00 0.0000000000e+00 0.0000000000e+00 0.0000000000e+00 
1.8956030545e-04 4.0833435767e-04 6.6778200257e-04 9.8589960000e-04 1.3926672557e-03 1.9420327314e-03 2.7418712203e-03 4.0438646730e-03 6.6030191022e-03 1.4194285714e-02 0.0000000000e+00 0.0000000000e+00 0.0000000000e+00 0.0000000000e+00 0.0000000000e+00 0.0000000000e+00 0.0000000000e+00 0.0000000000e+00 0.0000000000e+00 0.0000000000e+00 
1.6704587359e-04 3.5615040137e-04 5.7510810000e-04 8.3560035342e-04 1.1559718639e-03 1.5667835545e-03 2.1230289533e-03 2.9346751565e-03 4.2582857143e-03 6.8635121771e-03 1.4598534919e-02 0.0000000000e+00 0.0000000000e+00 0.0000000000e+00 0.0000000000e+00 0.0000000000e+00 0.0000000000e+00 0.0000000000e+00 0.0000000000e+00 0.0000000000e+00 
1.4839600057e-04 3.1369532727e-04 5.0136021205e-04 7.1927138201e-04 9.7923972154e-04 1.2998136449e-03 1.7118938413e-03 2.2710857143e-03 3.0885804797e-03 4.4237984603e-03 7.0549622638e-03 1.4873109029e-02 0.0000000000e+00 0.0000000000e+00 0.0000000000e+00 0.0000000000e+00 0.0000000000e+00 0.0000000000e+00 0.0000000000e+00 0.0000000000e+00 
1.3271725385e-04 2.7853345114e-04 4.4137107532e-04 6.2671342179e-04 8.4247180688e-04 1.1005031837e-03 1.4194285714e-03 1.8302699139e-03 2.3888511686e-03 3.2068010290e-03 4.5445610921e-03 7.1834185268e-03 1.5029734757e-02 0.0000000000e+00 0.0000000000e+00 0.0000000000e+00 0.0000000000e+00 0.0000000000e+00 0.0000000000e+00 0.0000000000e+00 
1.1937147906e-04 2.4897855531e-04 3.9169588862e-04 5.5143609177e-04 7.3366878914e-04 9.4628571429e-04 1.2011146310e-03 1.5167309007e-03 1.9240806174e-03 2.4788515048e-03 3.2924001581e-03 4.6245337714e-03 7.2546370445e-03 1.5079560533e-02 0.0000000000e+00 0.0000000000e+00 0.0000000000e+00 0.0000000000e+00 0.0000000000e+00 0.0000000000e+00 
1.0789070730e-04 2.2382622207e-04 3.4994982747e-04 4.8911252609e-04 6.4519480519e-04 8.2362146125e-04 1.0322196407e-03 1.2827204116e-03 1.5935473959e-03 1.9953940352e-03 2.5434935743e-03 3.3482940205e-03 4.6674830222e-03 7.2740873812e-03 1.5033169643e-02 0.0000000000e+00 0.0000000000e+00 0.0000000000e+00 0.0000000000e+00 0.0000000000e+00 
9.7923972154e-05 2.0219323365e-04 3.1442948106e-04 4.3674725275e-04 5.7195934809e-04 7.2389429351e-04 8.9790428812e-04 1.1017117799e-03 1.3468909738e-03 1.6516192041e-03 2.0461796792e-03 2.5850675200e-03 3.3772548556e-03 4.6769861111e-03 7.2469591585e-03 1.4900593371e-02 0.0000000000e+00 0.0000000000e+00 0.0000000000e+00 0.0000000000e+00 
8.9202897199e-05 1.8341719728e-04 2.8388571429e-04 3.9220069583e-04 5.1043828388e-04 6.4136020580e-04 7.8872547879e-04 9.5778913690e-04 1.1561334429e-03 1.3951225086e-03 1.6926037333e-03 2.0783106804e-03 2.6057494048e-03 3.3819142740e-03 4.6564354286e-03 7.1781686262e-03 1.4691324148e-02 0.0000000000e+00 0.0000000000e+00 0.0000000000e+00 
8.1518754349e-05 1.6699159664e-04 2.5738170664e-04 3.5390387683e-04 4.5811443272e-04 5.7204265495e-04 6.9838791233e-04 8.4082432208e-04 1.0044882062e-03 1.1967905185e-03 1.4288385927e-03 1.7180765306e-03 2.0935659791e-03 2.6076038400e-03 3.3647665435e-03 4.6090428698e-03 7.0723652344e-03 1.4414328686e-02 0.0000000000e+00 0.0000000000e+00 
7.4706766917e-05 1.5252249282e-04 2.3420109496e-04 3.2068010290e-04 4.1314191746e-04 5.1310132334e-04 6.2253339231e-04 7.4406533790e-04 8.8127301818e-04 1.0391553402e-03 1.2249249339e-03 1.4493918317e-03 1.7295331592e-03 2.0936325160e-03 2.5925866143e-03 3.3281718750e-03 4.5378442159e-03 6.9339382045e-03 1.4078061129e-02 0.0000000000e+00 
6.8635121771e-05 1.3969889875e-04 2.1378673527e-04 2.9162958880e-04 3.7413638160e-04 4.6245337714e-04 5.5804900342e-04 6.6283782564e-04 7.7936650513e-04 9.1110119048e-04 1.0628873432e-03 1.2417161143e-03 1.4580655022e-03 1.7283910762e-03 2.0801074219e-03 2.5625473219e-03 3.2743597077e-03 4.4457035143e-03 6.7670231007e-03 1.3690476190e-02 
//Sigma Espalhamento 5 g'g (g linha; g' coluna)
1.7129867156e-03 0.0000000000e+00 0.0000000000e+00 0.0000000000e+00 0.0000000000e+00 0.0000000000e+00 0.0000000000e+00 0.0000000000e+00 0.0000000000e+00 0.0000000000e+00 0.0000000000e+00 0.0000000000e+00 0.0000000000e+00 0.0000000000e+00 0.0000000000e+00 0.0000000000e+00 0.0000000000e+00 0.0000000000e+00 0.0000000000e+00 0.0000000000e+00 
8.2590748699e-04 3.1848068632e-03 0.0000000000e+00 0.0000000000e+00 0.0000000000e+00 0.0000000000e+00 0.0000000000e+00 0.0000000000e+00 0.0000000000e+00 0.0000000000e+00 0.0000000000e+00 0.0000000000e+00 0.0000000000e+00 0.0000000000e+00 0.0000000000e+00 0.0000000000e+00 0.0000000000e+00 0.0000000000e+00 0.0000000000e+00 0.0000000000e+00 
5.3080114387e-04 1.5347138253e-03 4.4361253516e-03 0.0000000000e+00 0.0000000000e+00 0.0000000000e+00 0.0000000000e+00 0.0000000000e+00 0.0000000000e+00 0.0000000000e+00 0.0000000000e+00 0.0000000000e+00 0.0000000000e+00 0.0000000000e+00 0.0000000000e+00 0.0000000000e+00 0.0000000000e+00 0.0000000000e+00 0.0000000000e+00 0.0000000000e+00 
3.8367845633e-04 9.8580563368e-04 2.1365252356e-03 5.4864093806e-03 0.0000000000e+00 0.0000000000e+00 0.0000000000e+00 0.0000000000e+00 0.0000000000e+00 0.0000000000e+00 0.0000000000e+00 0.0000000000e+00 0.0000000000e+00 0.0000000000e+00 0.0000000000e+00 0.0000000000e+00 0.0000000000e+00 0.0000000000e+00 0.0000000000e+00 0.0000000000e+00 
2.9574169010e-04 7.1217507853e-04 1.3716023451e-03 2.6408579225e-03 6.3539724702e-03 0.0000000000e+00 0.0000000000e+00 0.0000000000e+00 0.0000000000e+00 0.0000000000e+00 0.0000000000e+00 0.0000000000e+00 0.0000000000e+00 0.0000000000e+00 0.0000000000e+00 0.0000000000e+00 0.0000000000e+00 0.0000000000e+00 0.0000000000e+00 0.0000000000e+00 
2.3739169284e-04 5.4864093806e-04 9.9032172095e-04 1.6943926587e-03 3.0566599253e-03 7.0560177006e-03 0.0000000000e+00 0.0000000000e+00 0.0000000000e+00 0.0000000000e+00 0.0000000000e+00 0.0000000000e+00 0.0000000000e+00 0.0000000000e+00 0.0000000000e+00 0.0000000000e+00 0.0000000000e+00 0.0000000000e+00 0.0000000000e+00 0.0000000000e+00 
1.9594319216e-04 4.4014298709e-04 7.6247669643e-04 1.2226639701e-03 1.9600049168e-03 3.3923325730e-03 7.6086801630e-03 0.0000000000e+00 0.0000000000e+00 0.0000000000e+00 0.0000000000e+00 0.0000000000e+00 0.0000000000e+00 0.0000000000e+00 0.0000000000e+00 0.0000000000e+00 0.0000000000e+00 0.0000000000e+00 0.0000000000e+00 0.0000000000e+00 
1.6505362016e-04 3.6308414116e-04 6.1133198506e-04 9.4080236008e-04 1.4134719054e-03 2.1739086180e-03 3.6557515462e-03 8.0270686232e-03 0.0000000000e+00 0.0000000000e+00 0.0000000000e+00 0.0000000000e+00 0.0000000000e+00 0.0000000000e+00 0.0000000000e+00 0.0000000000e+00 0.0000000000e+00 0.0000000000e+00 0.0000000000e+00 0.0000000000e+00 
1.4119938823e-04 3.0566599253e-04 5.0400126433e-04 7.5385168290e-04 1.0869543090e-03 1.5667506627e-03 2.3412283484e-03 3.8542875440e-03 8.3253063956e-03 0.0000000000e+00 0.0000000000e+00 0.0000000000e+00 0.0000000000e+00 0.0000000000e+00 0.0000000000e+00 0.0000000000e+00 0.0000000000e+00 0.0000000000e+00 0.0000000000e+00 0.0000000000e+00 
1.2226639701e-04 2.6133398891e-04 4.2404157163e-04 6.2111674800e-04 8.7041703482e-04 1.2040602935e-03 1.6862508005e-03 2.4667574505e-03 3.9948265569e-03 8.5165714286e-03 0.0000000000e+00 0.0000000000e+00 0.0000000000e+00 0.0000000000e+00 0.0000000000e+00 0.0000000000e+00 0.0000000000e+00 0.0000000000e+00 0.0000000000e+00 0.0000000000e+00 
1.0690935910e-04 2.2615550487e-04 3.6231810300e-04 5.2225022089e-04 7.1670255565e-04 9.6357188600e-04 1.2950476615e-03 1.7754784697e-03 2.5549714286e-03 4.0837897454e-03 8.6131356022e-03 0.0000000000e+00 0.0000000000e+00 0.0000000000e+00 0.0000000000e+00 0.0000000000e+00 0.0000000000e+00 0.0000000000e+00 0.0000000000e+00 0.0000000000e+00 
9.4231460362e-05 1.9762805618e-04 3.1335013253e-04 4.4594825685e-04 6.0223242875e-04 7.9288632339e-04 1.0356957740e-03 1.3626514286e-03 1.8377053854e-03 2.6100410916e-03 4.1271529243e-03 8.6264032366e-03 0.0000000000e+00 0.0000000000e+00 0.0000000000e+00 0.0000000000e+00 0.0000000000e+00 0.0000000000e+00 0.0000000000e+00 0.0000000000e+00 
8.3611869923e-05 1.7408340696e-04 2.7365006670e-04 3.8542875440e-04 5.1390780220e-04 6.6580442614e-04 8.5165714286e-04 1.0890105988e-03 1.4094221895e-03 1.8759786020e-03 2.6358454334e-03 4.1304656529e-03 8.5669488116e-03 0.0000000000e+00 0.0000000000e+00 0.0000000000e+00 0.0000000000e+00 0.0000000000e+00 0.0000000000e+00 0.0000000000e+00 
7.4607174413e-05 1.5436670429e-04 2.4089297150e-04 3.3637601598e-04 4.4386961743e-04 5.6777142857e-04 7.1466320544e-04 8.9487123140e-04 1.1255871612e-03 1.4377338728e-03 1.8931300909e-03 2.6359842497e-03 4.0988699301e-03 8.4445538987e-03 0.0000000000e+00 0.0000000000e+00 0.0000000000e+00 0.0000000000e+00 0.0000000000e+00 0.0000000000e+00 
6.6892238527e-05 1.3765312657e-04 2.1346939476e-04 2.9591307829e-04 3.8711688312e-04 4.9005476944e-04 6.0900958804e-04 7.5039144079e-04 9.2425748963e-04 1.1473515703e-03 1.4497913373e-03 1.8917861216e-03 2.6137904924e-03 4.0371184966e-03 8.2682433036e-03 0.0000000000e+00 0.0000000000e+00 0.0000000000e+00 0.0000000000e+00 0.0000000000e+00 
6.0223242875e-05 1.2333787253e-04 1.9022983604e-04 2.6204835165e-04 3.4031581211e-04 4.2709763317e-04 5.2527400855e-04 6.3899283234e-04 7.7446230992e-04 9.4142294633e-04 1.1560915188e-03 1.4476378112e-03 1.8743764448e-03 2.5723423611e-03 3.9495927414e-03 8.0463204206e-03 0.0000000000e+00 0.0000000000e+00 0.0000000000e+00 0.0000000000e+00 
5.4413767291e-05 1.1096740436e-04 1.7033142857e-04 2.3335941402e-04 3.0115858749e-04 3.7519572040e-04 4.5746077770e-04 5.5072875372e-04 6.5899606243e-04 7.8824421733e-04 9.4785809067e-04 1.1534624276e-03 1.4331621726e-03 1.8431432793e-03 2.5144751314e-03 3.8403202150e-03 7.7864017982e-03 0.0000000000e+00 0.0000000000e+00 0.0000000000e+00 
4.9318846381e-05 1.0019495798e-04 1.5314211545e-04 2.0880328733e-04 2.6799694314e-04 3.3178473987e-04 4.0157304959e-04 4.7926986358e-04 5.6753583648e-04 6.7020269037e-04 7.9300541897e-04 9.4494209184e-04 1.1409934586e-03 1.4081060736e-03 1.8001501008e-03 2.4427927210e-03 3.7129917480e-03 7.4954509166e-03 0.0000000000e+00 0.0000000000e+00 
4.4824060150e-05 9.0750883230e-05 1.3817864603e-04 1.8759786020e-04 2.3962231213e-04 2.9503326092e-04 3.5484403362e-04 4.2039691591e-04 4.9351289018e-04 5.7673121380e-04 6.7370871362e-04 7.8991854827e-04 9.3394790596e-04 1.1200933960e-03 1.3740709056e-03 1.7472902344e-03 2.3596789923e-03 3.5709781753e-03 7.1798111756e-03 0.0000000000e+00 
4.0837897454e-05 8.2422350261e-05 1.2506524013e-04 1.6914516150e-04 2.1512841942e-04 2.6359842497e-04 3.1529768693e-04 3.7118918236e-04 4.3254841035e-04 5.0110565476e-04 5.7927360207e-04 6.7052670171e-04 7.8006504367e-04 9.1604727038e-04 1.0920563965e-03 1.3325246074e-03 1.6862952494e-03 2.2673087923e-03 3.4173466659e-03 6.8452380952e-03 
//Sigma Espalhamento 6 g'g (g linha; g' coluna)
1.1819608337e-03 0.0000000000e+00 0.0000000000e+00 0.0000000000e+00 0.0000000000e+00 0.0000000000e+00 0.0000000000e+00 0.0000000000e+00 0.0000000000e+00 0.0000000000e+00 0.0000000000e+00 0.0000000000e+00 0.0000000000e+00 0.0000000000e+00 0.0000000000e+00 0.0000000000e+00 0.0000000000e+00 0.0000000000e+00 0.0000000000e+00 0.0000000000e+00 
5.6574662859e-04 2.1656686670e-03 0.0000000000e+00 0.0000000000e+00 0.0000000000e+00 0.0000000000e+00 0.0000000000e+00 0.0000000000e+00 0.0000000000e+00 0.0000000000e+00 0.0000000000e+00 0.0000000000e+00 0.0000000000e+00 0.0000000000e+00 0.0000000000e+00 0.0000000000e+00 0.0000000000e+00 0.0000000000e+00 0.0000000000e+00 0.0000000000e+00 
3.6094477783e-04 1.0359318321e-03 2.9722039856e-03 0.0000000000e+00 0.0000000000e+00 0.0000000000e+00 0.0000000000e+00 0.0000000000e+00 0.0000000000e+00 0.0000000000e+00 0.0000000000e+00 0.0000000000e+00 0.0000000000e+00 0.0000000000e+00 0.0000000000e+00 0.0000000000e+00 0.0000000000e+00 0.0000000000e+00 0.0000000000e+00 0.0000000000e+00 
2.5898295803e-04 6.6048977457e-04 1.4207892817e-03 3.6210301912e-03 0.0000000000e+00 0.0000000000e+00 0.0000000000e+00 0.0000000000e+00 0.0000000000e+00 0.0000000000e+00 0.0000000000e+00 0.0000000000e+00 0.0000000000e+00 0.0000000000e+00 0.0000000000e+00 0.0000000000e+00 0.0000000000e+00 0.0000000000e+00 0.0000000000e+00 0.0000000000e+00 
1.9814693237e-04 4.7359642722e-04 9.0525754779e-04 1.7297619393e-03 4.1300821057e-03 0.0000000000e+00 0.0000000000e+00 0.0000000000e+00 0.0000000000e+00 0.0000000000e+00 0.0000000000e+00 0.0000000000e+00 0.0000000000e+00 0.0000000000e+00 0.0000000000e+00 0.0000000000e+00 0.0000000000e+00 0.0000000000e+00 0.0000000000e+00 0.0000000000e+00 
1.5786547574e-04 3.6210301912e-04 6.4866072722e-04 1.1013552282e-03 1.9715456518e-03 4.5158513284e-03 0.0000000000e+00 0.0000000000e+00 0.0000000000e+00 0.0000000000e+00 0.0000000000e+00 0.0000000000e+00 0.0000000000e+00 0.0000000000e+00 0.0000000000e+00 0.0000000000e+00 0.0000000000e+00 0.0000000000e+00 0.0000000000e+00 0.0000000000e+00 
1.2932250683e-04 2.8829365654e-04 4.9560985268e-04 7.8861826073e-04 1.2544031468e-03 2.1541311839e-03 4.7934685027e-03 0.0000000000e+00 0.0000000000e+00 0.0000000000e+00 0.0000000000e+00 0.0000000000e+00 0.0000000000e+00 0.0000000000e+00 0.0000000000e+00 0.0000000000e+00 0.0000000000e+00 0.0000000000e+00 0.0000000000e+00 0.0000000000e+00 
1.0811012120e-04 2.3600469175e-04 3.9430913037e-04 6.0211351045e-04 8.9755465995e-04 1.3695624293e-03 2.2848447164e-03 4.9767825464e-03 0.0000000000e+00 0.0000000000e+00 0.0000000000e+00 0.0000000000e+00 0.0000000000e+00 0.0000000000e+00 0.0000000000e+00 0.0000000000e+00 0.0000000000e+00 0.0000000000e+00 0.0000000000e+00 0.0000000000e+00 
9.1779602348e-05 1.9715456518e-04 3.2256080917e-04 4.7869581864e-04 6.8478121467e-04 9.7921916417e-04 1.4515615760e-03 2.3703868395e-03 5.0784369013e-03 0.0000000000e+00 0.0000000000e+00 0.0000000000e+00 0.0000000000e+00 0.0000000000e+00 0.0000000000e+00 0.0000000000e+00 0.0000000000e+00 0.0000000000e+00 0.0000000000e+00 0.0000000000e+00 
7.8861826073e-05 1.6725375290e-04 2.6926639799e-04 3.9130355124e-04 5.4401064676e-04 7.4651738196e-04 1.0370442423e-03 1.5047220448e-03 2.4168700669e-03 5.1099428571e-03 0.0000000000e+00 0.0000000000e+00 0.0000000000e+00 0.0000000000e+00 0.0000000000e+00 0.0000000000e+00 0.0000000000e+00 0.0000000000e+00 0.0000000000e+00 0.0000000000e+00 
6.8421989824e-05 1.4360874559e-04 2.2826040489e-04 3.2640638806e-04 4.4435558450e-04 5.9259670989e-04 7.8997907354e-04 1.0741644742e-03 1.5329828571e-03 2.4298548985e-03 5.0817500053e-03 0.0000000000e+00 0.0000000000e+00 0.0000000000e+00 0.0000000000e+00 0.0000000000e+00 0.0000000000e+00 0.0000000000e+00 0.0000000000e+00 0.0000000000e+00 
5.9836977330e-05 1.2450567539e-04 1.9584383283e-04 2.7648791924e-04 3.7037294368e-04 4.8366065727e-04 6.2659594327e-04 8.1759085714e-04 1.0934347043e-03 1.5399242440e-03 2.4143844607e-03 5.0033138772e-03 0.0000000000e+00 0.0000000000e+00 0.0000000000e+00 0.0000000000e+00 0.0000000000e+00 0.0000000000e+00 0.0000000000e+00 0.0000000000e+00 
5.2675478052e-05 1.0880212935e-04 1.6966304135e-04 2.3703868395e-04 3.1348375934e-04 4.0281167782e-04 5.1099428571e-04 6.4796130626e-04 8.3155909178e-04 1.0974474822e-03 1.5287903514e-03 2.3750177504e-03 4.8831608226e-03 0.0000000000e+00 0.0000000000e+00 0.0000000000e+00 0.0000000000e+00 0.0000000000e+00 0.0000000000e+00 0.0000000000e+00 
4.6629484008e-05 9.5707356662e-05 1.4814917747e-04 2.0518936975e-04 2.6854111854e-04 3.4066285714e-04 4.2522460724e-04 5.2797402653e-04 6.5846848929e-04 8.3388564620e-04 1.0885498023e-03 1.5025110223e-03 2.3158615105e-03 4.7289501833e-03 0.0000000000e+00 0.0000000000e+00 0.0000000000e+00 0.0000000000e+00 0.0000000000e+00 0.0000000000e+00 
4.1473187887e-05 8.4656672841e-05 1.3021633080e-04 1.7902741236e-04 2.3227012987e-04 2.9158258782e-04 3.5931565694e-04 4.3897899286e-04 5.3606934399e-04 6.5972715289e-04 8.2638106229e-04 1.0688591587e-03 1.4637226758e-03 2.2406007656e-03 4.5475338170e-03 0.0000000000e+00 0.0000000000e+00 0.0000000000e+00 0.0000000000e+00 0.0000000000e+00 
3.7037294368e-05 7.5236102241e-05 1.1508905080e-04 1.5722901099e-04 2.0248790821e-04 2.5198760357e-04 3.0728529500e-04 3.7061584276e-04 4.4531582820e-04 5.3661107941e-04 6.5319170810e-04 8.1067717427e-04 1.0402789269e-03 1.4147882986e-03 2.1525280440e-03 4.3450130271e-03 0.0000000000e+00 0.0000000000e+00 0.0000000000e+00 0.0000000000e+00 
3.3192398048e-05 6.7135279636e-05 1.0219885714e-04 1.3884885134e-04 1.7768356662e-04 2.1948949643e-04 2.6532725106e-04 3.1666903339e-04 3.7562775558e-04 4.4535798279e-04 5.3080053077e-04 6.4017164732e-04 7.8823919494e-04 1.0045130872e-03 1.3578165710e-03 2.0545713150e-03 4.1267929531e-03 0.0000000000e+00 0.0000000000e+00 0.0000000000e+00 
2.9837902060e-05 6.0116974790e-05 9.1119558693e-05 1.2319393952e-04 1.5677821174e-04 1.9243514912e-04 2.3090450351e-04 2.7318382224e-04 3.2065774761e-04 3.7531350661e-04 4.4011800753e-04 5.1971815051e-04 6.2184143495e-04 7.6037727974e-04 9.6308030392e-04 1.2946801421e-03 1.9493206677e-03 3.8976344766e-03 0.0000000000e+00 0.0000000000e+00 
2.6894436090e-05 5.3996775522e-05 8.1525401155e-05 1.0974474822e-04 1.3898094103e-04 1.6964412503e-04 2.0226109916e-04 2.3752425749e-04 2.7636721850e-04 3.2008582366e-04 3.7053979249e-04 4.3050560881e-04 5.0433186922e-04 5.9924996688e-04 7.2825757995e-04 9.1732737305e-04 1.2270330760e-03 1.8390537603e-03 3.6617036995e-03 0.0000000000e+00 
2.4298548985e-05 4.8629186654e-05 7.3163165477e-05 9.8104193671e-05 1.2369884117e-04 1.5025110223e-04 1.7814319312e-04 2.0786594212e-04 2.4006436774e-04 2.7560811012e-04 3.1570411313e-04 3.6208441893e-04 4.1733479837e-04 4.8550505330e-04 5.7332960815e-04 6.9291279584e-04 8.6844205347e-04 1.1563274841e-03 1.7257600663e-03 3.4226190476e-03 
//Sigma Espalhamento 7 g'g (g linha; g' coluna)
8.1555297528e-04 0.0000000000e+00 0.0000000000e+00 0.0000000000e+00 0.0000000000e+00 0.0000000000e+00 0.0000000000e+00 0.0000000000e+00 0.0000000000e+00 0.0000000000e+00 0.0000000000e+00 0.0000000000e+00 0.0000000000e+00 0.0000000000e+00 0.0000000000e+00 0.0000000000e+00 0.0000000000e+00 0.0000000000e+00 0.0000000000e+00 0.0000000000e+00 
3.8753644058e-04 1.4726546936e-03 0.0000000000e+00 0.0000000000e+00 0.0000000000e+00 0.0000000000e+00 0.0000000000e+00 0.0000000000e+00 0.0000000000e+00 0.0000000000e+00 0.0000000000e+00 0.0000000000e+00 0.0000000000e+00 0.0000000000e+00 0.0000000000e+00 0.0000000000e+00 0.0000000000e+00 0.0000000000e+00 0.0000000000e+00 0.0000000000e+00 
2.4544244893e-04 6.9925398667e-04 1.9913766703e-03 0.0000000000e+00 0.0000000000e+00 0.0000000000e+00 0.0000000000e+00 0.0000000000e+00 0.0000000000e+00 0.0000000000e+00 0.0000000000e+00 0.0000000000e+00 0.0000000000e+00 0.0000000000e+00 0.0000000000e+00 0.0000000000e+00 0.0000000000e+00 0.0000000000e+00 0.0000000000e+00 0.0000000000e+00 
1.7481349667e-04 4.4252814896e-04 9.4482487230e-04 2.3898799262e-03 0.0000000000e+00 0.0000000000e+00 0.0000000000e+00 0.0000000000e+00 0.0000000000e+00 0.0000000000e+00 0.0000000000e+00 0.0000000000e+00 0.0000000000e+00 0.0000000000e+00 0.0000000000e+00 0.0000000000e+00 0.0000000000e+00 0.0000000000e+00 0.0000000000e+00 0.0000000000e+00 
1.3275844469e-04 3.1494162410e-04 5.9746998154e-04 1.1329940702e-03 2.6845533687e-03 0.0000000000e+00 0.0000000000e+00 0.0000000000e+00 0.0000000000e+00 0.0000000000e+00 0.0000000000e+00 0.0000000000e+00 0.0000000000e+00 0.0000000000e+00 0.0000000000e+00 0.0000000000e+00 0.0000000000e+00 0.0000000000e+00 0.0000000000e+00 0.0000000000e+00 
1.0498054137e-04 2.3898799262e-04 4.2487277633e-04 7.1588089831e-04 1.2716469454e-03 2.8901448502e-03 0.0000000000e+00 0.0000000000e+00 0.0000000000e+00 0.0000000000e+00 0.0000000000e+00 0.0000000000e+00 0.0000000000e+00 0.0000000000e+00 0.0000000000e+00 0.0000000000e+00 0.0000000000e+00 0.0000000000e+00 0.0000000000e+00 0.0000000000e+00 
8.5352854506e-05 1.8883234504e-04 3.2214640424e-04 5.0865877817e-04 8.0281801393e-04 1.3678733018e-03 3.0198851567e-03 0.0000000000e+00 0.0000000000e+00 0.0000000000e+00 0.0000000000e+00 0.0000000000e+00 0.0000000000e+00 0.0000000000e+00 0.0000000000e+00 0.0000000000e+00 0.0000000000e+00 0.0000000000e+00 0.0000000000e+00 0.0000000000e+00 
7.0812129389e-05 1.5340304964e-04 2.5432938909e-04 3.8535264669e-04 5.6994720907e-04 8.6282433048e-04 1.4280279477e-03 3.0856051788e-03 0.0000000000e+00 0.0000000000e+00 0.0000000000e+00 0.0000000000e+00 0.0000000000e+00 0.0000000000e+00 0.0000000000e+00 0.0000000000e+00 0.0000000000e+00 0.0000000000e+00 0.0000000000e+00 0.0000000000e+00 
5.9656741526e-05 1.2716469454e-04 2.0643891787e-04 3.0397184484e-04 4.3141216524e-04 6.1201197760e-04 8.9996817714e-04 1.4577879063e-03 3.0978465098e-03 0.0000000000e+00 0.0000000000e+00 0.0000000000e+00 0.0000000000e+00 0.0000000000e+00 0.0000000000e+00 0.0000000000e+00 0.0000000000e+00 0.0000000000e+00 0.0000000000e+00 0.0000000000e+00 
5.0865877817e-05 1.0704240186e-04 1.7098416272e-04 2.4652123728e-04 3.4000665422e-04 4.6284077682e-04 6.3778220902e-04 9.1788044735e-04 1.4622063905e-03 3.0659657143e-03 0.0000000000e+00 0.0000000000e+00 0.0000000000e+00 0.0000000000e+00 0.0000000000e+00 0.0000000000e+00 0.0000000000e+00 0.0000000000e+00 0.0000000000e+00 0.0000000000e+00 
4.3790073487e-05 9.1191553451e-05 1.4380405508e-04 2.0400399253e-04 2.7550046239e-04 3.6444697658e-04 4.8188723486e-04 6.4986950688e-04 9.1978971429e-04 1.4457636646e-03 2.9982325031e-03 0.0000000000e+00 0.0000000000e+00 0.0000000000e+00 0.0000000000e+00 0.0000000000e+00 0.0000000000e+00 0.0000000000e+00 0.0000000000e+00 0.0000000000e+00 
3.7996480605e-05 7.8438575499e-05 1.2240239552e-04 1.7142250993e-04 2.2777936036e-04 2.9503300093e-04 3.7909054568e-04 4.9055451429e-04 6.5059364907e-04 9.0855530398e-04 1.4124149095e-03 2.9019220488e-03 0.0000000000e+00 0.0000000000e+00 0.0000000000e+00 0.0000000000e+00 0.0000000000e+00 0.0000000000e+00 0.0000000000e+00 0.0000000000e+00 
3.3185551172e-05 6.8001330845e-05 1.0519108564e-04 1.4577879063e-04 1.9122509320e-04 2.4370106508e-04 3.0659657143e-04 3.8553697723e-04 4.9061986415e-04 6.4200677706e-04 8.8669840379e-04 1.3656352065e-03 2.7834016689e-03 0.0000000000e+00 0.0000000000e+00 0.0000000000e+00 0.0000000000e+00 0.0000000000e+00 0.0000000000e+00 0.0000000000e+00 
2.9143427505e-05 5.9338561130e-05 9.1111744145e-05 1.2516551555e-04 1.6246737672e-04 2.0439771429e-04 2.5300864131e-04 3.1150467565e-04 3.8520406624e-04 4.8365367480e-04 6.2591613631e-04 8.5643128273e-04 1.3084617534e-03 2.6482121026e-03 0.0000000000e+00 0.0000000000e+00 0.0000000000e+00 0.0000000000e+00 0.0000000000e+00 0.0000000000e+00 
2.5713376490e-05 5.2063853797e-05 7.9431961790e-05 1.0831158448e-04 1.3936207792e-04 1.7349163975e-04 2.1199623760e-04 2.5680271082e-04 3.1092021951e-04 3.7934311291e-04 4.7103720550e-04 6.0390542467e-04 8.1968469843e-04 1.2435334249e-03 2.5011435993e-03 0.0000000000e+00 0.0000000000e+00 0.0000000000e+00 0.0000000000e+00 0.0000000000e+00 
2.2777936036e-05 4.5894022367e-05 6.9628875737e-05 9.4337406593e-05 1.2048030538e-04 1.4867268611e-04 1.7976189758e-04 2.1495718880e-04 2.5605660122e-04 3.0586831526e-04 3.6905331508e-04 4.5397921759e-04 5.7735480442e-04 7.7813356424e-04 1.1731277840e-03 2.3463070346e-03 0.0000000000e+00 0.0000000000e+00 0.0000000000e+00 0.0000000000e+00 
2.0247362809e-05 4.0616844180e-05 6.1319314286e-05 8.2615066549e-05 1.0483330431e-04 1.2840135541e-04 1.5388980562e-04 1.8208469420e-04 2.1410782068e-04 2.5162726028e-04 2.9724829723e-04 3.5529526426e-04 4.3353155722e-04 5.4745963254e-04 7.3322094832e-04 1.0991956535e-03 2.1872002651e-03 0.0000000000e+00 0.0000000000e+00 0.0000000000e+00 
1.8051930747e-05 3.6070184874e-05 5.4216137423e-05 7.2684424319e-05 9.1715253866e-05 1.1161238649e-04 1.3277008952e-04 1.5571477868e-04 1.8117162740e-04 2.1017556370e-04 2.4426549418e-04 2.8584498278e-04 3.3890358205e-04 4.1060373106e-04 5.1524796260e-04 6.8618047533e-04 1.0233933506e-03 2.0267699278e-03 0.0000000000e+00 0.0000000000e+00 
1.6136661654e-05 3.2128081436e-05 4.8099986681e-05 6.4200677706e-05 8.0608945800e-05 9.7545371892e-05 1.1528882652e-04 1.3420120548e-04 1.5476564236e-04 1.7764763213e-04 2.0379688587e-04 2.3462555680e-04 2.7233920938e-04 3.2059873228e-04 3.8597651738e-04 4.8159687085e-04 6.3805719951e-04 9.4711268654e-04 1.8674688868e-03 0.0000000000e+00 
1.4457636646e-05 2.8691220126e-05 4.2800451804e-05 5.6900432329e-05 7.1126833671e-05 8.5643128273e-05 1.0065090411e-04 1.1640492759e-04 1.3323572410e-04 1.5158446057e-04 1.7205874165e-04 1.9552558622e-04 2.2327411713e-04 2.5731767825e-04 3.0099804428e-04 3.6031465384e-04 4.4724765753e-04 5.8972701687e-04 8.7150883346e-04 1.7113095238e-03 
//Sigma Espalhamento 8 g'g (g linha; g' coluna)
5.6273155295e-04 0.0000000000e+00 0.0000000000e+00 0.0000000000e+00 0.0000000000e+00 0.0000000000e+00 0.0000000000e+00 0.0000000000e+00 0.0000000000e+00 0.0000000000e+00 0.0000000000e+00 0.0000000000e+00 0.0000000000e+00 0.0000000000e+00 0.0000000000e+00 0.0000000000e+00 0.0000000000e+00 0.0000000000e+00 0.0000000000e+00 0.0000000000e+00 
2.6546246180e-04 1.0014051916e-03 0.0000000000e+00 0.0000000000e+00 0.0000000000e+00 0.0000000000e+00 0.0000000000e+00 0.0000000000e+00 0.0000000000e+00 0.0000000000e+00 0.0000000000e+00 0.0000000000e+00 0.0000000000e+00 0.0000000000e+00 0.0000000000e+00 0.0000000000e+00 0.0000000000e+00 0.0000000000e+00 0.0000000000e+00 0.0000000000e+00 
1.6690086527e-04 4.7199644100e-04 1.3342223691e-03 0.0000000000e+00 0.0000000000e+00 0.0000000000e+00 0.0000000000e+00 0.0000000000e+00 0.0000000000e+00 0.0000000000e+00 0.0000000000e+00 0.0000000000e+00 0.0000000000e+00 0.0000000000e+00 0.0000000000e+00 0.0000000000e+00 0.0000000000e+00 0.0000000000e+00 0.0000000000e+00 0.0000000000e+00 
1.1799911025e-04 2.9649385980e-04 6.2830854008e-04 1.5773207513e-03 0.0000000000e+00 0.0000000000e+00 0.0000000000e+00 0.0000000000e+00 0.0000000000e+00 0.0000000000e+00 0.0000000000e+00 0.0000000000e+00 0.0000000000e+00 0.0000000000e+00 0.0000000000e+00 0.0000000000e+00 0.0000000000e+00 0.0000000000e+00 0.0000000000e+00 0.0000000000e+00 
8.8948157941e-05 2.0943618003e-04 3.9433018782e-04 7.4211111599e-04 1.7449596896e-03 0.0000000000e+00 0.0000000000e+00 0.0000000000e+00 0.0000000000e+00 0.0000000000e+00 0.0000000000e+00 0.0000000000e+00 0.0000000000e+00 0.0000000000e+00 0.0000000000e+00 0.0000000000e+00 0.0000000000e+00 0.0000000000e+00 0.0000000000e+00 0.0000000000e+00 
6.9812060009e-05 1.5773207513e-04 2.7829166850e-04 4.6532258390e-04 8.2021227980e-04 1.8496927041e-03 0.0000000000e+00 0.0000000000e+00 0.0000000000e+00 0.0000000000e+00 0.0000000000e+00 0.0000000000e+00 0.0000000000e+00 0.0000000000e+00 0.0000000000e+00 0.0000000000e+00 0.0000000000e+00 0.0000000000e+00 0.0000000000e+00 0.0000000000e+00 
5.6332883974e-05 1.2368518600e-04 2.0939516276e-04 3.2808491192e-04 5.1380352892e-04 8.6859954662e-04 1.9025276487e-03 0.0000000000e+00 0.0000000000e+00 0.0000000000e+00 0.0000000000e+00 0.0000000000e+00 0.0000000000e+00 0.0000000000e+00 0.0000000000e+00 0.0000000000e+00 0.0000000000e+00 0.0000000000e+00 0.0000000000e+00 0.0000000000e+00 
4.6381944750e-05 9.9711982265e-05 1.6404245596e-04 2.4662569388e-04 3.6191647776e-04 5.4357932821e-04 8.9251746734e-04 1.9130752108e-03 0.0000000000e+00 0.0000000000e+00 0.0000000000e+00 0.0000000000e+00 0.0000000000e+00 0.0000000000e+00 0.0000000000e+00 0.0000000000e+00 0.0000000000e+00 0.0000000000e+00 0.0000000000e+00 0.0000000000e+00 
3.8776881992e-05 8.2021227980e-05 1.3212090744e-04 1.9302212147e-04 2.7178966410e-04 3.8250748600e-04 5.5798026983e-04 8.9653956239e-04 1.8896863710e-03 0.0000000000e+00 0.0000000000e+00 0.0000000000e+00 0.0000000000e+00 0.0000000000e+00 0.0000000000e+00 0.0000000000e+00 0.0000000000e+00 0.0000000000e+00 0.0000000000e+00 0.0000000000e+00 
3.2808491192e-05 6.8507137189e-05 1.0857494333e-04 1.5530837949e-04 2.1250415889e-04 2.8696128163e-04 3.9223605854e-04 5.5990707288e-04 8.8463486624e-04 1.8395794286e-03 0.0000000000e+00 0.0000000000e+00 0.0000000000e+00 0.0000000000e+00 0.0000000000e+00 0.0000000000e+00 0.0000000000e+00 0.0000000000e+00 0.0000000000e+00 0.0000000000e+00 
2.8025647032e-05 5.7906636441e-05 9.0596554701e-05 1.2750249533e-04 1.7081028668e-04 2.2413489060e-04 2.9395121326e-04 3.9317105166e-04 5.5187382857e-04 8.6022938044e-04 1.7689571769e-03 0.0000000000e+00 0.0000000000e+00 0.0000000000e+00 0.0000000000e+00 0.0000000000e+00 0.0000000000e+00 0.0000000000e+00 0.0000000000e+00 0.0000000000e+00 
2.4127765184e-05 4.9416302564e-05 7.6501497201e-05 1.0628195616e-04 1.4008430662e-04 1.7997013057e-04 2.2934978014e-04 2.9433270857e-04 3.8710322120e-04 5.3604762935e-04 8.2626272208e-04 1.6831147883e-03 0.0000000000e+00 0.0000000000e+00 0.0000000000e+00 0.0000000000e+00 0.0000000000e+00 0.0000000000e+00 0.0000000000e+00 0.0000000000e+00 
2.0906897239e-05 4.2500831778e-05 6.5218473097e-05 8.9653956239e-05 1.1664730685e-04 1.4743914437e-04 1.8395794286e-04 2.2939450145e-04 2.8946571985e-04 3.7557396458e-04 5.1428507420e-04 7.8524024373e-04 1.5865389513e-03 0.0000000000e+00 0.0000000000e+00 0.0000000000e+00 0.0000000000e+00 0.0000000000e+00 0.0000000000e+00 0.0000000000e+00 
1.8214642191e-05 3.6789907901e-05 5.6033722649e-05 7.6350964484e-05 9.8292762915e-05 1.2263862857e-04 1.5054014158e-04 1.8378775863e-04 2.2534437875e-04 2.8051913138e-04 3.5990177838e-04 4.8816583116e-04 7.3928089070e-04 1.4829987775e-03 0.0000000000e+00 0.0000000000e+00 0.0000000000e+00 0.0000000000e+00 0.0000000000e+00 0.0000000000e+00 
1.5942293424e-05 3.2019270085e-05 4.8453496692e-05 6.5528508610e-05 8.3617246753e-05 1.0322752565e-04 1.2507778018e-04 1.5022958583e-04 1.8033372732e-04 2.1812228993e-04 2.6849120714e-04 3.4120656494e-04 4.5902343112e-04 6.9016105083e-04 1.3756289796e-03 0.0000000000e+00 0.0000000000e+00 0.0000000000e+00 0.0000000000e+00 0.0000000000e+00 
1.4008430662e-05 2.7995353644e-05 4.2125469821e-05 5.6602443956e-05 7.1685781703e-05 8.7716884803e-05 1.0516071008e-04 1.2467516950e-04 1.4723254570e-04 1.7434493970e-04 2.0851512302e-04 2.5422836185e-04 3.2043191646e-04 4.2797346033e-04 6.3935464228e-04 1.2670057987e-03 0.0000000000e+00 0.0000000000e+00 0.0000000000e+00 0.0000000000e+00 
1.2350891314e-05 2.4573190729e-05 3.6791588571e-05 4.9155964596e-05 6.1851649540e-05 7.5114792916e-05 8.9256087258e-05 1.0469869916e-04 1.2204145779e-04 1.4216940206e-04 1.6645904645e-04 1.9718887166e-04 2.3844235647e-04 2.9836549973e-04 3.9593931210e-04 5.8806967464e-04 1.1592161405e-03 0.0000000000e+00 0.0000000000e+00 0.0000000000e+00 
1.0921418102e-05 2.1642110924e-05 3.2258601766e-05 4.2883810348e-05 5.3653423512e-05 6.4735184165e-05 7.6342801474e-05 8.8757423847e-05 1.0236196948e-04 1.1769831567e-04 1.3556734927e-04 1.5721474053e-04 1.8470245222e-04 2.2172601477e-04 2.7565765999e-04 3.6367565193e-04 5.3728150904e-04 1.0539203625e-03 0.0000000000e+00 0.0000000000e+00 
9.6819969925e-06 1.9116208454e-05 2.8378992142e-05 3.7557396458e-05 4.6753188564e-05 5.6088588838e-05 6.5714631117e-05 7.5823681097e-05 8.6668759722e-05 9.8594435832e-05 1.1208828723e-04 1.2787092846e-04 1.4706317306e-04 1.7152032177e-04 2.0456755421e-04 2.5283835720e-04 3.3178974374e-04 4.8776303357e-04 9.5240913225e-04 0.0000000000e+00 
8.6022938044e-06 1.6927819874e-05 2.5038264305e-05 3.3002250751e-05 4.0897929361e-05 4.8816583116e-05 5.6867760823e-05 6.5186759449e-05 7.3945826874e-05 8.3371453311e-05 9.3772014202e-05 1.0558381656e-04 1.1945165266e-04 1.3637836947e-04 1.5802397325e-04 1.8736362000e-04 2.3033254363e-04 3.0076077861e-04 4.4011196090e-04 8.5565476190e-04 
//Sigma Espalhamento 9 g'g (g linha; g' coluna)
3.8828477153e-04 0.0000000000e+00 0.0000000000e+00 0.0000000000e+00 0.0000000000e+00 0.0000000000e+00 0.0000000000e+00 0.0000000000e+00 0.0000000000e+00 0.0000000000e+00 0.0000000000e+00 0.0000000000e+00 0.0000000000e+00 0.0000000000e+00 0.0000000000e+00 0.0000000000e+00 0.0000000000e+00 0.0000000000e+00 0.0000000000e+00 0.0000000000e+00 
1.8184178633e-04 6.8095553030e-04 0.0000000000e+00 0.0000000000e+00 0.0000000000e+00 0.0000000000e+00 0.0000000000e+00 0.0000000000e+00 0.0000000000e+00 0.0000000000e+00 0.0000000000e+00 0.0000000000e+00 0.0000000000e+00 0.0000000000e+00 0.0000000000e+00 0.0000000000e+00 0.0000000000e+00 0.0000000000e+00 0.0000000000e+00 0.0000000000e+00 
1.1349258838e-04 3.1859759768e-04 8.9392898731e-04 0.0000000000e+00 0.0000000000e+00 0.0000000000e+00 0.0000000000e+00 0.0000000000e+00 0.0000000000e+00 0.0000000000e+00 0.0000000000e+00 0.0000000000e+00 0.0000000000e+00 0.0000000000e+00 0.0000000000e+00 0.0000000000e+00 0.0000000000e+00 0.0000000000e+00 0.0000000000e+00 0.0000000000e+00 
7.9649399419e-05 1.9865088607e-04 4.1782517915e-04 1.0410316958e-03 0.0000000000e+00 0.0000000000e+00 0.0000000000e+00 0.0000000000e+00 0.0000000000e+00 0.0000000000e+00 0.0000000000e+00 0.0000000000e+00 0.0000000000e+00 0.0000000000e+00 0.0000000000e+00 0.0000000000e+00 0.0000000000e+00 0.0000000000e+00 0.0000000000e+00 0.0000000000e+00 
5.9595265820e-05 1.3927505972e-04 2.6025792396e-04 4.8608278097e-04 1.1342237983e-03 0.0000000000e+00 0.0000000000e+00 0.0000000000e+00 0.0000000000e+00 0.0000000000e+00 0.0000000000e+00 0.0000000000e+00 0.0000000000e+00 0.0000000000e+00 0.0000000000e+00 0.0000000000e+00 0.0000000000e+00 0.0000000000e+00 0.0000000000e+00 0.0000000000e+00 
4.6425019906e-05 1.0410316958e-04 1.8228104287e-04 3.0245967954e-04 5.2903692047e-04 1.1838033306e-03 0.0000000000e+00 0.0000000000e+00 0.0000000000e+00 0.0000000000e+00 0.0000000000e+00 0.0000000000e+00 0.0000000000e+00 0.0000000000e+00 0.0000000000e+00 0.0000000000e+00 0.0000000000e+00 0.0000000000e+00 0.0000000000e+00 0.0000000000e+00 
3.7179703423e-05 8.1013796829e-05 1.3610685579e-04 2.1161476819e-04 3.2883425851e-04 5.5156071210e-04 1.1985924187e-03 0.0000000000e+00 0.0000000000e+00 0.0000000000e+00 0.0000000000e+00 0.0000000000e+00 0.0000000000e+00 0.0000000000e+00 0.0000000000e+00 0.0000000000e+00 0.0000000000e+00 0.0000000000e+00 0.0000000000e+00 0.0000000000e+00 
3.0380173811e-05 6.4812788472e-05 1.0580738409e-04 1.5784044408e-04 2.2981696338e-04 3.4245497677e-04 5.5782341709e-04 1.1861066307e-03 0.0000000000e+00 0.0000000000e+00 0.0000000000e+00 0.0000000000e+00 0.0000000000e+00 0.0000000000e+00 0.0000000000e+00 0.0000000000e+00 0.0000000000e+00 0.0000000000e+00 0.0000000000e+00 0.0000000000e+00 
2.5204973295e-05 5.2903692047e-05 8.4557380759e-05 1.2256904713e-04 1.7122748838e-04 2.3906717875e-04 3.4594776729e-04 5.5137183087e-04 1.1527086863e-03 0.0000000000e+00 0.0000000000e+00 0.0000000000e+00 0.0000000000e+00 0.0000000000e+00 0.0000000000e+00 0.0000000000e+00 0.0000000000e+00 0.0000000000e+00 0.0000000000e+00 0.0000000000e+00 
2.1161476819e-05 4.3844567801e-05 6.8945089013e-05 9.7844279077e-05 1.3281509931e-04 1.7791599461e-04 2.4122517601e-04 3.4154331446e-04 5.3520409407e-04 1.1037476571e-03 0.0000000000e+00 0.0000000000e+00 0.0000000000e+00 0.0000000000e+00 0.0000000000e+00 0.0000000000e+00 0.0000000000e+00 0.0000000000e+00 0.0000000000e+00 0.0000000000e+00 
1.7936414100e-05 3.6770714140e-05 5.7075829462e-05 7.9689059584e-05 1.0590237774e-04 1.3784295772e-04 1.7931024009e-04 2.3786848625e-04 3.3112429714e-04 5.1183648136e-04 1.0436847343e-03 0.0000000000e+00 0.0000000000e+00 0.0000000000e+00 0.0000000000e+00 0.0000000000e+00 0.0000000000e+00 0.0000000000e+00 0.0000000000e+00 0.0000000000e+00 
1.5321130892e-05 3.1132270615e-05 4.7813435750e-05 6.5894812818e-05 8.6151848573e-05 1.0978177965e-04 1.3875661698e-04 1.7659962514e-04 2.3032641661e-04 3.1626810132e-04 4.8336369242e-04 9.7620657721e-04 0.0000000000e+00 0.0000000000e+00 0.0000000000e+00 0.0000000000e+00 0.0000000000e+00 0.0000000000e+00 0.0000000000e+00 0.0000000000e+00 
1.3171345260e-05 2.6563019861e-05 4.0435453320e-05 5.5137183087e-05 7.1154857179e-05 8.9200682345e-05 1.1037476571e-04 1.3648972836e-04 1.7078477471e-04 2.1971076928e-04 2.9828534304e-04 4.5151314015e-04 9.0432720222e-04 0.0000000000e+00 0.0000000000e+00 0.0000000000e+00 0.0000000000e+00 0.0000000000e+00 0.0000000000e+00 0.0000000000e+00 
1.1384151369e-05 2.2809742898e-05 3.4460739429e-05 4.6574088335e-05 5.9467121564e-05 7.3583177143e-05 8.9571384238e-05 1.0843477759e-04 1.3182646157e-04 1.6270109620e-04 2.0694352257e-04 2.7825452376e-04 4.1769370324e-04 8.3047931538e-04 0.0000000000e+00 0.0000000000e+00 0.0000000000e+00 0.0000000000e+00 0.0000000000e+00 0.0000000000e+00 
9.8842219227e-06 1.9691851102e-05 2.9556632982e-05 3.9644747709e-05 5.0170348052e-05 6.1420377763e-05 7.3795890307e-05 8.7884307712e-05 1.0459356184e-04 1.2542031671e-04 1.5303998807e-04 1.9278170919e-04 2.5705312143e-04 3.8303938321e-04 7.5659593880e-04 0.0000000000e+00 0.0000000000e+00 0.0000000000e+00 0.0000000000e+00 0.0000000000e+00 
8.6151848573e-06 1.7077165723e-05 2.5485909242e-05 3.3961466374e-05 4.2653040113e-05 5.1752962034e-05 6.1519015398e-05 7.2311598312e-05 8.4658713777e-05 9.9376615628e-05 1.1781104450e-04 1.4236788264e-04 1.7783971363e-04 2.3538540318e-04 3.4844828004e-04 6.8418313130e-04 0.0000000000e+00 0.0000000000e+00 0.0000000000e+00 0.0000000000e+00 
7.5340437013e-06 1.4866780391e-05 2.2074953143e-05 2.9247798935e-05 3.6492473229e-05 4.3942153856e-05 5.1768530610e-05 6.0201752019e-05 6.9563630940e-05 8.0325712162e-05 9.3217066012e-05 1.0943982377e-04 1.3114329606e-04 1.6260919735e-04 2.1380722853e-04 3.1461727593e-04 6.1438455447e-04 0.0000000000e+00 0.0000000000e+00 0.0000000000e+00 
6.6074579515e-06 1.2985266555e-05 1.9193868051e-05 2.5301448105e-05 3.1387252754e-05 3.7546406816e-05 4.3897110848e-05 5.0591731593e-05 5.7834512757e-05 6.5911056776e-05 7.5239878845e-05 8.6468107291e-05 1.0066283646e-04 1.1973204798e-04 1.4747684809e-04 1.9274809552e-04 2.8207279225e-04 5.4803858849e-04 0.0000000000e+00 0.0000000000e+00 
5.8091981955e-06 1.1374144030e-05 1.6743605364e-05 2.1971076928e-05 2.7116849367e-05 3.2250938582e-05 3.7457339737e-05 4.2840379820e-05 4.8534505444e-05 5.4719911887e-05 6.1648557976e-05 6.9689656009e-05 7.9414113455e-05 9.1763372148e-05 1.0842080373e-04 1.3274013753e-04 1.7253066675e-04 2.5119796229e-04 4.8572865745e-04 0.0000000000e+00 
5.1183648136e-06 9.9874137258e-06 1.4647384619e-05 1.9141305435e-05 2.3516309383e-05 2.7825452376e-05 3.2130284865e-05 3.6504585292e-05 4.1039933915e-05 4.5854299321e-05 5.1105747740e-05 5.7015260942e-05 6.3906634174e-05 7.2280535820e-05 8.2962585955e-05 9.7429082398e-05 1.1862125997e-04 1.5338799709e-04 2.2225654025e-04 4.2782738095e-04 
//Sigma Espalhamento 10 g'g (g linha; g' coluna)
2.6791649236e-04 0.0000000000e+00 0.0000000000e+00 0.0000000000e+00 0.0000000000e+00 0.0000000000e+00 0.0000000000e+00 0.0000000000e+00 0.0000000000e+00 0.0000000000e+00 0.0000000000e+00 0.0000000000e+00 0.0000000000e+00 0.0000000000e+00 0.0000000000e+00 0.0000000000e+00 0.0000000000e+00 0.0000000000e+00 0.0000000000e+00 0.0000000000e+00 
1.2456162364e-04 4.6304976061e-04 0.0000000000e+00 0.0000000000e+00 0.0000000000e+00 0.0000000000e+00 0.0000000000e+00 0.0000000000e+00 0.0000000000e+00 0.0000000000e+00 0.0000000000e+00 0.0000000000e+00 0.0000000000e+00 0.0000000000e+00 0.0000000000e+00 0.0000000000e+00 0.0000000000e+00 0.0000000000e+00 0.0000000000e+00 0.0000000000e+00 
7.7174960101e-05 2.1505337843e-04 5.9893242150e-04 0.0000000000e+00 0.0000000000e+00 0.0000000000e+00 0.0000000000e+00 0.0000000000e+00 0.0000000000e+00 0.0000000000e+00 0.0000000000e+00 0.0000000000e+00 0.0000000000e+00 0.0000000000e+00 0.0000000000e+00 0.0000000000e+00 0.0000000000e+00 0.0000000000e+00 0.0000000000e+00 0.0000000000e+00 
5.3763344608e-05 1.3309609367e-04 2.7785374414e-04 6.8708091926e-04 0.0000000000e+00 0.0000000000e+00 0.0000000000e+00 0.0000000000e+00 0.0000000000e+00 0.0000000000e+00 0.0000000000e+00 0.0000000000e+00 0.0000000000e+00 0.0000000000e+00 0.0000000000e+00 0.0000000000e+00 0.0000000000e+00 0.0000000000e+00 0.0000000000e+00 0.0000000000e+00 
3.9928828100e-05 9.2617914713e-05 1.7177022981e-04 3.1838422154e-04 7.3724546887e-04 0.0000000000e+00 0.0000000000e+00 0.0000000000e+00 0.0000000000e+00 0.0000000000e+00 0.0000000000e+00 0.0000000000e+00 0.0000000000e+00 0.0000000000e+00 0.0000000000e+00 0.0000000000e+00 0.0000000000e+00 0.0000000000e+00 0.0000000000e+00 0.0000000000e+00 
3.0872638238e-05 6.8708091926e-05 1.1939408308e-04 1.9659879170e-04 3.4122881371e-04 7.5763413160e-04 0.0000000000e+00 0.0000000000e+00 0.0000000000e+00 0.0000000000e+00 0.0000000000e+00 0.0000000000e+00 0.0000000000e+00 0.0000000000e+00 0.0000000000e+00 0.0000000000e+00 0.0000000000e+00 0.0000000000e+00 0.0000000000e+00 0.0000000000e+00 
2.4538604259e-05 5.3064036923e-05 8.8469456265e-05 1.3649152548e-04 2.1045392544e-04 3.5024105219e-04 7.5511322378e-04 0.0000000000e+00 0.0000000000e+00 0.0000000000e+00 0.0000000000e+00 0.0000000000e+00 0.0000000000e+00 0.0000000000e+00 0.0000000000e+00 0.0000000000e+00 0.0000000000e+00 0.0000000000e+00 0.0000000000e+00 0.0000000000e+00 
1.9899013846e-05 4.2128312507e-05 6.8245762741e-05 1.0101788421e-04 1.4593377174e-04 2.1574663536e-04 3.4863963568e-04 7.3538611105e-04 0.0000000000e+00 0.0000000000e+00 0.0000000000e+00 0.0000000000e+00 0.0000000000e+00 0.0000000000e+00 0.0000000000e+00 0.0000000000e+00 0.0000000000e+00 0.0000000000e+00 0.0000000000e+00 0.0000000000e+00 
1.6383232642e-05 3.4122881371e-05 5.4116723686e-05 7.7831344930e-05 1.0787331768e-04 1.4941698672e-04 2.1448761572e-04 3.3909367598e-04 7.0315229864e-04 0.0000000000e+00 0.0000000000e+00 0.0000000000e+00 0.0000000000e+00 0.0000000000e+00 0.0000000000e+00 0.0000000000e+00 0.0000000000e+00 0.0000000000e+00 0.0000000000e+00 0.0000000000e+00 
1.3649152548e-05 2.8060523393e-05 4.3780131523e-05 6.1641895818e-05 8.3009437067e-05 1.1030791666e-04 1.4835348324e-04 2.0834142182e-04 3.2379847691e-04 6.6224859429e-04 0.0000000000e+00 0.0000000000e+00 0.0000000000e+00 0.0000000000e+00 0.0000000000e+00 0.0000000000e+00 0.0000000000e+00 0.0000000000e+00 0.0000000000e+00 0.0000000000e+00 
1.1479305024e-05 2.3349403479e-05 3.5957772561e-05 4.9805662240e-05 6.5659474201e-05 8.4773418996e-05 1.0937924645e-04 1.4391043418e-04 1.9867457829e-04 3.0454270641e-04 6.1577399326e-04 0.0000000000e+00 0.0000000000e+00 0.0000000000e+00 0.0000000000e+00 0.0000000000e+00 0.0000000000e+00 0.0000000000e+00 0.0000000000e+00 0.0000000000e+00 
9.7289181163e-06 1.9613330488e-05 2.9883397344e-05 4.0854783947e-05 5.2983386873e-05 6.6966885585e-05 8.3947753274e-05 1.0595977509e-04 1.3704421788e-04 1.8659817978e-04 2.8276776006e-04 5.6619981478e-04 0.0000000000e+00 0.0000000000e+00 0.0000000000e+00 0.0000000000e+00 0.0000000000e+00 0.0000000000e+00 0.0000000000e+00 0.0000000000e+00 
8.2979475140e-06 1.6601887413e-05 2.5069981058e-05 3.3909367598e-05 4.3404462879e-05 5.3966412819e-05 6.6224859429e-05 8.1211388376e-05 1.0076301708e-04 1.2853080003e-04 1.7300549896e-04 2.5962005558e-04 5.1546650526e-04 0.0000000000e+00 0.0000000000e+00 0.0000000000e+00 0.0000000000e+00 0.0000000000e+00 0.0000000000e+00 0.0000000000e+00 
7.1150946057e-06 1.4142040597e-05 2.1193354749e-05 2.8410193884e-05 3.5977608546e-05 4.4149906286e-05 5.3294973622e-05 6.3976518780e-05 7.7118480017e-05 9.4366635797e-05 1.1899252548e-04 1.5860507854e-04 2.3599694233e-04 4.6506841661e-04 0.0000000000e+00 0.0000000000e+00 0.0000000000e+00 0.0000000000e+00 0.0000000000e+00 0.0000000000e+00 
6.1282175921e-06 1.2110488428e-05 1.8029546119e-05 2.3985072364e-05 3.0102208831e-05 3.6545124769e-05 4.3539575281e-05 5.1412320011e-05 6.0664265870e-05 7.2116682107e-05 8.7232793199e-05 1.0892166569e-04 1.4394974800e-04 2.1258685768e-04 4.1612776634e-04 0.0000000000e+00 0.0000000000e+00 0.0000000000e+00 0.0000000000e+00 0.0000000000e+00 
5.2983386873e-06 1.0417071091e-05 1.5418975091e-05 2.0376879824e-05 2.5378558867e-05 3.0534247600e-05 3.5988624008e-05 4.1940727021e-05 4.8678760422e-05 5.6644670908e-05 6.6563240145e-05 7.9726014277e-05 9.8701041066e-05 1.2946197175e-04 1.8990431262e-04 3.6945889090e-04 0.0000000000e+00 0.0000000000e+00 0.0000000000e+00 0.0000000000e+00 
4.5957666578e-06 8.9944021365e-06 1.3244971886e-05 1.7402440366e-05 2.1530559205e-05 2.5706160006e-05 3.0025747754e-05 3.4616007411e-05 3.9651269636e-05 4.5384027372e-05 5.2201556967e-05 6.0739102195e-05 7.2128812832e-05 8.8622012558e-05 1.1545590341e-04 1.6832024263e-04 3.2562381387e-04 0.0000000000e+00 0.0000000000e+00 0.0000000000e+00 
3.9975120607e-06 7.7911599328e-06 1.1420351490e-05 1.4927854382e-05 1.8361542861e-05 2.1776915953e-05 2.5240838737e-05 2.8837287008e-05 3.2676499708e-05 3.6910191795e-05 4.1758132759e-05 4.7557459010e-05 5.4861245869e-05 6.4655305908e-05 7.8900113731e-05 1.0215649063e-04 1.4808821593e-04 2.8498006601e-04 0.0000000000e+00 0.0000000000e+00 
3.4855189173e-06 6.7676156980e-06 9.8787271646e-06 1.2853080003e-05 1.5727772633e-05 1.8544289685e-05 2.1350683650e-05 2.4204814598e-05 2.7179323049e-05 3.0369551097e-05 3.3906706887e-05 3.7980862525e-05 4.2883621265e-05 4.9093404099e-05 5.7463025977e-05 6.9688572202e-05 8.9715946708e-05 1.2936695058e-04 2.4772161530e-04 0.0000000000e+00 
3.0454270641e-06 5.8925740982e-06 8.5687200019e-06 1.1101957153e-05 1.3521877895e-05 1.5860507854e-05 1.8153610949e-05 2.0442567763e-05 2.2777163323e-05 2.5219864627e-05 2.7852632518e-05 3.0788240909e-05 3.4190049283e-05 3.8308683985e-05 4.3555357626e-05 5.0663122847e-05 6.1089948884e-05 7.8227878515e-05 1.1223955283e-04 2.1391369048e-04 
///Zona 4
//Sigma Total g (g=1..20)
1.9496638305e-01 3.8993276611e-01 5.8489914916e-01 7.7986553222e-01 6.8238234069e-01 1.1697982983e+00 1.3647646814e+00 1.5597310644e+00 1.7546974475e+00 1.6572142560e+00 2.1446302136e+00 2.3395965967e+00 2.5345629797e+00 2.7295293628e+00 2.9244957458e+00 3.1194621289e+00 3.3144285119e+00 3.5093948950e+00 3.7043612780e+00 3.8993276611e+00 
//Sigma Espalhamento 0 g'g (g linha; g' coluna)
1.1428571429e-02 0.0000000000e+00 0.0000000000e+00 0.0000000000e+00 0.0000000000e+00 0.0000000000e+00 0.0000000000e+00 0.0000000000e+00 0.0000000000e+00 0.0000000000e+00 0.0000000000e+00 0.0000000000e+00 0.0000000000e+00 0.0000000000e+00 0.0000000000e+00 0.0000000000e+00 0.0000000000e+00 0.0000000000e+00 0.0000000000e+00 0.0000000000e+00 
5.7142857143e-03 2.2857142857e-02 0.0000000000e+00 0.0000000000e+00 0.0000000000e+00 0.0000000000e+00 0.0000000000e+00 0.0000000000e+00 0.0000000000e+00 0.0000000000e+00 0.0000000000e+00 0.0000000000e+00 0.0000000000e+00 0.0000000000e+00 0.0000000000e+00 0.0000000000e+00 0.0000000000e+00 0.0000000000e+00 0.0000000000e+00 0.0000000000e+00 
3.8095238095e-03 1.1428571429e-02 3.4285714286e-02 0.0000000000e+00 0.0000000000e+00 0.0000000000e+00 0.0000000000e+00 0.0000000000e+00 0.0000000000e+00 0.0000000000e+00 0.0000000000e+00 0.0000000000e+00 0.0000000000e+00 0.0000000000e+00 0.0000000000e+00 0.0000000000e+00 0.0000000000e+00 0.0000000000e+00 0.0000000000e+00 0.0000000000e+00 
2.8571428571e-03 7.6190476190e-03 1.7142857143e-02 4.5714285714e-02 0.0000000000e+00 0.0000000000e+00 0.0000000000e+00 0.0000000000e+00 0.0000000000e+00 0.0000000000e+00 0.0000000000e+00 0.0000000000e+00 0.0000000000e+00 0.0000000000e+00 0.0000000000e+00 0.0000000000e+00 0.0000000000e+00 0.0000000000e+00 0.0000000000e+00 0.0000000000e+00 
2.2857142857e-03 5.7142857143e-03 1.1428571429e-02 2.2857142857e-02 5.7142857143e-02 0.0000000000e+00 0.0000000000e+00 0.0000000000e+00 0.0000000000e+00 0.0000000000e+00 0.0000000000e+00 0.0000000000e+00 0.0000000000e+00 0.0000000000e+00 0.0000000000e+00 0.0000000000e+00 0.0000000000e+00 0.0000000000e+00 0.0000000000e+00 0.0000000000e+00 
1.9047619048e-03 4.5714285714e-03 8.5714285714e-03 1.5238095238e-02 2.8571428571e-02 6.8571428571e-02 0.0000000000e+00 0.0000000000e+00 0.0000000000e+00 0.0000000000e+00 0.0000000000e+00 0.0000000000e+00 0.0000000000e+00 0.0000000000e+00 0.0000000000e+00 0.0000000000e+00 0.0000000000e+00 0.0000000000e+00 0.0000000000e+00 0.0000000000e+00 
1.6326530612e-03 3.8095238095e-03 6.8571428571e-03 1.1428571429e-02 1.9047619048e-02 3.4285714286e-02 8.0000000000e-02 0.0000000000e+00 0.0000000000e+00 0.0000000000e+00 0.0000000000e+00 0.0000000000e+00 0.0000000000e+00 0.0000000000e+00 0.0000000000e+00 0.0000000000e+00 0.0000000000e+00 0.0000000000e+00 0.0000000000e+00 0.0000000000e+00 
1.4285714286e-03 3.2653061224e-03 5.7142857143e-03 9.1428571429e-03 1.4285714286e-02 2.2857142857e-02 4.0000000000e-02 9.1428571429e-02 0.0000000000e+00 0.0000000000e+00 0.0000000000e+00 0.0000000000e+00 0.0000000000e+00 0.0000000000e+00 0.0000000000e+00 0.0000000000e+00 0.0000000000e+00 0.0000000000e+00 0.0000000000e+00 0.0000000000e+00 
1.2698412698e-03 2.8571428571e-03 4.8979591837e-03 7.6190476190e-03 1.1428571429e-02 1.7142857143e-02 2.6666666667e-02 4.5714285714e-02 1.0285714286e-01 0.0000000000e+00 0.0000000000e+00 0.0000000000e+00 0.0000000000e+00 0.0000000000e+00 0.0000000000e+00 0.0000000000e+00 0.0000000000e+00 0.0000000000e+00 0.0000000000e+00 0.0000000000e+00 
1.1428571429e-03 2.5396825397e-03 4.2857142857e-03 6.5306122449e-03 9.5238095238e-03 1.3714285714e-02 2.0000000000e-02 3.0476190476e-02 5.1428571429e-02 1.1428571429e-01 0.0000000000e+00 0.0000000000e+00 0.0000000000e+00 0.0000000000e+00 0.0000000000e+00 0.0000000000e+00 0.0000000000e+00 0.0000000000e+00 0.0000000000e+00 0.0000000000e+00 
1.0389610390e-03 2.2857142857e-03 3.8095238095e-03 5.7142857143e-03 8.1632653061e-03 1.1428571429e-02 1.6000000000e-02 2.2857142857e-02 3.4285714286e-02 5.7142857143e-02 1.2571428571e-01 0.0000000000e+00 0.0000000000e+00 0.0000000000e+00 0.0000000000e+00 0.0000000000e+00 0.0000000000e+00 0.0000000000e+00 0.0000000000e+00 0.0000000000e+00 
9.5238095238e-04 2.0779220779e-03 3.4285714286e-03 5.0793650794e-03 7.1428571429e-03 9.7959183673e-03 1.3333333333e-02 1.8285714286e-02 2.5714285714e-02 3.8095238095e-02 6.2857142857e-02 1.3714285714e-01 0.0000000000e+00 0.0000000000e+00 0.0000000000e+00 0.0000000000e+00 0.0000000000e+00 0.0000000000e+00 0.0000000000e+00 0.0000000000e+00 
8.7912087912e-04 1.9047619048e-03 3.1168831169e-03 4.5714285714e-03 6.3492063492e-03 8.5714285714e-03 1.1428571429e-02 1.5238095238e-02 2.0571428571e-02 2.8571428571e-02 4.1904761905e-02 6.8571428571e-02 1.4857142857e-01 0.0000000000e+00 0.0000000000e+00 0.0000000000e+00 0.0000000000e+00 0.0000000000e+00 0.0000000000e+00 0.0000000000e+00 
8.1632653061e-04 1.7582417582e-03 2.8571428571e-03 4.1558441558e-03 5.7142857143e-03 7.6190476190e-03 1.0000000000e-02 1.3061224490e-02 1.7142857143e-02 2.2857142857e-02 3.1428571429e-02 4.5714285714e-02 7.4285714286e-02 1.6000000000e-01 0.0000000000e+00 0.0000000000e+00 0.0000000000e+00 0.0000000000e+00 0.0000000000e+00 0.0000000000e+00 
7.6190476190e-04 1.6326530612e-03 2.6373626374e-03 3.8095238095e-03 5.1948051948e-03 6.8571428571e-03 8.8888888889e-03 1.1428571429e-02 1.4693877551e-02 1.9047619048e-02 2.5142857143e-02 3.4285714286e-02 4.9523809524e-02 8.0000000000e-02 1.7142857143e-01 0.0000000000e+00 0.0000000000e+00 0.0000000000e+00 0.0000000000e+00 0.0000000000e+00 
7.1428571429e-04 1.5238095238e-03 2.4489795918e-03 3.5164835165e-03 4.7619047619e-03 6.2337662338e-03 8.0000000000e-03 1.0158730159e-02 1.2857142857e-02 1.6326530612e-02 2.0952380952e-02 2.7428571429e-02 3.7142857143e-02 5.3333333333e-02 8.5714285714e-02 1.8285714286e-01 0.0000000000e+00 0.0000000000e+00 0.0000000000e+00 0.0000000000e+00 
6.7226890756e-04 1.4285714286e-03 2.2857142857e-03 3.2653061224e-03 4.3956043956e-03 5.7142857143e-03 7.2727272727e-03 9.1428571429e-03 1.1428571429e-02 1.4285714286e-02 1.7959183673e-02 2.2857142857e-02 2.9714285714e-02 4.0000000000e-02 5.7142857143e-02 9.1428571429e-02 1.9428571429e-01 0.0000000000e+00 0.0000000000e+00 0.0000000000e+00 
6.3492063492e-04 1.3445378151e-03 2.1428571429e-03 3.0476190476e-03 4.0816326531e-03 5.2747252747e-03 6.6666666667e-03 8.3116883117e-03 1.0285714286e-02 1.2698412698e-02 1.5714285714e-02 1.9591836735e-02 2.4761904762e-02 3.2000000000e-02 4.2857142857e-02 6.0952380952e-02 9.7142857143e-02 2.0571428571e-01 0.0000000000e+00 0.0000000000e+00 
6.0150375940e-04 1.2698412698e-03 2.0168067227e-03 2.8571428571e-03 3.8095238095e-03 4.8979591837e-03 6.1538461538e-03 7.6190476190e-03 9.3506493506e-03 1.1428571429e-02 1.3968253968e-02 1.7142857143e-02 2.1224489796e-02 2.6666666667e-02 3.4285714286e-02 4.5714285714e-02 6.4761904762e-02 1.0285714286e-01 2.1714285714e-01 0.0000000000e+00 
5.7142857143e-04 1.2030075188e-03 1.9047619048e-03 2.6890756303e-03 3.5714285714e-03 4.5714285714e-03 5.7142857143e-03 7.0329670330e-03 8.5714285714e-03 1.0389610390e-02 1.2571428571e-02 1.5238095238e-02 1.8571428571e-02 2.2857142857e-02 2.8571428571e-02 3.6571428571e-02 4.8571428571e-02 6.8571428571e-02 1.0857142857e-01 2.2857142857e-01 
//Sigma Espalhamento 1 g'g (g linha; g' coluna)
7.8857142857e-03 0.0000000000e+00 0.0000000000e+00 0.0000000000e+00 0.0000000000e+00 0.0000000000e+00 0.0000000000e+00 0.0000000000e+00 0.0000000000e+00 0.0000000000e+00 0.0000000000e+00 0.0000000000e+00 0.0000000000e+00 0.0000000000e+00 0.0000000000e+00 0.0000000000e+00 0.0000000000e+00 0.0000000000e+00 0.0000000000e+00 0.0000000000e+00 
3.9142857143e-03 1.5542857143e-02 0.0000000000e+00 0.0000000000e+00 0.0000000000e+00 0.0000000000e+00 0.0000000000e+00 0.0000000000e+00 0.0000000000e+00 0.0000000000e+00 0.0000000000e+00 0.0000000000e+00 0.0000000000e+00 0.0000000000e+00 0.0000000000e+00 0.0000000000e+00 0.0000000000e+00 0.0000000000e+00 0.0000000000e+00 0.0000000000e+00 
2.5904761905e-03 7.7142857143e-03 2.2971428571e-02 0.0000000000e+00 0.0000000000e+00 0.0000000000e+00 0.0000000000e+00 0.0000000000e+00 0.0000000000e+00 0.0000000000e+00 0.0000000000e+00 0.0000000000e+00 0.0000000000e+00 0.0000000000e+00 0.0000000000e+00 0.0000000000e+00 0.0000000000e+00 0.0000000000e+00 0.0000000000e+00 0.0000000000e+00 
1.9285714286e-03 5.1047619048e-03 1.1400000000e-02 3.0171428571e-02 0.0000000000e+00 0.0000000000e+00 0.0000000000e+00 0.0000000000e+00 0.0000000000e+00 0.0000000000e+00 0.0000000000e+00 0.0000000000e+00 0.0000000000e+00 0.0000000000e+00 0.0000000000e+00 0.0000000000e+00 0.0000000000e+00 0.0000000000e+00 0.0000000000e+00 0.0000000000e+00 
1.5314285714e-03 3.8000000000e-03 7.5428571429e-03 1.4971428571e-02 3.7142857143e-02 0.0000000000e+00 0.0000000000e+00 0.0000000000e+00 0.0000000000e+00 0.0000000000e+00 0.0000000000e+00 0.0000000000e+00 0.0000000000e+00 0.0000000000e+00 0.0000000000e+00 0.0000000000e+00 0.0000000000e+00 0.0000000000e+00 0.0000000000e+00 0.0000000000e+00 
1.2666666667e-03 3.0171428571e-03 5.6142857143e-03 9.9047619048e-03 1.8428571429e-02 4.3885714286e-02 0.0000000000e+00 0.0000000000e+00 0.0000000000e+00 0.0000000000e+00 0.0000000000e+00 0.0000000000e+00 0.0000000000e+00 0.0000000000e+00 0.0000000000e+00 0.0000000000e+00 0.0000000000e+00 0.0000000000e+00 0.0000000000e+00 0.0000000000e+00 
1.0775510204e-03 2.4952380952e-03 4.4571428571e-03 7.3714285714e-03 1.2190476190e-02 2.1771428571e-02 5.0400000000e-02 0.0000000000e+00 0.0000000000e+00 0.0000000000e+00 0.0000000000e+00 0.0000000000e+00 0.0000000000e+00 0.0000000000e+00 0.0000000000e+00 0.0000000000e+00 0.0000000000e+00 0.0000000000e+00 0.0000000000e+00 0.0000000000e+00 
9.3571428571e-04 2.1224489796e-03 3.6857142857e-03 5.8514285714e-03 9.0714285714e-03 1.4400000000e-02 2.5000000000e-02 5.6685714286e-02 0.0000000000e+00 0.0000000000e+00 0.0000000000e+00 0.0000000000e+00 0.0000000000e+00 0.0000000000e+00 0.0000000000e+00 0.0000000000e+00 0.0000000000e+00 0.0000000000e+00 0.0000000000e+00 0.0000000000e+00 
8.2539682540e-04 1.8428571429e-03 3.1346938776e-03 4.8380952381e-03 7.2000000000e-03 1.0714285714e-02 1.6533333333e-02 2.8114285714e-02 6.2742857143e-02 0.0000000000e+00 0.0000000000e+00 0.0000000000e+00 0.0000000000e+00 0.0000000000e+00 0.0000000000e+00 0.0000000000e+00 0.0000000000e+00 0.0000000000e+00 0.0000000000e+00 0.0000000000e+00 
7.3714285714e-04 1.6253968254e-03 2.7214285714e-03 4.1142857143e-03 5.9523809524e-03 8.5028571429e-03 1.2300000000e-02 1.8590476190e-02 3.1114285714e-02 6.8571428571e-02 0.0000000000e+00 0.0000000000e+00 0.0000000000e+00 0.0000000000e+00 0.0000000000e+00 0.0000000000e+00 0.0000000000e+00 0.0000000000e+00 0.0000000000e+00 0.0000000000e+00 
6.6493506494e-04 1.4514285714e-03 2.4000000000e-03 3.5714285714e-03 5.0612244898e-03 7.0285714286e-03 9.7600000000e-03 1.3828571429e-02 2.0571428571e-02 3.4000000000e-02 7.4171428571e-02 0.0000000000e+00 0.0000000000e+00 0.0000000000e+00 0.0000000000e+00 0.0000000000e+00 0.0000000000e+00 0.0000000000e+00 0.0000000000e+00 0.0000000000e+00 
6.0476190476e-04 1.3090909091e-03 2.1428571429e-03 3.1492063492e-03 4.3928571429e-03 5.9755102041e-03 8.0666666667e-03 1.0971428571e-02 1.5300000000e-02 2.2476190476e-02 3.6771428571e-02 7.9542857143e-02 0.0000000000e+00 0.0000000000e+00 0.0000000000e+00 0.0000000000e+00 0.0000000000e+00 0.0000000000e+00 0.0000000000e+00 0.0000000000e+00 
5.5384615385e-04 1.1904761905e-03 1.9324675325e-03 2.8114285714e-03 3.8730158730e-03 5.1857142857e-03 6.8571428571e-03 9.0666666667e-03 1.2137142857e-02 1.6714285714e-02 2.4304761905e-02 3.9428571429e-02 8.4685714286e-02 0.0000000000e+00 0.0000000000e+00 0.0000000000e+00 0.0000000000e+00 0.0000000000e+00 0.0000000000e+00 0.0000000000e+00 
5.1020408163e-04 1.0901098901e-03 1.7571428571e-03 2.5350649351e-03 3.4571428571e-03 4.5714285714e-03 5.9500000000e-03 7.7061224490e-03 1.0028571429e-02 1.3257142857e-02 1.8071428571e-02 2.6057142857e-02 4.1971428571e-02 8.9600000000e-02 0.0000000000e+00 0.0000000000e+00 0.0000000000e+00 0.0000000000e+00 0.0000000000e+00 0.0000000000e+00 
4.7238095238e-04 1.0040816327e-03 1.6087912088e-03 2.3047619048e-03 3.1168831169e-03 4.0800000000e-03 5.2444444444e-03 6.6857142857e-03 8.5224489796e-03 1.0952380952e-02 1.4331428571e-02 1.9371428571e-02 2.7733333333e-02 4.4400000000e-02 9.4285714286e-02 0.0000000000e+00 0.0000000000e+00 0.0000000000e+00 0.0000000000e+00 0.0000000000e+00 
4.3928571429e-04 9.2952380952e-04 1.4816326531e-03 2.1098901099e-03 2.8333333333e-03 3.6779220779e-03 4.6800000000e-03 5.8920634921e-03 7.3928571429e-03 9.3061224490e-03 1.1838095238e-02 1.5360000000e-02 2.0614285714e-02 2.9333333333e-02 4.6714285714e-02 9.8742857143e-02 0.0000000000e+00 0.0000000000e+00 0.0000000000e+00 0.0000000000e+00 
4.1008403361e-04 8.6428571429e-04 1.3714285714e-03 1.9428571429e-03 2.5934065934e-03 3.3428571429e-03 4.2181818182e-03 5.2571428571e-03 6.5142857143e-03 8.0714285714e-03 1.0057142857e-02 1.2685714286e-02 1.6342857143e-02 2.1800000000e-02 3.0857142857e-02 4.8914285714e-02 1.0297142857e-01 0.0000000000e+00 0.0000000000e+00 0.0000000000e+00 
3.8412698413e-04 8.0672268908e-04 1.2750000000e-03 1.7980952381e-03 2.3877551020e-03 3.0593406593e-03 3.8333333333e-03 4.7376623377e-03 5.8114285714e-03 7.1111111111e-03 8.7214285714e-03 1.0775510204e-02 1.3495238095e-02 1.7280000000e-02 2.2928571429e-02 3.2304761905e-02 5.1000000000e-02 1.0697142857e-01 0.0000000000e+00 0.0000000000e+00 
3.6090225564e-04 7.5555555556e-04 1.1899159664e-03 1.6714285714e-03 2.2095238095e-03 2.8163265306e-03 3.5076923077e-03 4.3047619048e-03 5.2363636364e-03 6.3428571429e-03 7.6825396825e-03 9.3428571429e-03 1.1461224490e-02 1.4266666667e-02 1.8171428571e-02 2.4000000000e-02 3.3676190476e-02 5.2971428571e-02 1.1074285714e-01 0.0000000000e+00 
3.4000000000e-04 7.0977443609e-04 1.1142857143e-03 1.5596638655e-03 2.0535714286e-03 2.6057142857e-03 3.2285714286e-03 3.9384615385e-03 4.7571428571e-03 5.7142857143e-03 6.8514285714e-03 8.2285714286e-03 9.9357142857e-03 1.2114285714e-02 1.5000000000e-02 1.9017142857e-02 2.5014285714e-02 3.4971428571e-02 5.4828571429e-02 1.1428571429e-01 
//Sigma Espalhamento 2 g'g (g linha; g' coluna)
5.4411428571e-03 0.0000000000e+00 0.0000000000e+00 0.0000000000e+00 0.0000000000e+00 0.0000000000e+00 0.0000000000e+00 0.0000000000e+00 0.0000000000e+00 0.0000000000e+00 0.0000000000e+00 0.0000000000e+00 0.0000000000e+00 0.0000000000e+00 0.0000000000e+00 0.0000000000e+00 0.0000000000e+00 0.0000000000e+00 0.0000000000e+00 0.0000000000e+00 
2.6812857143e-03 1.0569142857e-02 0.0000000000e+00 0.0000000000e+00 0.0000000000e+00 0.0000000000e+00 0.0000000000e+00 0.0000000000e+00 0.0000000000e+00 0.0000000000e+00 0.0000000000e+00 0.0000000000e+00 0.0000000000e+00 0.0000000000e+00 0.0000000000e+00 0.0000000000e+00 0.0000000000e+00 0.0000000000e+00 0.0000000000e+00 0.0000000000e+00 
1.7615238095e-03 5.2071428571e-03 1.5390857143e-02 0.0000000000e+00 0.0000000000e+00 0.0000000000e+00 0.0000000000e+00 0.0000000000e+00 0.0000000000e+00 0.0000000000e+00 0.0000000000e+00 0.0000000000e+00 0.0000000000e+00 0.0000000000e+00 0.0000000000e+00 0.0000000000e+00 0.0000000000e+00 0.0000000000e+00 0.0000000000e+00 0.0000000000e+00 
1.3017857143e-03 3.4201904762e-03 7.5810000000e-03 1.9913142857e-02 0.0000000000e+00 0.0000000000e+00 0.0000000000e+00 0.0000000000e+00 0.0000000000e+00 0.0000000000e+00 0.0000000000e+00 0.0000000000e+00 0.0000000000e+00 0.0000000000e+00 0.0000000000e+00 0.0000000000e+00 0.0000000000e+00 0.0000000000e+00 0.0000000000e+00 0.0000000000e+00 
1.0260571429e-03 2.5270000000e-03 4.9782857143e-03 9.8062857143e-03 2.4142857143e-02 0.0000000000e+00 0.0000000000e+00 0.0000000000e+00 0.0000000000e+00 0.0000000000e+00 0.0000000000e+00 0.0000000000e+00 0.0000000000e+00 0.0000000000e+00 0.0000000000e+00 0.0000000000e+00 0.0000000000e+00 0.0000000000e+00 0.0000000000e+00 0.0000000000e+00 
8.4233333333e-04 1.9913142857e-03 3.6773571429e-03 6.4380952381e-03 1.1886428571e-02 2.8086857143e-02 0.0000000000e+00 0.0000000000e+00 0.0000000000e+00 0.0000000000e+00 0.0000000000e+00 0.0000000000e+00 0.0000000000e+00 0.0000000000e+00 0.0000000000e+00 0.0000000000e+00 0.0000000000e+00 0.0000000000e+00 0.0000000000e+00 0.0000000000e+00 
7.1118367347e-04 1.6343809524e-03 2.8971428571e-03 4.7545714286e-03 7.8019047619e-03 1.3824857143e-02 3.1752000000e-02 0.0000000000e+00 0.0000000000e+00 0.0000000000e+00 0.0000000000e+00 0.0000000000e+00 0.0000000000e+00 0.0000000000e+00 0.0000000000e+00 0.0000000000e+00 0.0000000000e+00 0.0000000000e+00 0.0000000000e+00 0.0000000000e+00 
6.1289285714e-04 1.3795918367e-03 2.3772857143e-03 3.7449142857e-03 5.7603571429e-03 9.0720000000e-03 1.5625000000e-02 3.5145142857e-02 0.0000000000e+00 0.0000000000e+00 0.0000000000e+00 0.0000000000e+00 0.0000000000e+00 0.0000000000e+00 0.0000000000e+00 0.0000000000e+00 0.0000000000e+00 0.0000000000e+00 0.0000000000e+00 0.0000000000e+00 
5.3650793651e-04 1.1886428571e-03 2.0062040816e-03 3.0721904762e-03 4.5360000000e-03 6.6964285714e-03 1.0250666667e-02 1.7290285714e-02 3.8273142857e-02 0.0000000000e+00 0.0000000000e+00 0.0000000000e+00 0.0000000000e+00 0.0000000000e+00 0.0000000000e+00 0.0000000000e+00 0.0000000000e+00 0.0000000000e+00 0.0000000000e+00 0.0000000000e+00 
4.7545714286e-04 1.0402539683e-03 1.7281071429e-03 2.5920000000e-03 3.7202380952e-03 5.2717714286e-03 7.5645000000e-03 1.1340190476e-02 1.8824142857e-02 4.1142857143e-02 0.0000000000e+00 0.0000000000e+00 0.0000000000e+00 0.0000000000e+00 0.0000000000e+00 0.0000000000e+00 0.0000000000e+00 0.0000000000e+00 0.0000000000e+00 0.0000000000e+00 
4.2555844156e-04 9.2165714286e-04 1.5120000000e-03 2.2321428571e-03 3.1379591837e-03 4.3225714286e-03 5.9536000000e-03 8.3662857143e-03 1.2342857143e-02 2.0230000000e-02 4.3761142857e-02 0.0000000000e+00 0.0000000000e+00 0.0000000000e+00 0.0000000000e+00 0.0000000000e+00 0.0000000000e+00 0.0000000000e+00 0.0000000000e+00 0.0000000000e+00 
3.8402380952e-04 8.2472727273e-04 1.3392857143e-03 1.9525079365e-03 2.7016071429e-03 3.6450612245e-03 4.8803333333e-03 6.5828571429e-03 9.1035000000e-03 1.3260952381e-02 2.1511285714e-02 4.6134857143e-02 0.0000000000e+00 0.0000000000e+00 0.0000000000e+00 0.0000000000e+00 0.0000000000e+00 0.0000000000e+00 0.0000000000e+00 0.0000000000e+00 
3.4892307692e-04 7.4404761905e-04 1.1981298701e-03 1.7290285714e-03 2.3625396825e-03 3.1373571429e-03 4.1142857143e-03 5.3946666667e-03 7.1609142857e-03 9.7778571429e-03 1.4096761905e-02 2.2671428571e-02 4.8270857143e-02 0.0000000000e+00 0.0000000000e+00 0.0000000000e+00 0.0000000000e+00 0.0000000000e+00 0.0000000000e+00 0.0000000000e+00 
3.1887755102e-04 6.7586813187e-04 1.0806428571e-03 1.5463896104e-03 2.0915714286e-03 2.7428571429e-03 3.5402500000e-03 4.5466122449e-03 5.8667142857e-03 7.6891428571e-03 1.0391071429e-02 1.4852571429e-02 2.3713857143e-02 5.0176000000e-02 0.0000000000e+00 0.0000000000e+00 0.0000000000e+00 0.0000000000e+00 0.0000000000e+00 0.0000000000e+00 
2.9287619048e-04 6.1751020408e-04 9.8136263736e-04 1.3943809524e-03 1.8701298701e-03 2.4276000000e-03 3.0942222222e-03 3.9111428571e-03 4.9430204082e-03 6.2976190476e-03 8.1689142857e-03 1.0944857143e-02 1.5530666667e-02 2.4642000000e-02 5.1857142857e-02 0.0000000000e+00 0.0000000000e+00 0.0000000000e+00 0.0000000000e+00 0.0000000000e+00 
2.7016071429e-04 5.6700952381e-04 8.9638775510e-04 1.2659340659e-03 1.6858333333e-03 2.1699740260e-03 2.7378000000e-03 3.4173968254e-03 4.2508928571e-03 5.3044897959e-03 6.6885238095e-03 8.6016000000e-03 1.1440928571e-02 1.6133333333e-02 2.5459285714e-02 5.3321142857e-02 0.0000000000e+00 0.0000000000e+00 0.0000000000e+00 0.0000000000e+00 
2.5015126050e-04 5.2289285714e-04 8.2285714286e-04 1.1560000000e-03 1.5301098901e-03 1.9555714286e-03 2.4465454545e-03 3.0228571429e-03 3.7131428571e-03 4.5603571429e-03 5.6320000000e-03 7.0405714286e-03 8.9885714286e-03 1.1881000000e-02 1.6662857143e-02 2.6169142857e-02 5.4574857143e-02 0.0000000000e+00 0.0000000000e+00 0.0000000000e+00 
2.3239682540e-04 4.8403361345e-04 7.5862500000e-04 1.0608761905e-03 1.3968367347e-03 1.7744175824e-03 2.2041666667e-03 2.7004675325e-03 3.2834571429e-03 3.9822222222e-03 4.8403928571e-03 5.9265306122e-03 7.3549047619e-03 9.3312000000e-03 1.2266785714e-02 1.7121523810e-02 2.6775000000e-02 5.5625142857e-02 0.0000000000e+00 0.0000000000e+00 
2.1654135338e-04 4.4955555556e-04 7.0205042017e-04 9.7778571429e-04 1.2815238095e-03 1.6193877551e-03 1.9993846154e-03 2.4321904762e-03 2.9323636364e-03 3.5202857143e-03 4.2253968254e-03 5.0918571429e-03 6.1890612245e-03 7.6326666667e-03 9.6308571429e-03 1.2600000000e-02 1.7511619048e-02 2.7280285714e-02 5.6478857143e-02 0.0000000000e+00 
2.0230000000e-04 4.1876691729e-04 6.5185714286e-04 9.0460504202e-04 1.1808035714e-03 1.4852571429e-03 1.8241428571e-03 2.2055384615e-03 2.6402142857e-03 3.1428571429e-03 3.7340285714e-03 4.4434285714e-03 5.3156071429e-03 6.4205714286e-03 7.8750000000e-03 9.8889142857e-03 1.2882357143e-02 1.7835428571e-02 2.7688428571e-02 5.7142857143e-02 
//Sigma Espalhamento 3 g'g (g linha; g' coluna)
3.7543885714e-03 0.0000000000e+00 0.0000000000e+00 0.0000000000e+00 0.0000000000e+00 0.0000000000e+00 0.0000000000e+00 0.0000000000e+00 0.0000000000e+00 0.0000000000e+00 0.0000000000e+00 0.0000000000e+00 0.0000000000e+00 0.0000000000e+00 0.0000000000e+00 0.0000000000e+00 0.0000000000e+00 0.0000000000e+00 0.0000000000e+00 0.0000000000e+00 
1.8366807143e-03 7.1870171429e-03 0.0000000000e+00 0.0000000000e+00 0.0000000000e+00 0.0000000000e+00 0.0000000000e+00 0.0000000000e+00 0.0000000000e+00 0.0000000000e+00 0.0000000000e+00 0.0000000000e+00 0.0000000000e+00 0.0000000000e+00 0.0000000000e+00 0.0000000000e+00 0.0000000000e+00 0.0000000000e+00 0.0000000000e+00 0.0000000000e+00 
1.1978361905e-03 3.5148214286e-03 1.0311874286e-02 0.0000000000e+00 0.0000000000e+00 0.0000000000e+00 0.0000000000e+00 0.0000000000e+00 0.0000000000e+00 0.0000000000e+00 0.0000000000e+00 0.0000000000e+00 0.0000000000e+00 0.0000000000e+00 0.0000000000e+00 0.0000000000e+00 0.0000000000e+00 0.0000000000e+00 0.0000000000e+00 0.0000000000e+00 
8.7870535714e-04 2.2915276190e-03 5.0413650000e-03 1.3142674286e-02 0.0000000000e+00 0.0000000000e+00 0.0000000000e+00 0.0000000000e+00 0.0000000000e+00 0.0000000000e+00 0.0000000000e+00 0.0000000000e+00 0.0000000000e+00 0.0000000000e+00 0.0000000000e+00 0.0000000000e+00 0.0000000000e+00 0.0000000000e+00 0.0000000000e+00 0.0000000000e+00 
6.8745828571e-04 1.6804550000e-03 3.2856685714e-03 6.4231171429e-03 1.5692857143e-02 0.0000000000e+00 0.0000000000e+00 0.0000000000e+00 0.0000000000e+00 0.0000000000e+00 0.0000000000e+00 0.0000000000e+00 0.0000000000e+00 0.0000000000e+00 0.0000000000e+00 0.0000000000e+00 0.0000000000e+00 0.0000000000e+00 0.0000000000e+00 0.0000000000e+00 
5.6015166667e-04 1.3142674286e-03 2.4086689286e-03 4.1847619048e-03 7.6667464286e-03 1.7975588571e-02 0.0000000000e+00 0.0000000000e+00 0.0000000000e+00 0.0000000000e+00 0.0000000000e+00 0.0000000000e+00 0.0000000000e+00 0.0000000000e+00 0.0000000000e+00 0.0000000000e+00 0.0000000000e+00 0.0000000000e+00 0.0000000000e+00 0.0000000000e+00 
4.6938122449e-04 1.0705195238e-03 1.8831428571e-03 3.0666985714e-03 4.9932190476e-03 8.7787842857e-03 2.0003760000e-02 0.0000000000e+00 0.0000000000e+00 0.0000000000e+00 0.0000000000e+00 0.0000000000e+00 0.0000000000e+00 0.0000000000e+00 0.0000000000e+00 0.0000000000e+00 0.0000000000e+00 0.0000000000e+00 0.0000000000e+00 0.0000000000e+00 
4.0144482143e-04 8.9673469388e-04 1.5333492857e-03 2.3967451429e-03 3.6578267857e-03 5.7153600000e-03 9.7656250000e-03 2.1789988571e-02 0.0000000000e+00 0.0000000000e+00 0.0000000000e+00 0.0000000000e+00 0.0000000000e+00 0.0000000000e+00 0.0000000000e+00 0.0000000000e+00 0.0000000000e+00 0.0000000000e+00 0.0000000000e+00 0.0000000000e+00 
3.4873015873e-04 7.6667464286e-04 1.2839706122e-03 1.9508409524e-03 2.8576800000e-03 4.1852678571e-03 6.3554133333e-03 1.0633525714e-02 2.3346617143e-02 0.0000000000e+00 0.0000000000e+00 0.0000000000e+00 0.0000000000e+00 0.0000000000e+00 0.0000000000e+00 0.0000000000e+00 0.0000000000e+00 0.0000000000e+00 0.0000000000e+00 0.0000000000e+00 
3.0666985714e-04 6.6576253968e-04 1.0973480357e-03 1.6329600000e-03 2.3251488095e-03 3.2684982857e-03 4.6521675000e-03 6.9175161905e-03 1.1388606429e-02 2.4685714286e-02 0.0000000000e+00 0.0000000000e+00 0.0000000000e+00 0.0000000000e+00 0.0000000000e+00 0.0000000000e+00 0.0000000000e+00 0.0000000000e+00 0.0000000000e+00 0.0000000000e+00 
2.7235740260e-04 5.8525228571e-04 9.5256000000e-04 1.3950892857e-03 1.9455346939e-03 2.6583814286e-03 3.6316960000e-03 5.0616028571e-03 7.4057142857e-03 1.2036850000e-02 2.5819074286e-02 0.0000000000e+00 0.0000000000e+00 0.0000000000e+00 0.0000000000e+00 0.0000000000e+00 0.0000000000e+00 0.0000000000e+00 0.0000000000e+00 0.0000000000e+00 
2.4385511905e-04 5.1957818182e-04 8.3705357143e-04 1.2105549206e-03 1.6614883929e-03 2.2234873469e-03 2.9526016667e-03 3.9497142857e-03 5.4165825000e-03 7.8239619048e-03 1.2584102143e-02 2.6758217143e-02 0.0000000000e+00 0.0000000000e+00 0.0000000000e+00 0.0000000000e+00 0.0000000000e+00 0.0000000000e+00 0.0000000000e+00 0.0000000000e+00 
2.1982153846e-04 4.6502976190e-04 7.4284051948e-04 1.0633525714e-03 1.4411492063e-03 1.8981010714e-03 2.4685714286e-03 3.2098266667e-03 4.2249394286e-03 5.7200464286e-03 8.1761219048e-03 1.3036071429e-02 2.7514388571e-02 0.0000000000e+00 0.0000000000e+00 0.0000000000e+00 0.0000000000e+00 0.0000000000e+00 0.0000000000e+00 0.0000000000e+00 
1.9929846939e-04 4.1903824176e-04 6.6459535714e-04 9.4329766234e-04 1.2654007143e-03 1.6457142857e-03 2.1064487500e-03 2.6825012245e-03 3.4320278571e-03 4.4597028571e-03 5.9748660714e-03 8.4659657143e-03 1.3398329286e-02 2.8098560000e-02 0.0000000000e+00 0.0000000000e+00 0.0000000000e+00 0.0000000000e+00 0.0000000000e+00 0.0000000000e+00 
1.8158323810e-04 3.7976877551e-04 5.9863120879e-04 8.4360047619e-04 1.1220779221e-03 1.4444220000e-03 1.8255911111e-03 2.2880185714e-03 2.8669518367e-03 3.6211309524e-03 4.6562811429e-03 6.1838442857e-03 8.6971733333e-03 1.3676310000e-02 2.8521428571e-02 0.0000000000e+00 0.0000000000e+00 0.0000000000e+00 0.0000000000e+00 0.0000000000e+00 
1.6614883929e-04 3.4587580952e-04 5.4231459184e-04 7.5956043956e-04 1.0030708333e-03 1.2802846753e-03 1.6016130000e-03 1.9820901587e-03 2.4442633929e-03 3.0235591837e-03 3.7790159524e-03 4.8168960000e-03 6.3497153571e-03 8.8733333333e-03 1.3875310714e-02 2.8793417143e-02 0.0000000000e+00 0.0000000000e+00 0.0000000000e+00 0.0000000000e+00 
1.5259226891e-04 3.1635017857e-04 4.9371428571e-04 6.8782000000e-04 9.0276483516e-04 1.1440092857e-03 1.4189963636e-03 1.7381428571e-03 2.1164914286e-03 2.5766017857e-03 3.1539200000e-03 3.9075171429e-03 4.9437142857e-03 6.4751450000e-03 8.9979428571e-03 1.4000491429e-02 2.8924674286e-02 0.0000000000e+00 0.0000000000e+00 0.0000000000e+00 
1.4060007937e-04 2.9042016807e-04 4.5138187500e-04 6.2591695238e-04 8.1714948980e-04 1.0291621978e-03 1.2673958333e-03 1.5392664935e-03 1.8551532857e-03 2.2300444444e-03 2.6864180357e-03 3.2595918367e-03 4.0084230952e-03 5.0388480000e-03 6.5627303571e-03 9.0744076190e-03 1.4056875000e-02 2.8925074286e-02 0.0000000000e+00 0.0000000000e+00 
1.2992481203e-04 2.6748555556e-04 4.1420974790e-04 5.7200464286e-04 7.4328380952e-04 9.3114795918e-04 1.1396492308e-03 1.3741876190e-03 1.6421236364e-03 1.9537585714e-03 2.3239682540e-03 2.7750621429e-03 3.3420930612e-03 4.0834766667e-03 5.1043542857e-03 6.6150000000e-03 9.1060419048e-03 1.4049347143e-02 2.8804217143e-02 0.0000000000e+00 
1.2036850000e-04 2.4707248120e-04 3.8133642857e-04 5.2467092437e-04 6.7896205357e-04 8.4659657143e-04 1.0306407143e-03 1.2351015385e-03 1.4653189286e-03 1.7285714286e-03 2.0350455714e-03 2.3994514286e-03 2.8438498214e-03 3.4029028571e-03 4.1343750000e-03 5.1422354286e-03 6.6344139286e-03 9.0960685714e-03 1.3982656429e-02 2.8571428571e-02 
//Sigma Espalhamento 4 g'g (g linha; g' coluna)
2.5905281143e-03 0.0000000000e+00 0.0000000000e+00 0.0000000000e+00 0.0000000000e+00 0.0000000000e+00 0.0000000000e+00 0.0000000000e+00 0.0000000000e+00 0.0000000000e+00 0.0000000000e+00 0.0000000000e+00 0.0000000000e+00 0.0000000000e+00 0.0000000000e+00 0.0000000000e+00 0.0000000000e+00 0.0000000000e+00 0.0000000000e+00 0.0000000000e+00 
1.2581262893e-03 4.8871716571e-03 0.0000000000e+00 0.0000000000e+00 0.0000000000e+00 0.0000000000e+00 0.0000000000e+00 0.0000000000e+00 0.0000000000e+00 0.0000000000e+00 0.0000000000e+00 0.0000000000e+00 0.0000000000e+00 0.0000000000e+00 0.0000000000e+00 0.0000000000e+00 0.0000000000e+00 0.0000000000e+00 0.0000000000e+00 0.0000000000e+00 
8.1452860952e-04 2.3725044643e-03 6.9089557714e-03 0.0000000000e+00 0.0000000000e+00 0.0000000000e+00 0.0000000000e+00 0.0000000000e+00 0.0000000000e+00 0.0000000000e+00 0.0000000000e+00 0.0000000000e+00 0.0000000000e+00 0.0000000000e+00 0.0000000000e+00 0.0000000000e+00 0.0000000000e+00 0.0000000000e+00 0.0000000000e+00 0.0000000000e+00 
5.9312611607e-04 1.5353235048e-03 3.3525077250e-03 8.6741650286e-03 0.0000000000e+00 0.0000000000e+00 0.0000000000e+00 0.0000000000e+00 0.0000000000e+00 0.0000000000e+00 0.0000000000e+00 0.0000000000e+00 0.0000000000e+00 0.0000000000e+00 0.0000000000e+00 0.0000000000e+00 0.0000000000e+00 0.0000000000e+00 0.0000000000e+00 0.0000000000e+00 
4.6059705143e-04 1.1175025750e-03 2.1685412571e-03 4.2071417286e-03 1.0200357143e-02 0.0000000000e+00 0.0000000000e+00 0.0000000000e+00 0.0000000000e+00 0.0000000000e+00 0.0000000000e+00 0.0000000000e+00 0.0000000000e+00 0.0000000000e+00 0.0000000000e+00 0.0000000000e+00 0.0000000000e+00 0.0000000000e+00 0.0000000000e+00 0.0000000000e+00 
3.7250085833e-04 8.6741650286e-04 1.5776781482e-03 2.7200952381e-03 4.9450514464e-03 1.1504376686e-02 0.0000000000e+00 0.0000000000e+00 0.0000000000e+00 0.0000000000e+00 0.0000000000e+00 0.0000000000e+00 0.0000000000e+00 0.0000000000e+00 0.0000000000e+00 0.0000000000e+00 0.0000000000e+00 0.0000000000e+00 0.0000000000e+00 0.0000000000e+00 
3.0979160816e-04 7.0119028810e-04 1.2240428571e-03 1.9780205786e-03 3.1956601905e-03 5.5745280214e-03 1.2602368800e-02 0.0000000000e+00 0.0000000000e+00 0.0000000000e+00 0.0000000000e+00 0.0000000000e+00 0.0000000000e+00 0.0000000000e+00 0.0000000000e+00 0.0000000000e+00 0.0000000000e+00 0.0000000000e+00 0.0000000000e+00 0.0000000000e+00 
2.6294635804e-04 5.8287755102e-04 9.8901028929e-04 1.5339168914e-03 2.3227200089e-03 3.6006768000e-03 6.1035156250e-03 1.3509792914e-02 0.0000000000e+00 0.0000000000e+00 0.0000000000e+00 0.0000000000e+00 0.0000000000e+00 0.0000000000e+00 0.0000000000e+00 0.0000000000e+00 0.0000000000e+00 0.0000000000e+00 0.0000000000e+00 0.0000000000e+00 
2.2667460317e-04 4.9450514464e-04 8.2174119184e-04 1.2387840048e-03 1.8003384000e-03 2.6157924107e-03 3.9403562667e-03 6.5396183143e-03 1.4241436457e-02 0.0000000000e+00 0.0000000000e+00 0.0000000000e+00 0.0000000000e+00 0.0000000000e+00 0.0000000000e+00 0.0000000000e+00 0.0000000000e+00 0.0000000000e+00 0.0000000000e+00 0.0000000000e+00 
1.9780205786e-04 4.2608802540e-04 6.9681600268e-04 1.0287648000e-03 1.4532180060e-03 2.0264689371e-03 2.8610830125e-03 4.2196848762e-03 6.8901068893e-03 1.4811428571e-02 0.0000000000e+00 0.0000000000e+00 0.0000000000e+00 0.0000000000e+00 0.0000000000e+00 0.0000000000e+00 0.0000000000e+00 0.0000000000e+00 0.0000000000e+00 0.0000000000e+00 
1.7430873766e-04 3.7163520143e-04 6.0011280000e-04 8.7193080357e-04 1.2062315102e-03 1.6349045786e-03 2.2153345600e-03 3.0622697286e-03 4.4434285714e-03 7.1619257500e-03 1.5233253829e-02 0.0000000000e+00 0.0000000000e+00 0.0000000000e+00 0.0000000000e+00 0.0000000000e+00 0.0000000000e+00 0.0000000000e+00 0.0000000000e+00 0.0000000000e+00 
1.5484800060e-04 3.2733425455e-04 5.2315848214e-04 7.5054405079e-04 1.0218153616e-03 1.3563272816e-03 1.7863240083e-03 2.3698285714e-03 3.2228665875e-03 4.6161375238e-03 7.3616997536e-03 1.5519765943e-02 0.0000000000e+00 0.0000000000e+00 0.0000000000e+00 0.0000000000e+00 0.0000000000e+00 0.0000000000e+00 0.0000000000e+00 0.0000000000e+00 
1.3848756923e-04 2.9064360119e-04 4.6056112208e-04 6.5396183143e-04 8.7910101587e-04 1.1483511482e-03 1.4811428571e-03 1.9098468667e-03 2.4927142629e-03 3.3462271607e-03 4.7421507048e-03 7.4957410714e-03 1.5683201486e-02 0.0000000000e+00 0.0000000000e+00 0.0000000000e+00 0.0000000000e+00 0.0000000000e+00 0.0000000000e+00 0.0000000000e+00 
1.2456154337e-04 2.5980370989e-04 4.0872614464e-04 5.7541157403e-04 7.6556743214e-04 9.8742857143e-04 1.2533370062e-03 1.5826757224e-03 2.0077362964e-03 2.5866276571e-03 3.4355479911e-03 4.8256004571e-03 7.5700560464e-03 1.5735193600e-02 0.0000000000e+00 0.0000000000e+00 0.0000000000e+00 0.0000000000e+00 0.0000000000e+00 0.0000000000e+00 
1.1258160762e-04 2.3355779694e-04 3.6516503736e-04 5.1037828810e-04 6.7324675325e-04 8.5943109000e-04 1.0770987556e-03 1.3384908643e-03 1.6628320653e-03 2.0821502976e-03 2.6540802514e-03 3.4938720214e-03 4.8704170667e-03 7.5903520500e-03 1.5686785714e-02 0.0000000000e+00 0.0000000000e+00 0.0000000000e+00 0.0000000000e+00 0.0000000000e+00 
1.0218153616e-04 2.1098424381e-04 3.2810032806e-04 4.5573626374e-04 5.9682714583e-04 7.5536795844e-04 9.3694360500e-04 1.1496122921e-03 1.4054514509e-03 1.7234287347e-03 2.1351440131e-03 2.6974617600e-03 3.5240920232e-03 4.8803333333e-03 7.5620443393e-03 1.5548445257e-02 0.0000000000e+00 0.0000000000e+00 0.0000000000e+00 0.0000000000e+00 
9.3081284034e-05 1.9139185804e-04 2.9622857143e-04 4.0925290000e-04 5.3263125275e-04 6.6924543214e-04 8.2301789091e-04 9.9943214286e-04 1.2064001143e-03 1.4557800089e-03 1.7661952000e-03 2.1686720143e-03 2.7190428571e-03 3.5289540250e-03 4.8588891429e-03 7.4902629143e-03 1.5330077371e-02 0.0000000000e+00 0.0000000000e+00 0.0000000000e+00 
8.5063048016e-05 1.7425210084e-04 2.6857221562e-04 3.6929100190e-04 4.7803245153e-04 5.9691407473e-04 7.2875260417e-04 8.7738190130e-04 1.0481616064e-03 1.2488248889e-03 1.4909620098e-03 1.7927755102e-03 2.1845905869e-03 2.7209779200e-03 3.5110607411e-03 4.8094360381e-03 7.3798593750e-03 1.5041038629e-02 0.0000000000e+00 0.0000000000e+00 
7.7954887218e-05 1.5915390556e-04 2.4438375126e-04 3.3462271607e-04 4.3110460952e-04 5.3541007653e-04 6.4960006154e-04 7.7641600476e-04 9.1958923636e-04 1.0843360071e-03 1.2781825397e-03 1.5124088679e-03 1.8047302531e-03 2.1846600167e-03 2.7053077714e-03 3.4728750000e-03 4.7351417905e-03 7.2354137786e-03 1.4690150743e-02 0.0000000000e+00 
7.1619257500e-05 1.4577276391e-04 2.2308181071e-04 3.0430913613e-04 3.9040318080e-04 4.8256004571e-04 5.8231200357e-04 6.9165686154e-04 8.1325200536e-04 9.5071428571e-04 1.1090998364e-03 1.2957037714e-03 1.5214596545e-03 1.8035385143e-03 2.1705468750e-03 2.6739624229e-03 3.4167231732e-03 4.6389949714e-03 7.0612414964e-03 1.4285714286e-02 
//Sigma Espalhamento 5 g'g (g linha; g' coluna)
1.7874643989e-03 0.0000000000e+00 0.0000000000e+00 0.0000000000e+00 0.0000000000e+00 0.0000000000e+00 0.0000000000e+00 0.0000000000e+00 0.0000000000e+00 0.0000000000e+00 0.0000000000e+00 0.0000000000e+00 0.0000000000e+00 0.0000000000e+00 0.0000000000e+00 0.0000000000e+00 0.0000000000e+00 0.0000000000e+00 0.0000000000e+00 0.0000000000e+00 
8.6181650816e-04 3.3232767269e-03 0.0000000000e+00 0.0000000000e+00 0.0000000000e+00 0.0000000000e+00 0.0000000000e+00 0.0000000000e+00 0.0000000000e+00 0.0000000000e+00 0.0000000000e+00 0.0000000000e+00 0.0000000000e+00 0.0000000000e+00 0.0000000000e+00 0.0000000000e+00 0.0000000000e+00 0.0000000000e+00 0.0000000000e+00 0.0000000000e+00 
5.5387945448e-04 1.6014405134e-03 4.6290003669e-03 0.0000000000e+00 0.0000000000e+00 0.0000000000e+00 0.0000000000e+00 0.0000000000e+00 0.0000000000e+00 0.0000000000e+00 0.0000000000e+00 0.0000000000e+00 0.0000000000e+00 0.0000000000e+00 0.0000000000e+00 0.0000000000e+00 0.0000000000e+00 0.0000000000e+00 0.0000000000e+00 0.0000000000e+00 
4.0036012835e-04 1.0286667482e-03 2.2294176371e-03 5.7249489189e-03 0.0000000000e+00 0.0000000000e+00 0.0000000000e+00 0.0000000000e+00 0.0000000000e+00 0.0000000000e+00 0.0000000000e+00 0.0000000000e+00 0.0000000000e+00 0.0000000000e+00 0.0000000000e+00 0.0000000000e+00 0.0000000000e+00 0.0000000000e+00 0.0000000000e+00 0.0000000000e+00 
3.0860002446e-04 7.4313921237e-04 1.4312372297e-03 2.7556778322e-03 6.6302321429e-03 0.0000000000e+00 0.0000000000e+00 0.0000000000e+00 0.0000000000e+00 0.0000000000e+00 0.0000000000e+00 0.0000000000e+00 0.0000000000e+00 0.0000000000e+00 0.0000000000e+00 0.0000000000e+00 0.0000000000e+00 0.0000000000e+00 0.0000000000e+00 0.0000000000e+00 
2.4771307079e-04 5.7249489189e-04 1.0333791871e-03 1.7680619048e-03 3.1895581829e-03 7.3628010789e-03 0.0000000000e+00 0.0000000000e+00 0.0000000000e+00 0.0000000000e+00 0.0000000000e+00 0.0000000000e+00 0.0000000000e+00 0.0000000000e+00 0.0000000000e+00 0.0000000000e+00 0.0000000000e+00 0.0000000000e+00 0.0000000000e+00 0.0000000000e+00 
2.0446246139e-04 4.5927963870e-04 7.9562785714e-04 1.2758232732e-03 2.0452225219e-03 3.5398252936e-03 7.9394923440e-03 0.0000000000e+00 0.0000000000e+00 0.0000000000e+00 0.0000000000e+00 0.0000000000e+00 0.0000000000e+00 0.0000000000e+00 0.0000000000e+00 0.0000000000e+00 0.0000000000e+00 0.0000000000e+00 0.0000000000e+00 0.0000000000e+00 
1.7222986451e-04 3.7887040816e-04 6.3791163659e-04 9.8170681051e-04 1.4749272057e-03 2.2684263840e-03 3.8146972656e-03 8.3760716069e-03 0.0000000000e+00 0.0000000000e+00 0.0000000000e+00 0.0000000000e+00 0.0000000000e+00 0.0000000000e+00 0.0000000000e+00 0.0000000000e+00 0.0000000000e+00 0.0000000000e+00 0.0000000000e+00 0.0000000000e+00 
1.4733849206e-04 3.1895581829e-04 5.2591436278e-04 7.8662784302e-04 1.1342131920e-03 1.6348702567e-03 2.4430208853e-03 4.0218652633e-03 8.6872762389e-03 0.0000000000e+00 0.0000000000e+00 0.0000000000e+00 0.0000000000e+00 0.0000000000e+00 0.0000000000e+00 0.0000000000e+00 0.0000000000e+00 0.0000000000e+00 0.0000000000e+00 0.0000000000e+00 
1.2758232732e-04 2.7269633625e-04 4.4247816170e-04 6.4812182400e-04 9.0826125372e-04 1.2564107410e-03 1.7595660527e-03 2.5740077745e-03 4.1685146680e-03 8.8868571429e-03 0.0000000000e+00 0.0000000000e+00 0.0000000000e+00 0.0000000000e+00 0.0000000000e+00 0.0000000000e+00 0.0000000000e+00 0.0000000000e+00 0.0000000000e+00 0.0000000000e+00 
1.1155759210e-04 2.3598835291e-04 3.7807106400e-04 5.4495675223e-04 7.4786353633e-04 1.0054663158e-03 1.3513540816e-03 1.8526731858e-03 2.6660571429e-03 4.2613458212e-03 8.9876197589e-03 0.0000000000e+00 0.0000000000e+00 0.0000000000e+00 0.0000000000e+00 0.0000000000e+00 0.0000000000e+00 0.0000000000e+00 0.0000000000e+00 0.0000000000e+00 
9.8328480378e-05 2.0622058036e-04 3.2697405134e-04 4.6533731149e-04 6.2841644739e-04 8.2735964180e-04 1.0807260250e-03 1.4218971429e-03 1.9176056196e-03 2.7235211390e-03 4.3065943558e-03 9.0014642469e-03 0.0000000000e+00 0.0000000000e+00 0.0000000000e+00 0.0000000000e+00 0.0000000000e+00 0.0000000000e+00 0.0000000000e+00 0.0000000000e+00 
8.7247168615e-05 1.8165225074e-04 2.8554789569e-04 4.0218652633e-04 5.3625161968e-04 6.9475244467e-04 8.8868571429e-04 1.1363588857e-03 1.4707014151e-03 1.9575428890e-03 2.7504474088e-03 4.3100511161e-03 8.9394248469e-03 0.0000000000e+00 0.0000000000e+00 0.0000000000e+00 0.0000000000e+00 0.0000000000e+00 0.0000000000e+00 0.0000000000e+00 
7.7850964605e-05 1.6107830013e-04 2.5136657896e-04 3.5100106016e-04 4.6316829645e-04 5.9245714286e-04 7.4573551872e-04 9.3377867624e-04 1.1745257334e-03 1.5002440411e-03 1.9754400949e-03 2.7505922606e-03 4.2770816662e-03 8.8117084160e-03 0.0000000000e+00 0.0000000000e+00 0.0000000000e+00 0.0000000000e+00 0.0000000000e+00 0.0000000000e+00 
6.9800596724e-05 1.4363804512e-04 2.2275067279e-04 3.0877886430e-04 4.0394805195e-04 5.1136149855e-04 6.3548826578e-04 7.8301715561e-04 9.6444259788e-04 1.1972364211e-03 1.5128257433e-03 1.9740376921e-03 2.7274335573e-03 4.2126453877e-03 8.6277321429e-03 0.0000000000e+00 0.0000000000e+00 0.0000000000e+00 0.0000000000e+00 0.0000000000e+00 
6.2841644739e-05 1.2870038872e-04 1.9850069848e-04 2.7344175824e-04 3.5511215177e-04 4.4566709548e-04 5.4811200892e-04 6.6677512940e-04 8.0813458426e-04 9.8235437878e-04 1.2063563674e-03 1.5105785856e-03 1.9558710729e-03 2.6841833333e-03 4.1213141649e-03 8.3961604389e-03 0.0000000000e+00 0.0000000000e+00 0.0000000000e+00 0.0000000000e+00 
5.6779583261e-05 1.1579207411e-04 1.7773714286e-04 2.4350547550e-04 3.1425243912e-04 3.9150857780e-04 4.7735037673e-04 5.7467348214e-04 6.8764806514e-04 8.2251570504e-04 9.8906931200e-04 1.2036129679e-03 1.4954735714e-03 1.9232799436e-03 2.6238001371e-03 4.0072906591e-03 8.1249410069e-03 0.0000000000e+00 0.0000000000e+00 0.0000000000e+00 
5.1463144050e-05 1.0455126050e-04 1.5980046830e-04 2.1788169112e-04 2.7964898415e-04 3.4621016334e-04 4.1903274740e-04 5.0010768374e-04 5.9221130763e-04 6.9934193778e-04 8.2748391545e-04 9.8602653061e-04 1.1906018699e-03 1.4693280768e-03 1.8784174965e-03 2.5490011002e-03 3.8744261719e-03 7.8213400869e-03 0.0000000000e+00 0.0000000000e+00 
4.6772932331e-05 9.4696573806e-05 1.4418641324e-04 1.9575428890e-04 2.5004067352e-04 3.0786079401e-04 3.7027203508e-04 4.3867504269e-04 5.1496997236e-04 6.0180648396e-04 7.0300039683e-04 8.2426283298e-04 9.7455433665e-04 1.1687931089e-03 1.4338131189e-03 1.8232593750e-03 2.4622737310e-03 3.7262380960e-03 7.4919768789e-03 0.0000000000e+00 
4.2613458212e-05 8.6005930707e-05 1.3050285927e-04 1.7649929896e-04 2.2448182896e-04 2.7505922606e-04 3.2900628202e-04 3.8732784246e-04 4.5135486297e-04 5.2289285714e-04 6.0445941085e-04 6.9968003657e-04 8.1398091514e-04 9.5587541257e-04 1.1395371094e-03 1.3904604599e-03 1.7596124342e-03 2.3658874354e-03 3.5659269557e-03 7.1428571429e-03 
//Sigma Espalhamento 6 g'g (g linha; g' coluna)
1.2333504352e-03 0.0000000000e+00 0.0000000000e+00 0.0000000000e+00 0.0000000000e+00 0.0000000000e+00 0.0000000000e+00 0.0000000000e+00 0.0000000000e+00 0.0000000000e+00 0.0000000000e+00 0.0000000000e+00 0.0000000000e+00 0.0000000000e+00 0.0000000000e+00 0.0000000000e+00 0.0000000000e+00 0.0000000000e+00 0.0000000000e+00 0.0000000000e+00 
5.9034430809e-04 2.2598281743e-03 0.0000000000e+00 0.0000000000e+00 0.0000000000e+00 0.0000000000e+00 0.0000000000e+00 0.0000000000e+00 0.0000000000e+00 0.0000000000e+00 0.0000000000e+00 0.0000000000e+00 0.0000000000e+00 0.0000000000e+00 0.0000000000e+00 0.0000000000e+00 0.0000000000e+00 0.0000000000e+00 0.0000000000e+00 0.0000000000e+00 
3.7663802904e-04 1.0809723465e-03 3.1014302458e-03 0.0000000000e+00 0.0000000000e+00 0.0000000000e+00 0.0000000000e+00 0.0000000000e+00 0.0000000000e+00 0.0000000000e+00 0.0000000000e+00 0.0000000000e+00 0.0000000000e+00 0.0000000000e+00 0.0000000000e+00 0.0000000000e+00 0.0000000000e+00 0.0000000000e+00 0.0000000000e+00 0.0000000000e+00 
2.7024308664e-04 6.8920672129e-04 1.4825627287e-03 3.7784662864e-03 0.0000000000e+00 0.0000000000e+00 0.0000000000e+00 0.0000000000e+00 0.0000000000e+00 0.0000000000e+00 0.0000000000e+00 0.0000000000e+00 0.0000000000e+00 0.0000000000e+00 0.0000000000e+00 0.0000000000e+00 0.0000000000e+00 0.0000000000e+00 0.0000000000e+00 0.0000000000e+00 
2.0676201639e-04 4.9418757623e-04 9.4461657161e-04 1.8049689801e-03 4.3096508929e-03 0.0000000000e+00 0.0000000000e+00 0.0000000000e+00 0.0000000000e+00 0.0000000000e+00 0.0000000000e+00 0.0000000000e+00 0.0000000000e+00 0.0000000000e+00 0.0000000000e+00 0.0000000000e+00 0.0000000000e+00 0.0000000000e+00 0.0000000000e+00 0.0000000000e+00 
1.6472919208e-04 3.7784662864e-04 6.7686336754e-04 1.1492402381e-03 2.0572650280e-03 4.7121926905e-03 0.0000000000e+00 0.0000000000e+00 0.0000000000e+00 0.0000000000e+00 0.0000000000e+00 0.0000000000e+00 0.0000000000e+00 0.0000000000e+00 0.0000000000e+00 0.0000000000e+00 0.0000000000e+00 0.0000000000e+00 0.0000000000e+00 0.0000000000e+00 
1.3494522452e-04 3.0082816335e-04 5.1715810714e-04 8.2290601120e-04 1.3089424140e-03 2.2477890614e-03 5.0018801767e-03 0.0000000000e+00 0.0000000000e+00 0.0000000000e+00 0.0000000000e+00 0.0000000000e+00 0.0000000000e+00 0.0000000000e+00 0.0000000000e+00 0.0000000000e+00 0.0000000000e+00 0.0000000000e+00 0.0000000000e+00 0.0000000000e+00 
1.1281056126e-04 2.4626576531e-04 4.1145300560e-04 6.2829235873e-04 9.3657877560e-04 1.4291086219e-03 2.3841857910e-03 5.1931643963e-03 0.0000000000e+00 0.0000000000e+00 0.0000000000e+00 0.0000000000e+00 0.0000000000e+00 0.0000000000e+00 0.0000000000e+00 0.0000000000e+00 0.0000000000e+00 0.0000000000e+00 0.0000000000e+00 0.0000000000e+00 
9.5770019841e-05 2.0572650280e-04 3.3658519218e-04 4.9950868032e-04 7.1455431096e-04 1.0217939104e-03 1.5146729489e-03 2.4734471369e-03 5.2992385057e-03 0.0000000000e+00 0.0000000000e+00 0.0000000000e+00 0.0000000000e+00 0.0000000000e+00 0.0000000000e+00 0.0000000000e+00 0.0000000000e+00 0.0000000000e+00 0.0000000000e+00 0.0000000000e+00 
8.2290601120e-05 1.7452565520e-04 2.8097363268e-04 4.0831674912e-04 5.6766328358e-04 7.7897465944e-04 1.0821331224e-03 1.5701447424e-03 2.5219513742e-03 5.3321142857e-03 0.0000000000e+00 0.0000000000e+00 0.0000000000e+00 0.0000000000e+00 0.0000000000e+00 0.0000000000e+00 0.0000000000e+00 0.0000000000e+00 0.0000000000e+00 0.0000000000e+00 
7.1396858946e-05 1.4985260410e-04 2.3818477032e-04 3.4059797015e-04 4.6367539252e-04 6.1836178423e-04 8.2432598978e-04 1.1208672774e-03 1.5996342857e-03 2.5355007636e-03 5.3026956577e-03 0.0000000000e+00 0.0000000000e+00 0.0000000000e+00 0.0000000000e+00 0.0000000000e+00 0.0000000000e+00 0.0000000000e+00 0.0000000000e+00 0.0000000000e+00 
6.2438585040e-05 1.2991896563e-04 2.0435878209e-04 2.8850913313e-04 3.8647611514e-04 5.0468938150e-04 6.5383924515e-04 8.5313828571e-04 1.1409753436e-03 1.6068774720e-03 2.5193576982e-03 5.2208492632e-03 0.0000000000e+00 0.0000000000e+00 0.0000000000e+00 0.0000000000e+00 0.0000000000e+00 0.0000000000e+00 0.0000000000e+00 0.0000000000e+00 
5.4965716228e-05 1.1353265672e-04 1.7703969533e-04 2.4734471369e-04 3.2711348801e-04 4.2032522903e-04 5.3321142857e-04 6.7613353697e-04 8.6771383490e-04 1.1451625901e-03 1.5952594971e-03 2.4782793917e-03 5.0954721627e-03 0.0000000000e+00 0.0000000000e+00 0.0000000000e+00 0.0000000000e+00 0.0000000000e+00 0.0000000000e+00 0.0000000000e+00 
4.8656852878e-05 9.9868546082e-05 1.5459044606e-04 2.1411064670e-04 2.8021681935e-04 3.5547428571e-04 4.4371263364e-04 5.5092941898e-04 6.8709755405e-04 8.7014154386e-04 1.1358780545e-03 1.5678375885e-03 2.4165511414e-03 4.9345567130e-03 0.0000000000e+00 0.0000000000e+00 0.0000000000e+00 0.0000000000e+00 0.0000000000e+00 0.0000000000e+00 
4.3276369969e-05 8.8337397747e-05 1.3587791040e-04 1.8681121290e-04 2.4236883117e-04 3.0426009164e-04 3.7493807681e-04 4.5806503603e-04 5.5937670677e-04 6.8841094215e-04 8.6231067369e-04 1.1153312960e-03 1.5273627921e-03 2.3380181902e-03 4.7452526786e-03 0.0000000000e+00 0.0000000000e+00 0.0000000000e+00 0.0000000000e+00 0.0000000000e+00 
3.8647611514e-05 7.8507237122e-05 1.2009292258e-04 1.6406505495e-04 2.1129173030e-04 2.6294358633e-04 3.2064552522e-04 3.8672957505e-04 4.6467738595e-04 5.5994199590e-04 6.8159134758e-04 8.4592400794e-04 1.0855084455e-03 1.4763008333e-03 2.2461162199e-03 4.5339266370e-03 0.0000000000e+00 0.0000000000e+00 0.0000000000e+00 0.0000000000e+00 
3.4635545789e-05 7.0054204838e-05 1.0664228571e-04 1.4488575792e-04 1.8540893908e-04 2.2903251802e-04 2.7686321850e-04 3.3043725223e-04 3.9195939713e-04 4.6472137335e-04 5.5387881472e-04 6.6800519720e-04 8.2251046429e-04 1.0481875693e-03 1.4168520741e-03 2.1439005026e-03 4.3062187336e-03 0.0000000000e+00 0.0000000000e+00 0.0000000000e+00 
3.1135202150e-05 6.2730756303e-05 9.5081278637e-05 1.2855019776e-04 1.6359465573e-04 2.0080189474e-04 2.4094382975e-04 2.8506137973e-04 3.3459938881e-04 3.9163148516e-04 4.5925357308e-04 5.4231459184e-04 6.4887801908e-04 7.9343716147e-04 1.0049533606e-03 1.3509705831e-03 2.0340737402e-03 4.0670968452e-03 0.0000000000e+00 0.0000000000e+00 
2.8063759398e-05 5.6344461414e-05 8.5069983814e-05 1.1451625901e-04 1.4502359064e-04 1.7701995655e-04 2.1105505999e-04 2.4785139912e-04 2.8838318452e-04 3.3400259860e-04 3.8665021825e-04 4.4922324398e-04 5.2625934179e-04 6.2530431327e-04 7.5992095299e-04 9.5721117187e-04 1.2803823401e-03 1.9190126194e-03 3.8209082082e-03 0.0000000000e+00 
2.5355007636e-05 5.0743499117e-05 7.6344172672e-05 1.0236959340e-04 1.2907705165e-04 1.5678375885e-04 1.8588854934e-04 2.1690359178e-04 2.5050194895e-04 2.8759107143e-04 3.2943037892e-04 3.7782721975e-04 4.3547978960e-04 5.0661396866e-04 5.9825698242e-04 7.2303943914e-04 9.0620040362e-04 1.2066025921e-03 1.8007931126e-03 3.5714285714e-03 
//Sigma Espalhamento 7 g'g (g linha; g' coluna)
8.5101180030e-04 0.0000000000e+00 0.0000000000e+00 0.0000000000e+00 0.0000000000e+00 0.0000000000e+00 0.0000000000e+00 0.0000000000e+00 0.0000000000e+00 0.0000000000e+00 0.0000000000e+00 0.0000000000e+00 0.0000000000e+00 0.0000000000e+00 0.0000000000e+00 0.0000000000e+00 0.0000000000e+00 0.0000000000e+00 0.0000000000e+00 0.0000000000e+00 
4.0438585104e-04 1.5366831585e-03 0.0000000000e+00 0.0000000000e+00 0.0000000000e+00 0.0000000000e+00 0.0000000000e+00 0.0000000000e+00 0.0000000000e+00 0.0000000000e+00 0.0000000000e+00 0.0000000000e+00 0.0000000000e+00 0.0000000000e+00 0.0000000000e+00 0.0000000000e+00 0.0000000000e+00 0.0000000000e+00 0.0000000000e+00 0.0000000000e+00 
2.5611385975e-04 7.2965633391e-04 2.0779582647e-03 0.0000000000e+00 0.0000000000e+00 0.0000000000e+00 0.0000000000e+00 0.0000000000e+00 0.0000000000e+00 0.0000000000e+00 0.0000000000e+00 0.0000000000e+00 0.0000000000e+00 0.0000000000e+00 0.0000000000e+00 0.0000000000e+00 0.0000000000e+00 0.0000000000e+00 0.0000000000e+00 0.0000000000e+00 
1.8241408348e-04 4.6176850326e-04 9.8590421458e-04 2.4937877491e-03 0.0000000000e+00 0.0000000000e+00 0.0000000000e+00 0.0000000000e+00 0.0000000000e+00 0.0000000000e+00 0.0000000000e+00 0.0000000000e+00 0.0000000000e+00 0.0000000000e+00 0.0000000000e+00 0.0000000000e+00 0.0000000000e+00 0.0000000000e+00 0.0000000000e+00 0.0000000000e+00 
1.3853055098e-04 3.2863473819e-04 6.2344693726e-04 1.1822546820e-03 2.8012730804e-03 0.0000000000e+00 0.0000000000e+00 0.0000000000e+00 0.0000000000e+00 0.0000000000e+00 0.0000000000e+00 0.0000000000e+00 0.0000000000e+00 0.0000000000e+00 0.0000000000e+00 0.0000000000e+00 0.0000000000e+00 0.0000000000e+00 0.0000000000e+00 0.0000000000e+00 
1.0954491273e-04 2.4937877491e-04 4.4334550574e-04 7.4700615476e-04 1.3269359431e-03 3.0158033219e-03 0.0000000000e+00 0.0000000000e+00 0.0000000000e+00 0.0000000000e+00 0.0000000000e+00 0.0000000000e+00 0.0000000000e+00 0.0000000000e+00 0.0000000000e+00 0.0000000000e+00 0.0000000000e+00 0.0000000000e+00 0.0000000000e+00 0.0000000000e+00 
8.9063848181e-05 1.9704244699e-04 3.3615276964e-04 5.3077437722e-04 8.3772314497e-04 1.4273460540e-03 3.1511845113e-03 0.0000000000e+00 0.0000000000e+00 0.0000000000e+00 0.0000000000e+00 0.0000000000e+00 0.0000000000e+00 0.0000000000e+00 0.0000000000e+00 0.0000000000e+00 0.0000000000e+00 0.0000000000e+00 0.0000000000e+00 0.0000000000e+00 
7.3890917623e-05 1.6007274745e-04 2.6538718861e-04 4.0210710959e-04 5.9472752251e-04 9.0033843181e-04 1.4901161194e-03 3.2197619257e-03 0.0000000000e+00 0.0000000000e+00 0.0000000000e+00 0.0000000000e+00 0.0000000000e+00 0.0000000000e+00 0.0000000000e+00 0.0000000000e+00 0.0000000000e+00 0.0000000000e+00 0.0000000000e+00 0.0000000000e+00 
6.2250512897e-05 1.3269359431e-04 2.1541452299e-04 3.1718801200e-04 4.5016921590e-04 6.3862119402e-04 9.3909722832e-04 1.5211699892e-03 3.2325354885e-03 0.0000000000e+00 0.0000000000e+00 0.0000000000e+00 0.0000000000e+00 0.0000000000e+00 0.0000000000e+00 0.0000000000e+00 0.0000000000e+00 0.0000000000e+00 0.0000000000e+00 0.0000000000e+00 
5.3077437722e-05 1.1169641933e-04 1.7841825675e-04 2.5723955195e-04 3.5478955223e-04 4.8296428885e-04 6.6551187028e-04 9.5778829288e-04 1.5257805814e-03 3.1992685714e-03 0.0000000000e+00 0.0000000000e+00 0.0000000000e+00 0.0000000000e+00 0.0000000000e+00 0.0000000000e+00 0.0000000000e+00 0.0000000000e+00 0.0000000000e+00 0.0000000000e+00 
4.5693989726e-05 9.5156403601e-05 1.5005640530e-04 2.1287373134e-04 2.8747874336e-04 3.8029249730e-04 5.0283885376e-04 6.7812470283e-04 9.5978057143e-04 1.5086229544e-03 3.1285904381e-03 0.0000000000e+00 0.0000000000e+00 0.0000000000e+00 0.0000000000e+00 0.0000000000e+00 0.0000000000e+00 0.0000000000e+00 0.0000000000e+00 0.0000000000e+00 
3.9648501500e-05 8.1848948346e-05 1.2772423880e-04 1.7887566254e-04 2.3768281081e-04 3.0786052271e-04 3.9557274332e-04 5.1188297143e-04 6.7888032947e-04 9.4805770850e-04 1.4738242534e-03 3.0280925726e-03 0.0000000000e+00 0.0000000000e+00 0.0000000000e+00 0.0000000000e+00 0.0000000000e+00 0.0000000000e+00 0.0000000000e+00 0.0000000000e+00 
3.4628401223e-05 7.0957910447e-05 1.0976461110e-04 1.5211699892e-04 1.9953922768e-04 2.5429676356e-04 3.1992685714e-04 4.0229945450e-04 5.1195116259e-04 6.6992011519e-04 9.2525050831e-04 1.4250106503e-03 2.9044191327e-03 0.0000000000e+00 0.0000000000e+00 0.0000000000e+00 0.0000000000e+00 0.0000000000e+00 0.0000000000e+00 0.0000000000e+00 
3.0410533049e-05 6.1918498571e-05 9.5073124325e-05 1.3060749448e-04 1.6953117571e-04 2.1328457143e-04 2.6400901701e-04 3.2504835720e-04 4.0195206912e-04 5.0468209544e-04 6.5312988137e-04 8.9366742546e-04 1.3653513949e-03 2.7633517593e-03 0.0000000000e+00 0.0000000000e+00 0.0000000000e+00 0.0000000000e+00 0.0000000000e+00 0.0000000000e+00 
2.6831349381e-05 5.4327499615e-05 8.2885525346e-05 1.1302078380e-04 1.4542129870e-04 1.8103475452e-04 2.2121346532e-04 2.6796804608e-04 3.2443848993e-04 3.9583629174e-04 4.9151708400e-04 6.3016218226e-04 8.5532316358e-04 1.2976000956e-03 2.6098889732e-03 0.0000000000e+00 0.0000000000e+00 0.0000000000e+00 0.0000000000e+00 0.0000000000e+00 
2.3768281081e-05 4.7889414644e-05 7.2656218160e-05 9.8439032967e-05 1.2571857953e-04 1.5513671594e-04 1.8757763225e-04 2.2430315353e-04 2.6718949692e-04 3.1916693766e-04 3.8509911138e-04 4.7371744444e-04 6.0245718723e-04 8.1196545833e-04 1.2241333398e-03 2.4483203840e-03 0.0000000000e+00 0.0000000000e+00 0.0000000000e+00 0.0000000000e+00 
2.1127682931e-05 4.2382793927e-05 6.3985371429e-05 8.6207025964e-05 1.0939127406e-04 1.3398402304e-04 1.6058066673e-04 1.9000142003e-04 2.2341685636e-04 2.6256757594e-04 3.1017213624e-04 3.7074288445e-04 4.5238075536e-04 5.7126222526e-04 7.6510011999e-04 1.1469867689e-03 2.2822959288e-03 0.0000000000e+00 0.0000000000e+00 0.0000000000e+00 
1.8836797301e-05 3.7638453782e-05 5.6573360789e-05 7.5844616680e-05 9.5702873599e-05 1.1646509895e-04 1.3854270211e-04 1.6248498645e-04 1.8904865468e-04 2.1931363169e-04 2.5488573306e-04 2.9827302551e-04 3.5363852040e-04 4.2845606719e-04 5.3765004793e-04 7.1601440904e-04 1.0678887136e-03 2.1148903595e-03 0.0000000000e+00 0.0000000000e+00 
1.6838255639e-05 3.3524954542e-05 5.0191290450e-05 6.6992011519e-05 8.4113682573e-05 1.0178647502e-04 1.2030138420e-04 1.4003604050e-04 1.6149458333e-04 1.8537144222e-04 2.1265762004e-04 2.4482666797e-04 2.8418004457e-04 3.3453780760e-04 4.0275810509e-04 5.0253586523e-04 6.6579881688e-04 9.8829149900e-04 1.9486631862e-03 0.0000000000e+00 
1.5086229544e-05 2.9938664479e-05 4.4661341013e-05 5.9374364169e-05 7.4219304701e-05 8.9366742546e-05 1.0502703038e-04 1.2146601140e-04 1.3902858167e-04 1.5817508929e-04 1.7953955651e-04 2.0402669866e-04 2.3298168744e-04 2.6850540339e-04 3.1408491577e-04 3.7598050835e-04 4.6669320786e-04 6.1536732195e-04 9.0940052188e-04 1.7857142857e-03 
//Sigma Espalhamento 8 g'g (g linha; g' coluna)
5.8719814220e-04 0.0000000000e+00 0.0000000000e+00 0.0000000000e+00 0.0000000000e+00 0.0000000000e+00 0.0000000000e+00 0.0000000000e+00 0.0000000000e+00 0.0000000000e+00 0.0000000000e+00 0.0000000000e+00 0.0000000000e+00 0.0000000000e+00 0.0000000000e+00 0.0000000000e+00 0.0000000000e+00 0.0000000000e+00 0.0000000000e+00 0.0000000000e+00 
2.7700430796e-04 1.0449445478e-03 0.0000000000e+00 0.0000000000e+00 0.0000000000e+00 0.0000000000e+00 0.0000000000e+00 0.0000000000e+00 0.0000000000e+00 0.0000000000e+00 0.0000000000e+00 0.0000000000e+00 0.0000000000e+00 0.0000000000e+00 0.0000000000e+00 0.0000000000e+00 0.0000000000e+00 0.0000000000e+00 0.0000000000e+00 0.0000000000e+00 
1.7415742463e-04 4.9251802539e-04 1.3922320373e-03 0.0000000000e+00 0.0000000000e+00 0.0000000000e+00 0.0000000000e+00 0.0000000000e+00 0.0000000000e+00 0.0000000000e+00 0.0000000000e+00 0.0000000000e+00 0.0000000000e+00 0.0000000000e+00 0.0000000000e+00 0.0000000000e+00 0.0000000000e+00 0.0000000000e+00 0.0000000000e+00 0.0000000000e+00 
1.2312950635e-04 3.0938489719e-04 6.5562630269e-04 1.6458999144e-03 0.0000000000e+00 0.0000000000e+00 0.0000000000e+00 0.0000000000e+00 0.0000000000e+00 0.0000000000e+00 0.0000000000e+00 0.0000000000e+00 0.0000000000e+00 0.0000000000e+00 0.0000000000e+00 0.0000000000e+00 0.0000000000e+00 0.0000000000e+00 0.0000000000e+00 0.0000000000e+00 
9.2815469156e-05 2.1854210090e-04 4.1147497859e-04 7.7437681669e-04 1.8208275022e-03 0.0000000000e+00 0.0000000000e+00 0.0000000000e+00 0.0000000000e+00 0.0000000000e+00 0.0000000000e+00 0.0000000000e+00 0.0000000000e+00 0.0000000000e+00 0.0000000000e+00 0.0000000000e+00 0.0000000000e+00 0.0000000000e+00 0.0000000000e+00 0.0000000000e+00 
7.2847366966e-05 1.6458999144e-04 2.9039130626e-04 4.8555400060e-04 8.5587368327e-04 1.9301141260e-03 0.0000000000e+00 0.0000000000e+00 0.0000000000e+00 0.0000000000e+00 0.0000000000e+00 0.0000000000e+00 0.0000000000e+00 0.0000000000e+00 0.0000000000e+00 0.0000000000e+00 0.0000000000e+00 0.0000000000e+00 0.0000000000e+00 0.0000000000e+00 
5.8782139799e-05 1.2906280278e-04 2.1849930027e-04 3.4234947331e-04 5.3614281278e-04 9.0636474430e-04 1.9852462421e-03 0.0000000000e+00 0.0000000000e+00 0.0000000000e+00 0.0000000000e+00 0.0000000000e+00 0.0000000000e+00 0.0000000000e+00 0.0000000000e+00 0.0000000000e+00 0.0000000000e+00 0.0000000000e+00 0.0000000000e+00 0.0000000000e+00 
4.8398551043e-05 1.0404728584e-04 1.7117473665e-04 2.5734855014e-04 3.7765197679e-04 5.6721321204e-04 9.3132257462e-04 1.9962523939e-03 0.0000000000e+00 0.0000000000e+00 0.0000000000e+00 0.0000000000e+00 0.0000000000e+00 0.0000000000e+00 0.0000000000e+00 0.0000000000e+00 0.0000000000e+00 0.0000000000e+00 0.0000000000e+00 0.0000000000e+00 
4.0462833383e-05 8.5587368327e-05 1.3786529472e-04 2.0141438762e-04 2.8360660602e-04 3.9913824626e-04 5.8224028156e-04 9.3551954336e-04 1.9718466480e-03 0.0000000000e+00 0.0000000000e+00 0.0000000000e+00 0.0000000000e+00 0.0000000000e+00 0.0000000000e+00 0.0000000000e+00 0.0000000000e+00 0.0000000000e+00 0.0000000000e+00 0.0000000000e+00 
3.4234947331e-05 7.1485708371e-05 1.1329559304e-04 1.6206091773e-04 2.2174347015e-04 2.9943785909e-04 4.0928980022e-04 5.8425085866e-04 9.2309725172e-04 1.9195611429e-03 0.0000000000e+00 0.0000000000e+00 0.0000000000e+00 0.0000000000e+00 0.0000000000e+00 0.0000000000e+00 0.0000000000e+00 0.0000000000e+00 0.0000000000e+00 0.0000000000e+00 
2.9244153424e-05 6.0424316287e-05 9.4535535340e-05 1.3304608209e-04 1.7823682089e-04 2.3387988584e-04 3.0673170080e-04 4.1026544521e-04 5.7586834286e-04 8.9763065785e-04 1.8458683585e-03 0.0000000000e+00 0.0000000000e+00 0.0000000000e+00 0.0000000000e+00 0.0000000000e+00 0.0000000000e+00 0.0000000000e+00 0.0000000000e+00 0.0000000000e+00 
2.5176798453e-05 5.1564837458e-05 7.9827649253e-05 1.1090291077e-04 1.4617492865e-04 1.8779491885e-04 2.3932150971e-04 3.0712978286e-04 4.0393379603e-04 5.5935404802e-04 8.6218718825e-04 1.7562936921e-03 0.0000000000e+00 0.0000000000e+00 0.0000000000e+00 0.0000000000e+00 0.0000000000e+00 0.0000000000e+00 0.0000000000e+00 0.0000000000e+00 
2.1815892771e-05 4.4348694029e-05 6.8054058884e-05 9.3551954336e-05 1.2171892889e-04 1.5384954195e-04 1.9195611429e-04 2.3936817543e-04 3.0205118593e-04 3.9190326739e-04 5.3664529482e-04 8.1938112389e-04 1.6555189057e-03 0.0000000000e+00 0.0000000000e+00 0.0000000000e+00 0.0000000000e+00 0.0000000000e+00 0.0000000000e+00 0.0000000000e+00 
1.9006583155e-05 3.8389469114e-05 5.8469971460e-05 7.9670571635e-05 1.0256636130e-04 1.2797074286e-04 1.5708536512e-04 1.9177853075e-04 2.3514196043e-04 2.9271561536e-04 3.7554968178e-04 5.0939043251e-04 7.7142353812e-04 1.5474769852e-03 0.0000000000e+00 0.0000000000e+00 0.0000000000e+00 0.0000000000e+00 0.0000000000e+00 0.0000000000e+00 
1.6635436616e-05 3.3411412263e-05 5.0560170461e-05 6.8377574202e-05 8.7252779221e-05 1.0771567894e-04 1.3051594454e-04 1.5676130696e-04 1.8817432416e-04 2.2760586775e-04 2.8016473788e-04 3.5604163298e-04 4.7898097160e-04 7.2016805304e-04 1.4354389353e-03 0.0000000000e+00 0.0000000000e+00 0.0000000000e+00 0.0000000000e+00 0.0000000000e+00 
1.4617492865e-05 2.9212542933e-05 4.3957011987e-05 5.9063419780e-05 7.4802554821e-05 9.1530662403e-05 1.0973291487e-04 1.3009582905e-04 1.5363396073e-04 1.8192515447e-04 2.1758099793e-04 2.6528176889e-04 3.3436373891e-04 4.4658100208e-04 6.6715267021e-04 1.3220930073e-03 0.0000000000e+00 0.0000000000e+00 0.0000000000e+00 0.0000000000e+00 
1.2887886588e-05 2.5641590326e-05 3.8391222857e-05 5.1293180449e-05 6.4540851694e-05 7.8380653478e-05 9.3136786704e-05 1.0925081652e-04 1.2734760813e-04 1.4835068041e-04 1.7369639630e-04 2.0576230087e-04 2.4880941545e-04 3.1133791276e-04 4.1315406480e-04 6.1363792137e-04 1.2096168423e-03 0.0000000000e+00 0.0000000000e+00 0.0000000000e+00 
1.1396262367e-05 2.2583072269e-05 3.3661149669e-05 4.4748323841e-05 5.5986181056e-05 6.7549757390e-05 7.9662053712e-05 9.2616442275e-05 1.0681248989e-04 1.2281563374e-04 1.4146158185e-04 1.6405016403e-04 1.9273299362e-04 2.3136627629e-04 2.8764277564e-04 3.7948763679e-04 5.6064157465e-04 1.0997429869e-03 0.0000000000e+00 0.0000000000e+00 
1.0102953383e-05 1.9947347952e-05 2.9612861366e-05 3.9190326739e-05 4.8785935893e-05 5.8527223135e-05 6.8571788992e-05 7.9120362884e-05 9.0436966667e-05 1.0288115043e-04 1.1696169102e-04 1.3343053404e-04 1.5345722407e-04 1.7897772707e-04 2.1346179570e-04 2.6383132925e-04 3.4621538478e-04 5.0897012199e-04 9.9381822496e-04 0.0000000000e+00 
8.9763065785e-06 1.7663812043e-05 2.6126884493e-05 3.4437131218e-05 4.2676100203e-05 5.0939043251e-05 5.9340272163e-05 6.8020966382e-05 7.7160862825e-05 8.6996299107e-05 9.7849058297e-05 1.1017441728e-04 1.2464520278e-04 1.4230786380e-04 1.6489458078e-04 1.9550986434e-04 2.4034700205e-04 3.1383733420e-04 4.5924726355e-04 8.9285714286e-04 
//Sigma Espalhamento 9 g'g (g linha; g' coluna)
4.0516671812e-04 0.0000000000e+00 0.0000000000e+00 0.0000000000e+00 0.0000000000e+00 0.0000000000e+00 0.0000000000e+00 0.0000000000e+00 0.0000000000e+00 0.0000000000e+00 0.0000000000e+00 0.0000000000e+00 0.0000000000e+00 0.0000000000e+00 0.0000000000e+00 0.0000000000e+00 0.0000000000e+00 0.0000000000e+00 0.0000000000e+00 0.0000000000e+00 
1.8974795096e-04 7.1056229249e-04 0.0000000000e+00 0.0000000000e+00 0.0000000000e+00 0.0000000000e+00 0.0000000000e+00 0.0000000000e+00 0.0000000000e+00 0.0000000000e+00 0.0000000000e+00 0.0000000000e+00 0.0000000000e+00 0.0000000000e+00 0.0000000000e+00 0.0000000000e+00 0.0000000000e+00 0.0000000000e+00 0.0000000000e+00 0.0000000000e+00 
1.1842704875e-04 3.3244966714e-04 9.3279546502e-04 0.0000000000e+00 0.0000000000e+00 0.0000000000e+00 0.0000000000e+00 0.0000000000e+00 0.0000000000e+00 0.0000000000e+00 0.0000000000e+00 0.0000000000e+00 0.0000000000e+00 0.0000000000e+00 0.0000000000e+00 0.0000000000e+00 0.0000000000e+00 0.0000000000e+00 0.0000000000e+00 0.0000000000e+00 
8.3112416785e-05 2.0728788111e-04 4.3599149129e-04 1.0862939435e-03 0.0000000000e+00 0.0000000000e+00 0.0000000000e+00 0.0000000000e+00 0.0000000000e+00 0.0000000000e+00 0.0000000000e+00 0.0000000000e+00 0.0000000000e+00 0.0000000000e+00 0.0000000000e+00 0.0000000000e+00 0.0000000000e+00 0.0000000000e+00 0.0000000000e+00 0.0000000000e+00 
6.2186364334e-05 1.4533049710e-04 2.7157348587e-04 5.0721681493e-04 1.1835378765e-03 0.0000000000e+00 0.0000000000e+00 0.0000000000e+00 0.0000000000e+00 0.0000000000e+00 0.0000000000e+00 0.0000000000e+00 0.0000000000e+00 0.0000000000e+00 0.0000000000e+00 0.0000000000e+00 0.0000000000e+00 0.0000000000e+00 0.0000000000e+00 0.0000000000e+00 
4.8443499032e-05 1.0862939435e-04 1.9020630560e-04 3.1561010039e-04 5.5203852571e-04 1.2352730407e-03 0.0000000000e+00 0.0000000000e+00 0.0000000000e+00 0.0000000000e+00 0.0000000000e+00 0.0000000000e+00 0.0000000000e+00 0.0000000000e+00 0.0000000000e+00 0.0000000000e+00 0.0000000000e+00 0.0000000000e+00 0.0000000000e+00 0.0000000000e+00 
3.8796212267e-05 8.4536135822e-05 1.4202454517e-04 2.2081541028e-04 3.4313140018e-04 5.7554161263e-04 1.2507051325e-03 0.0000000000e+00 0.0000000000e+00 0.0000000000e+00 0.0000000000e+00 0.0000000000e+00 0.0000000000e+00 0.0000000000e+00 0.0000000000e+00 0.0000000000e+00 0.0000000000e+00 0.0000000000e+00 0.0000000000e+00 0.0000000000e+00 
3.1701050933e-05 6.7630735797e-05 1.1040770514e-04 1.6470307209e-04 2.3980900526e-04 3.5734432359e-04 5.8207660913e-04 1.2376764842e-03 0.0000000000e+00 0.0000000000e+00 0.0000000000e+00 0.0000000000e+00 0.0000000000e+00 0.0000000000e+00 0.0000000000e+00 0.0000000000e+00 0.0000000000e+00 0.0000000000e+00 0.0000000000e+00 0.0000000000e+00 
2.6300841699e-05 5.5203852571e-05 8.8233788618e-05 1.2789813614e-04 1.7867216179e-04 2.4946140391e-04 3.6098897457e-04 5.7534451917e-04 1.2028264553e-03 0.0000000000e+00 0.0000000000e+00 0.0000000000e+00 0.0000000000e+00 0.0000000000e+00 0.0000000000e+00 0.0000000000e+00 0.0000000000e+00 0.0000000000e+00 0.0000000000e+00 0.0000000000e+00 
2.2081541028e-05 4.5750853357e-05 7.1942701579e-05 1.0209837817e-04 1.3858966884e-04 1.8565147263e-04 2.5171322714e-04 3.5639302378e-04 5.5847383729e-04 1.1517366857e-03 0.0000000000e+00 0.0000000000e+00 0.0000000000e+00 0.0000000000e+00 0.0000000000e+00 0.0000000000e+00 0.0000000000e+00 0.0000000000e+00 0.0000000000e+00 0.0000000000e+00 
1.8716258192e-05 3.8369440842e-05 5.9557387264e-05 8.3153801305e-05 1.1050682895e-04 1.4383612979e-04 1.8710633749e-04 2.4821059435e-04 3.4552100571e-04 5.3409024142e-04 1.0890623315e-03 0.0000000000e+00 0.0000000000e+00 0.0000000000e+00 0.0000000000e+00 0.0000000000e+00 0.0000000000e+00 0.0000000000e+00 0.0000000000e+00 0.0000000000e+00 
1.5987267018e-05 3.2485847599e-05 4.9892280783e-05 6.8759804679e-05 8.9897581120e-05 1.1455490050e-04 1.4478951337e-04 1.8427786971e-04 2.4034060864e-04 3.3001888833e-04 5.0437950513e-04 1.0186503414e-03 0.0000000000e+00 0.0000000000e+00 0.0000000000e+00 0.0000000000e+00 0.0000000000e+00 0.0000000000e+00 0.0000000000e+00 0.0000000000e+00 
1.3744012446e-05 2.7717933768e-05 4.2193516508e-05 5.7534451917e-05 7.4248546621e-05 9.3078972882e-05 1.1517366857e-04 1.4242406438e-04 1.7821019970e-04 2.2926341142e-04 3.1125427099e-04 4.7114414624e-04 9.4364577623e-04 0.0000000000e+00 0.0000000000e+00 0.0000000000e+00 0.0000000000e+00 0.0000000000e+00 0.0000000000e+00 0.0000000000e+00 
1.1879114472e-05 2.3801470851e-05 3.5959032448e-05 4.8599048697e-05 6.2052648588e-05 7.6782445714e-05 9.3465792249e-05 1.1314933314e-04 1.3755804685e-04 1.6977505691e-04 2.1594106703e-04 2.9035254653e-04 4.3585429904e-04 8.6658711170e-04 0.0000000000e+00 0.0000000000e+00 0.0000000000e+00 0.0000000000e+00 0.0000000000e+00 0.0000000000e+00 
1.0313970702e-05 2.0548018542e-05 3.0841703981e-05 4.1368432392e-05 5.2351667532e-05 6.4090828970e-05 7.7004407277e-05 9.1705364569e-05 1.0914110801e-04 1.3087337396e-04 1.5969390059e-04 2.0116352263e-04 2.6822934410e-04 3.9969326944e-04 7.8949141440e-04 0.0000000000e+00 0.0000000000e+00 0.0000000000e+00 0.0000000000e+00 0.0000000000e+00 
8.9897581120e-06 1.7819651189e-05 2.6593992252e-05 3.5438051868e-05 4.4507520118e-05 5.4003090818e-05 6.4193755198e-05 7.5455580847e-05 8.8339527420e-05 1.0369733805e-04 1.2293326383e-04 1.4855779058e-04 1.8557187510e-04 2.4561955115e-04 3.6359820526e-04 7.1393022397e-04 0.0000000000e+00 0.0000000000e+00 0.0000000000e+00 0.0000000000e+00 
7.8616108187e-06 1.5513162147e-05 2.3034733714e-05 3.0519442367e-05 3.8079102500e-05 4.5852682284e-05 5.4019336288e-05 6.2819219499e-05 7.2588136633e-05 8.3818134430e-05 9.7269981926e-05 1.1419807698e-04 1.3684517850e-04 1.6967916246e-04 2.2310319499e-04 3.2829628793e-04 6.4109692641e-04 0.0000000000e+00 0.0000000000e+00 0.0000000000e+00 
6.8947387320e-06 1.3549843361e-05 2.0028384053e-05 2.6401511066e-05 3.2751915917e-05 3.9178859286e-05 4.5805680884e-05 5.2791372097e-05 6.0349056790e-05 6.8776754897e-05 7.8511177925e-05 9.0227590217e-05 1.0503948152e-04 1.2493778919e-04 1.5388888497e-04 2.0112844750e-04 2.9433682669e-04 5.7186635321e-04 0.0000000000e+00 0.0000000000e+00 
6.0617720301e-06 1.1868672032e-05 1.7471588206e-05 2.2926341142e-05 2.8295842818e-05 3.3653153303e-05 3.9085919725e-05 4.4703005030e-05 5.0644701333e-05 5.7099038491e-05 6.4328930062e-05 7.2719641053e-05 8.2866900996e-05 9.5753083980e-05 1.1313475172e-04 1.3851144786e-04 1.8003200008e-04 2.6211961282e-04 5.0684729473e-04 0.0000000000e+00 
5.3409024142e-06 1.0421649105e-05 1.5284227428e-05 1.9973536107e-05 2.4538757617e-05 2.9035254653e-05 3.3527253772e-05 3.8091741174e-05 4.2824278868e-05 4.7847964509e-05 5.3327736772e-05 5.9494185330e-05 6.6685183486e-05 7.5423167813e-05 8.6569654910e-05 1.0166512946e-04 1.2377870606e-04 1.6005704044e-04 2.3191986809e-04 4.4642857143e-04 
//Sigma Espalhamento 10 g'g (g linha; g' coluna)
2.7956503550e-04 0.0000000000e+00 0.0000000000e+00 0.0000000000e+00 0.0000000000e+00 0.0000000000e+00 0.0000000000e+00 0.0000000000e+00 0.0000000000e+00 0.0000000000e+00 0.0000000000e+00 0.0000000000e+00 0.0000000000e+00 0.0000000000e+00 0.0000000000e+00 0.0000000000e+00 0.0000000000e+00 0.0000000000e+00 0.0000000000e+00 0.0000000000e+00 
1.2997734640e-04 4.8318235889e-04 0.0000000000e+00 0.0000000000e+00 0.0000000000e+00 0.0000000000e+00 0.0000000000e+00 0.0000000000e+00 0.0000000000e+00 0.0000000000e+00 0.0000000000e+00 0.0000000000e+00 0.0000000000e+00 0.0000000000e+00 0.0000000000e+00 0.0000000000e+00 0.0000000000e+00 0.0000000000e+00 0.0000000000e+00 0.0000000000e+00 
8.0530393149e-05 2.2440352532e-04 6.2497296156e-04 0.0000000000e+00 0.0000000000e+00 0.0000000000e+00 0.0000000000e+00 0.0000000000e+00 0.0000000000e+00 0.0000000000e+00 0.0000000000e+00 0.0000000000e+00 0.0000000000e+00 0.0000000000e+00 0.0000000000e+00 0.0000000000e+00 0.0000000000e+00 0.0000000000e+00 0.0000000000e+00 0.0000000000e+00 
5.6100881330e-05 1.3888288035e-04 2.8993434171e-04 7.1695400270e-04 0.0000000000e+00 0.0000000000e+00 0.0000000000e+00 0.0000000000e+00 0.0000000000e+00 0.0000000000e+00 0.0000000000e+00 0.0000000000e+00 0.0000000000e+00 0.0000000000e+00 0.0000000000e+00 0.0000000000e+00 0.0000000000e+00 0.0000000000e+00 0.0000000000e+00 0.0000000000e+00 
4.1664864104e-05 9.6644780570e-05 1.7923850068e-04 3.3222701378e-04 7.6929961969e-04 0.0000000000e+00 0.0000000000e+00 0.0000000000e+00 0.0000000000e+00 0.0000000000e+00 0.0000000000e+00 0.0000000000e+00 0.0000000000e+00 0.0000000000e+00 0.0000000000e+00 0.0000000000e+00 0.0000000000e+00 0.0000000000e+00 0.0000000000e+00 0.0000000000e+00 
3.2214926857e-05 7.1695400270e-05 1.2458513017e-04 2.0514656525e-04 3.5606484908e-04 7.9057474602e-04 0.0000000000e+00 0.0000000000e+00 0.0000000000e+00 0.0000000000e+00 0.0000000000e+00 0.0000000000e+00 0.0000000000e+00 0.0000000000e+00 0.0000000000e+00 0.0000000000e+00 0.0000000000e+00 0.0000000000e+00 0.0000000000e+00 0.0000000000e+00 
2.5605500097e-05 5.5371168963e-05 9.2315954363e-05 1.4242593963e-04 2.1960409612e-04 3.6546892402e-04 7.8794423351e-04 0.0000000000e+00 0.0000000000e+00 0.0000000000e+00 0.0000000000e+00 0.0000000000e+00 0.0000000000e+00 0.0000000000e+00 0.0000000000e+00 0.0000000000e+00 0.0000000000e+00 0.0000000000e+00 0.0000000000e+00 0.0000000000e+00 
2.0764188361e-05 4.3959978268e-05 7.1212969817e-05 1.0540996614e-04 1.5227871834e-04 2.2512692386e-04 3.6379788071e-04 7.6735942022e-04 0.0000000000e+00 0.0000000000e+00 0.0000000000e+00 0.0000000000e+00 0.0000000000e+00 0.0000000000e+00 0.0000000000e+00 0.0000000000e+00 0.0000000000e+00 0.0000000000e+00 0.0000000000e+00 0.0000000000e+00 
1.7095547104e-05 3.5606484908e-05 5.6469624715e-05 8.1215316449e-05 1.1256346193e-04 1.5591337745e-04 2.2381316423e-04 3.5383687929e-04 7.3372413771e-04 0.0000000000e+00 0.0000000000e+00 0.0000000000e+00 0.0000000000e+00 0.0000000000e+00 0.0000000000e+00 0.0000000000e+00 0.0000000000e+00 0.0000000000e+00 0.0000000000e+00 0.0000000000e+00 
1.4242593963e-05 2.9280546149e-05 4.5683615503e-05 6.4321978245e-05 8.6618543026e-05 1.1510391303e-04 1.5480363469e-04 2.1739974451e-04 3.3787667156e-04 6.9104201143e-04 0.0000000000e+00 0.0000000000e+00 0.0000000000e+00 0.0000000000e+00 0.0000000000e+00 0.0000000000e+00 0.0000000000e+00 0.0000000000e+00 0.0000000000e+00 0.0000000000e+00 
1.1978405243e-05 2.4364594935e-05 3.7521153976e-05 5.1971125816e-05 6.8514233948e-05 8.8459219822e-05 1.1413486587e-04 1.5016740958e-04 2.0731260343e-04 3.1778369364e-04 6.4254677558e-04 0.0000000000e+00 0.0000000000e+00 0.0000000000e+00 0.0000000000e+00 0.0000000000e+00 0.0000000000e+00 0.0000000000e+00 0.0000000000e+00 0.0000000000e+00 
1.0151914556e-05 2.0466083987e-05 3.1182675489e-05 4.2631078901e-05 5.5287012389e-05 6.9878489306e-05 8.7597655590e-05 1.1056672183e-04 1.4300266214e-04 1.9471114411e-04 2.9506201050e-04 5.9081719803e-04 0.0000000000e+00 0.0000000000e+00 0.0000000000e+00 0.0000000000e+00 0.0000000000e+00 0.0000000000e+00 0.0000000000e+00 0.0000000000e+00 
8.6587278407e-06 1.7323708605e-05 2.6159980235e-05 3.5383687929e-05 4.5291613439e-05 5.6312778594e-05 6.9104201143e-05 8.4742318305e-05 1.0514401782e-04 1.3411909568e-04 1.8052747718e-04 2.7090788409e-04 5.3787809245e-04 0.0000000000e+00 0.0000000000e+00 0.0000000000e+00 0.0000000000e+00 0.0000000000e+00 0.0000000000e+00 0.0000000000e+00 
7.4244465451e-06 1.4756911927e-05 2.2114804956e-05 2.9645419705e-05 3.7541852396e-05 4.6069467429e-05 5.5612146388e-05 6.6758106554e-05 8.0471457409e-05 9.8469533006e-05 1.2416611354e-04 1.6550095152e-04 2.4625767896e-04 4.8528878255e-04 0.0000000000e+00 0.0000000000e+00 0.0000000000e+00 0.0000000000e+00 0.0000000000e+00 0.0000000000e+00 
6.3946618352e-06 1.2637031403e-05 1.8813439428e-05 2.5027901597e-05 3.1411000519e-05 3.8134043237e-05 4.5432600293e-05 5.3647638273e-05 6.3301842646e-05 7.5252190024e-05 9.1025523338e-05 1.1365739029e-04 1.5020843270e-04 2.2182976454e-04 4.3422027792e-04 0.0000000000e+00 0.0000000000e+00 0.0000000000e+00 0.0000000000e+00 0.0000000000e+00 
5.5287012389e-06 1.0869987225e-05 1.6089365312e-05 2.1262831121e-05 2.6481974470e-05 3.1861823582e-05 3.7553346791e-05 4.3764236891e-05 5.0795228266e-05 5.9107482687e-05 6.9457294065e-05 8.3192362724e-05 1.0299239068e-04 1.3509075313e-04 1.9816102187e-04 3.8552232094e-04 0.0000000000e+00 0.0000000000e+00 0.0000000000e+00 0.0000000000e+00 
4.7955825994e-06 9.3854630989e-06 1.3820840229e-05 1.8159068208e-05 2.2466670475e-05 2.6823819136e-05 3.1331215047e-05 3.6121051212e-05 4.1375237881e-05 4.7357245953e-05 5.4471189878e-05 6.3379932725e-05 7.5264848173e-05 9.2475143539e-05 1.2047572529e-04 1.7563851404e-04 3.3978137100e-04 0.0000000000e+00 0.0000000000e+00 0.0000000000e+00 
4.1713169329e-06 8.1299060168e-06 1.1916888512e-05 1.5576891529e-05 1.9159870812e-05 2.2723738386e-05 2.6338266509e-05 3.0091082095e-05 3.4097217086e-05 3.8514982742e-05 4.3573703748e-05 4.9625174619e-05 5.7246517429e-05 6.7466406165e-05 8.2330553458e-05 1.0659807718e-04 1.5452683401e-04 2.9737050367e-04 0.0000000000e+00 0.0000000000e+00 
3.6370632180e-06 7.0618598588e-06 1.0308237041e-05 1.3411909568e-05 1.6411588834e-05 1.9350563149e-05 2.2278974244e-05 2.5257197842e-05 2.8361032747e-05 3.1689966362e-05 3.5380911534e-05 3.9632204374e-05 4.4748126538e-05 5.1227899929e-05 5.9961418411e-05 7.2718510124e-05 9.3616640043e-05 1.3499160060e-04 2.5849212031e-04 0.0000000000e+00 
3.1778369364e-06 6.1487729720e-06 8.9412730455e-06 1.1584650942e-05 1.4109785630e-05 1.6550095152e-05 1.8942898381e-05 2.1331375057e-05 2.3767474772e-05 2.6316380480e-05 2.9063616541e-05 3.2126860078e-05 3.5676573165e-05 3.9974278941e-05 4.5449068827e-05 5.2865867319e-05 6.3746033618e-05 8.1629090625e-05 1.1711953339e-04 2.2321428571e-04 
///Zona 5
//Sigma Total g (g=1..20)
2.3911320998e-01 4.7822641996e-01 7.1733962995e-01 9.5645283993e-01 8.3689623494e-01 1.4346792599e+00 1.6737924699e+00 1.9129056799e+00 2.1520188898e+00 2.0324622848e+00 2.6302453098e+00 2.8693585198e+00 3.1084717298e+00 3.3475849397e+00 3.5866981497e+00 3.8258113597e+00 4.0649245697e+00 4.3040377797e+00 4.5431509897e+00 4.7822641996e+00 
//Sigma Espalhamento 0 g'g (g linha; g' coluna)
1.1904761905e-02 0.0000000000e+00 0.0000000000e+00 0.0000000000e+00 0.0000000000e+00 0.0000000000e+00 0.0000000000e+00 0.0000000000e+00 0.0000000000e+00 0.0000000000e+00 0.0000000000e+00 0.0000000000e+00 0.0000000000e+00 0.0000000000e+00 0.0000000000e+00 0.0000000000e+00 0.0000000000e+00 0.0000000000e+00 0.0000000000e+00 0.0000000000e+00 
5.9523809524e-03 2.3809523810e-02 0.0000000000e+00 0.0000000000e+00 0.0000000000e+00 0.0000000000e+00 0.0000000000e+00 0.0000000000e+00 0.0000000000e+00 0.0000000000e+00 0.0000000000e+00 0.0000000000e+00 0.0000000000e+00 0.0000000000e+00 0.0000000000e+00 0.0000000000e+00 0.0000000000e+00 0.0000000000e+00 0.0000000000e+00 0.0000000000e+00 
3.9682539683e-03 1.1904761905e-02 3.5714285714e-02 0.0000000000e+00 0.0000000000e+00 0.0000000000e+00 0.0000000000e+00 0.0000000000e+00 0.0000000000e+00 0.0000000000e+00 0.0000000000e+00 0.0000000000e+00 0.0000000000e+00 0.0000000000e+00 0.0000000000e+00 0.0000000000e+00 0.0000000000e+00 0.0000000000e+00 0.0000000000e+00 0.0000000000e+00 
2.9761904762e-03 7.9365079365e-03 1.7857142857e-02 4.7619047619e-02 0.0000000000e+00 0.0000000000e+00 0.0000000000e+00 0.0000000000e+00 0.0000000000e+00 0.0000000000e+00 0.0000000000e+00 0.0000000000e+00 0.0000000000e+00 0.0000000000e+00 0.0000000000e+00 0.0000000000e+00 0.0000000000e+00 0.0000000000e+00 0.0000000000e+00 0.0000000000e+00 
2.3809523810e-03 5.9523809524e-03 1.1904761905e-02 2.3809523810e-02 5.9523809524e-02 0.0000000000e+00 0.0000000000e+00 0.0000000000e+00 0.0000000000e+00 0.0000000000e+00 0.0000000000e+00 0.0000000000e+00 0.0000000000e+00 0.0000000000e+00 0.0000000000e+00 0.0000000000e+00 0.0000000000e+00 0.0000000000e+00 0.0000000000e+00 0.0000000000e+00 
1.9841269841e-03 4.7619047619e-03 8.9285714286e-03 1.5873015873e-02 2.9761904762e-02 7.1428571429e-02 0.0000000000e+00 0.0000000000e+00 0.0000000000e+00 0.0000000000e+00 0.0000000000e+00 0.0000000000e+00 0.0000000000e+00 0.0000000000e+00 0.0000000000e+00 0.0000000000e+00 0.0000000000e+00 0.0000000000e+00 0.0000000000e+00 0.0000000000e+00 
1.7006802721e-03 3.9682539683e-03 7.1428571429e-03 1.1904761905e-02 1.9841269841e-02 3.5714285714e-02 8.3333333333e-02 0.0000000000e+00 0.0000000000e+00 0.0000000000e+00 0.0000000000e+00 0.0000000000e+00 0.0000000000e+00 0.0000000000e+00 0.0000000000e+00 0.0000000000e+00 0.0000000000e+00 0.0000000000e+00 0.0000000000e+00 0.0000000000e+00 
1.4880952381e-03 3.4013605442e-03 5.9523809524e-03 9.5238095238e-03 1.4880952381e-02 2.3809523810e-02 4.1666666667e-02 9.5238095238e-02 0.0000000000e+00 0.0000000000e+00 0.0000000000e+00 0.0000000000e+00 0.0000000000e+00 0.0000000000e+00 0.0000000000e+00 0.0000000000e+00 0.0000000000e+00 0.0000000000e+00 0.0000000000e+00 0.0000000000e+00 
1.3227513228e-03 2.9761904762e-03 5.1020408163e-03 7.9365079365e-03 1.1904761905e-02 1.7857142857e-02 2.7777777778e-02 4.7619047619e-02 1.0714285714e-01 0.0000000000e+00 0.0000000000e+00 0.0000000000e+00 0.0000000000e+00 0.0000000000e+00 0.0000000000e+00 0.0000000000e+00 0.0000000000e+00 0.0000000000e+00 0.0000000000e+00 0.0000000000e+00 
1.1904761905e-03 2.6455026455e-03 4.4642857143e-03 6.8027210884e-03 9.9206349206e-03 1.4285714286e-02 2.0833333333e-02 3.1746031746e-02 5.3571428571e-02 1.1904761905e-01 0.0000000000e+00 0.0000000000e+00 0.0000000000e+00 0.0000000000e+00 0.0000000000e+00 0.0000000000e+00 0.0000000000e+00 0.0000000000e+00 0.0000000000e+00 0.0000000000e+00 
1.0822510823e-03 2.3809523810e-03 3.9682539683e-03 5.9523809524e-03 8.5034013605e-03 1.1904761905e-02 1.6666666667e-02 2.3809523810e-02 3.5714285714e-02 5.9523809524e-02 1.3095238095e-01 0.0000000000e+00 0.0000000000e+00 0.0000000000e+00 0.0000000000e+00 0.0000000000e+00 0.0000000000e+00 0.0000000000e+00 0.0000000000e+00 0.0000000000e+00 
9.9206349206e-04 2.1645021645e-03 3.5714285714e-03 5.2910052910e-03 7.4404761905e-03 1.0204081633e-02 1.3888888889e-02 1.9047619048e-02 2.6785714286e-02 3.9682539683e-02 6.5476190476e-02 1.4285714286e-01 0.0000000000e+00 0.0000000000e+00 0.0000000000e+00 0.0000000000e+00 0.0000000000e+00 0.0000000000e+00 0.0000000000e+00 0.0000000000e+00 
9.1575091575e-04 1.9841269841e-03 3.2467532468e-03 4.7619047619e-03 6.6137566138e-03 8.9285714286e-03 1.1904761905e-02 1.5873015873e-02 2.1428571429e-02 2.9761904762e-02 4.3650793651e-02 7.1428571429e-02 1.5476190476e-01 0.0000000000e+00 0.0000000000e+00 0.0000000000e+00 0.0000000000e+00 0.0000000000e+00 0.0000000000e+00 0.0000000000e+00 
8.5034013605e-04 1.8315018315e-03 2.9761904762e-03 4.3290043290e-03 5.9523809524e-03 7.9365079365e-03 1.0416666667e-02 1.3605442177e-02 1.7857142857e-02 2.3809523810e-02 3.2738095238e-02 4.7619047619e-02 7.7380952381e-02 1.6666666667e-01 0.0000000000e+00 0.0000000000e+00 0.0000000000e+00 0.0000000000e+00 0.0000000000e+00 0.0000000000e+00 
7.9365079365e-04 1.7006802721e-03 2.7472527473e-03 3.9682539683e-03 5.4112554113e-03 7.1428571429e-03 9.2592592593e-03 1.1904761905e-02 1.5306122449e-02 1.9841269841e-02 2.6190476190e-02 3.5714285714e-02 5.1587301587e-02 8.3333333333e-02 1.7857142857e-01 0.0000000000e+00 0.0000000000e+00 0.0000000000e+00 0.0000000000e+00 0.0000000000e+00 
7.4404761905e-04 1.5873015873e-03 2.5510204082e-03 3.6630036630e-03 4.9603174603e-03 6.4935064935e-03 8.3333333333e-03 1.0582010582e-02 1.3392857143e-02 1.7006802721e-02 2.1825396825e-02 2.8571428571e-02 3.8690476190e-02 5.5555555556e-02 8.9285714286e-02 1.9047619048e-01 0.0000000000e+00 0.0000000000e+00 0.0000000000e+00 0.0000000000e+00 
7.0028011204e-04 1.4880952381e-03 2.3809523810e-03 3.4013605442e-03 4.5787545788e-03 5.9523809524e-03 7.5757575758e-03 9.5238095238e-03 1.1904761905e-02 1.4880952381e-02 1.8707482993e-02 2.3809523810e-02 3.0952380952e-02 4.1666666667e-02 5.9523809524e-02 9.5238095238e-02 2.0238095238e-01 0.0000000000e+00 0.0000000000e+00 0.0000000000e+00 
6.6137566138e-04 1.4005602241e-03 2.2321428571e-03 3.1746031746e-03 4.2517006803e-03 5.4945054945e-03 6.9444444444e-03 8.6580086580e-03 1.0714285714e-02 1.3227513228e-02 1.6369047619e-02 2.0408163265e-02 2.5793650794e-02 3.3333333333e-02 4.4642857143e-02 6.3492063492e-02 1.0119047619e-01 2.1428571429e-01 0.0000000000e+00 0.0000000000e+00 
6.2656641604e-04 1.3227513228e-03 2.1008403361e-03 2.9761904762e-03 3.9682539683e-03 5.1020408163e-03 6.4102564103e-03 7.9365079365e-03 9.7402597403e-03 1.1904761905e-02 1.4550264550e-02 1.7857142857e-02 2.2108843537e-02 2.7777777778e-02 3.5714285714e-02 4.7619047619e-02 6.7460317460e-02 1.0714285714e-01 2.2619047619e-01 0.0000000000e+00 
5.9523809524e-04 1.2531328321e-03 1.9841269841e-03 2.8011204482e-03 3.7202380952e-03 4.7619047619e-03 5.9523809524e-03 7.3260073260e-03 8.9285714286e-03 1.0822510823e-02 1.3095238095e-02 1.5873015873e-02 1.9345238095e-02 2.3809523810e-02 2.9761904762e-02 3.8095238095e-02 5.0595238095e-02 7.1428571429e-02 1.1309523810e-01 2.3809523810e-01 
//Sigma Espalhamento 1 g'g (g linha; g' coluna)
8.2142857143e-03 0.0000000000e+00 0.0000000000e+00 0.0000000000e+00 0.0000000000e+00 0.0000000000e+00 0.0000000000e+00 0.0000000000e+00 0.0000000000e+00 0.0000000000e+00 0.0000000000e+00 0.0000000000e+00 0.0000000000e+00 0.0000000000e+00 0.0000000000e+00 0.0000000000e+00 0.0000000000e+00 0.0000000000e+00 0.0000000000e+00 0.0000000000e+00 
4.0773809524e-03 1.6190476190e-02 0.0000000000e+00 0.0000000000e+00 0.0000000000e+00 0.0000000000e+00 0.0000000000e+00 0.0000000000e+00 0.0000000000e+00 0.0000000000e+00 0.0000000000e+00 0.0000000000e+00 0.0000000000e+00 0.0000000000e+00 0.0000000000e+00 0.0000000000e+00 0.0000000000e+00 0.0000000000e+00 0.0000000000e+00 0.0000000000e+00 
2.6984126984e-03 8.0357142857e-03 2.3928571429e-02 0.0000000000e+00 0.0000000000e+00 0.0000000000e+00 0.0000000000e+00 0.0000000000e+00 0.0000000000e+00 0.0000000000e+00 0.0000000000e+00 0.0000000000e+00 0.0000000000e+00 0.0000000000e+00 0.0000000000e+00 0.0000000000e+00 0.0000000000e+00 0.0000000000e+00 0.0000000000e+00 0.0000000000e+00 
2.0089285714e-03 5.3174603175e-03 1.1875000000e-02 3.1428571429e-02 0.0000000000e+00 0.0000000000e+00 0.0000000000e+00 0.0000000000e+00 0.0000000000e+00 0.0000000000e+00 0.0000000000e+00 0.0000000000e+00 0.0000000000e+00 0.0000000000e+00 0.0000000000e+00 0.0000000000e+00 0.0000000000e+00 0.0000000000e+00 0.0000000000e+00 0.0000000000e+00 
1.5952380952e-03 3.9583333333e-03 7.8571428571e-03 1.5595238095e-02 3.8690476190e-02 0.0000000000e+00 0.0000000000e+00 0.0000000000e+00 0.0000000000e+00 0.0000000000e+00 0.0000000000e+00 0.0000000000e+00 0.0000000000e+00 0.0000000000e+00 0.0000000000e+00 0.0000000000e+00 0.0000000000e+00 0.0000000000e+00 0.0000000000e+00 0.0000000000e+00 
1.3194444444e-03 3.1428571429e-03 5.8482142857e-03 1.0317460317e-02 1.9196428571e-02 4.5714285714e-02 0.0000000000e+00 0.0000000000e+00 0.0000000000e+00 0.0000000000e+00 0.0000000000e+00 0.0000000000e+00 0.0000000000e+00 0.0000000000e+00 0.0000000000e+00 0.0000000000e+00 0.0000000000e+00 0.0000000000e+00 0.0000000000e+00 0.0000000000e+00 
1.1224489796e-03 2.5992063492e-03 4.6428571429e-03 7.6785714286e-03 1.2698412698e-02 2.2678571429e-02 5.2500000000e-02 0.0000000000e+00 0.0000000000e+00 0.0000000000e+00 0.0000000000e+00 0.0000000000e+00 0.0000000000e+00 0.0000000000e+00 0.0000000000e+00 0.0000000000e+00 0.0000000000e+00 0.0000000000e+00 0.0000000000e+00 0.0000000000e+00 
9.7470238095e-04 2.2108843537e-03 3.8392857143e-03 6.0952380952e-03 9.4494047619e-03 1.5000000000e-02 2.6041666667e-02 5.9047619048e-02 0.0000000000e+00 0.0000000000e+00 0.0000000000e+00 0.0000000000e+00 0.0000000000e+00 0.0000000000e+00 0.0000000000e+00 0.0000000000e+00 0.0000000000e+00 0.0000000000e+00 0.0000000000e+00 0.0000000000e+00 
8.5978835979e-04 1.9196428571e-03 3.2653061224e-03 5.0396825397e-03 7.5000000000e-03 1.1160714286e-02 1.7222222222e-02 2.9285714286e-02 6.5357142857e-02 0.0000000000e+00 0.0000000000e+00 0.0000000000e+00 0.0000000000e+00 0.0000000000e+00 0.0000000000e+00 0.0000000000e+00 0.0000000000e+00 0.0000000000e+00 0.0000000000e+00 0.0000000000e+00 
7.6785714286e-04 1.6931216931e-03 2.8348214286e-03 4.2857142857e-03 6.2003968254e-03 8.8571428571e-03 1.2812500000e-02 1.9365079365e-02 3.2410714286e-02 7.1428571429e-02 0.0000000000e+00 0.0000000000e+00 0.0000000000e+00 0.0000000000e+00 0.0000000000e+00 0.0000000000e+00 0.0000000000e+00 0.0000000000e+00 0.0000000000e+00 0.0000000000e+00 
6.9264069264e-04 1.5119047619e-03 2.5000000000e-03 3.7202380952e-03 5.2721088435e-03 7.3214285714e-03 1.0166666667e-02 1.4404761905e-02 2.1428571429e-02 3.5416666667e-02 7.7261904762e-02 0.0000000000e+00 0.0000000000e+00 0.0000000000e+00 0.0000000000e+00 0.0000000000e+00 0.0000000000e+00 0.0000000000e+00 0.0000000000e+00 0.0000000000e+00 
6.2996031746e-04 1.3636363636e-03 2.2321428571e-03 3.2804232804e-03 4.5758928571e-03 6.2244897959e-03 8.4027777778e-03 1.1428571429e-02 1.5937500000e-02 2.3412698413e-02 3.8303571429e-02 8.2857142857e-02 0.0000000000e+00 0.0000000000e+00 0.0000000000e+00 0.0000000000e+00 0.0000000000e+00 0.0000000000e+00 0.0000000000e+00 0.0000000000e+00 
5.7692307692e-04 1.2400793651e-03 2.0129870130e-03 2.9285714286e-03 4.0343915344e-03 5.4017857143e-03 7.1428571429e-03 9.4444444444e-03 1.2642857143e-02 1.7410714286e-02 2.5317460317e-02 4.1071428571e-02 8.8214285714e-02 0.0000000000e+00 0.0000000000e+00 0.0000000000e+00 0.0000000000e+00 0.0000000000e+00 0.0000000000e+00 0.0000000000e+00 
5.3146258503e-04 1.1355311355e-03 1.8303571429e-03 2.6406926407e-03 3.6011904762e-03 4.7619047619e-03 6.1979166667e-03 8.0272108844e-03 1.0446428571e-02 1.3809523810e-02 1.8824404762e-02 2.7142857143e-02 4.3720238095e-02 9.3333333333e-02 0.0000000000e+00 0.0000000000e+00 0.0000000000e+00 0.0000000000e+00 0.0000000000e+00 0.0000000000e+00 
4.9206349206e-04 1.0459183673e-03 1.6758241758e-03 2.4007936508e-03 3.2467532468e-03 4.2500000000e-03 5.4629629630e-03 6.9642857143e-03 8.8775510204e-03 1.1408730159e-02 1.4928571429e-02 2.0178571429e-02 2.8888888889e-02 4.6250000000e-02 9.8214285714e-02 0.0000000000e+00 0.0000000000e+00 0.0000000000e+00 0.0000000000e+00 0.0000000000e+00 
4.5758928571e-04 9.6825396825e-04 1.5433673469e-03 2.1978021978e-03 2.9513888889e-03 3.8311688312e-03 4.8750000000e-03 6.1375661376e-03 7.7008928571e-03 9.6938775510e-03 1.2331349206e-02 1.6000000000e-02 2.1473214286e-02 3.0555555556e-02 4.8660714286e-02 1.0285714286e-01 0.0000000000e+00 0.0000000000e+00 0.0000000000e+00 0.0000000000e+00 
4.2717086835e-04 9.0029761905e-04 1.4285714286e-03 2.0238095238e-03 2.7014652015e-03 3.4821428571e-03 4.3939393939e-03 5.4761904762e-03 6.7857142857e-03 8.4077380952e-03 1.0476190476e-02 1.3214285714e-02 1.7023809524e-02 2.2708333333e-02 3.2142857143e-02 5.0952380952e-02 1.0726190476e-01 0.0000000000e+00 0.0000000000e+00 0.0000000000e+00 
4.0013227513e-04 8.4033613445e-04 1.3281250000e-03 1.8730158730e-03 2.4872448980e-03 3.1868131868e-03 3.9930555556e-03 4.9350649351e-03 6.0535714286e-03 7.4074074074e-03 9.0848214286e-03 1.1224489796e-02 1.4057539683e-02 1.8000000000e-02 2.3883928571e-02 3.3650793651e-02 5.3125000000e-02 1.1142857143e-01 0.0000000000e+00 0.0000000000e+00 
3.7593984962e-04 7.8703703704e-04 1.2394957983e-03 1.7410714286e-03 2.3015873016e-03 2.9336734694e-03 3.6538461538e-03 4.4841269841e-03 5.4545454545e-03 6.6071428571e-03 8.0026455026e-03 9.7321428571e-03 1.1938775510e-02 1.4861111111e-02 1.8928571429e-02 2.5000000000e-02 3.5079365079e-02 5.5178571429e-02 1.1535714286e-01 0.0000000000e+00 
3.5416666667e-04 7.3934837093e-04 1.1607142857e-03 1.6246498599e-03 2.1391369048e-03 2.7142857143e-03 3.3630952381e-03 4.1025641026e-03 4.9553571429e-03 5.9523809524e-03 7.1369047619e-03 8.5714285714e-03 1.0349702381e-02 1.2619047619e-02 1.5625000000e-02 1.9809523810e-02 2.6056547619e-02 3.6428571429e-02 5.7113095238e-02 1.1904761905e-01 
//Sigma Espalhamento 2 g'g (g linha; g' coluna)
5.6678571429e-03 0.0000000000e+00 0.0000000000e+00 0.0000000000e+00 0.0000000000e+00 0.0000000000e+00 0.0000000000e+00 0.0000000000e+00 0.0000000000e+00 0.0000000000e+00 0.0000000000e+00 0.0000000000e+00 0.0000000000e+00 0.0000000000e+00 0.0000000000e+00 0.0000000000e+00 0.0000000000e+00 0.0000000000e+00 0.0000000000e+00 0.0000000000e+00 
2.7930059524e-03 1.1009523810e-02 0.0000000000e+00 0.0000000000e+00 0.0000000000e+00 0.0000000000e+00 0.0000000000e+00 0.0000000000e+00 0.0000000000e+00 0.0000000000e+00 0.0000000000e+00 0.0000000000e+00 0.0000000000e+00 0.0000000000e+00 0.0000000000e+00 0.0000000000e+00 0.0000000000e+00 0.0000000000e+00 0.0000000000e+00 0.0000000000e+00 
1.8349206349e-03 5.4241071429e-03 1.6032142857e-02 0.0000000000e+00 0.0000000000e+00 0.0000000000e+00 0.0000000000e+00 0.0000000000e+00 0.0000000000e+00 0.0000000000e+00 0.0000000000e+00 0.0000000000e+00 0.0000000000e+00 0.0000000000e+00 0.0000000000e+00 0.0000000000e+00 0.0000000000e+00 0.0000000000e+00 0.0000000000e+00 0.0000000000e+00 
1.3560267857e-03 3.5626984127e-03 7.8968750000e-03 2.0742857143e-02 0.0000000000e+00 0.0000000000e+00 0.0000000000e+00 0.0000000000e+00 0.0000000000e+00 0.0000000000e+00 0.0000000000e+00 0.0000000000e+00 0.0000000000e+00 0.0000000000e+00 0.0000000000e+00 0.0000000000e+00 0.0000000000e+00 0.0000000000e+00 0.0000000000e+00 0.0000000000e+00 
1.0688095238e-03 2.6322916667e-03 5.1857142857e-03 1.0214880952e-02 2.5148809524e-02 0.0000000000e+00 0.0000000000e+00 0.0000000000e+00 0.0000000000e+00 0.0000000000e+00 0.0000000000e+00 0.0000000000e+00 0.0000000000e+00 0.0000000000e+00 0.0000000000e+00 0.0000000000e+00 0.0000000000e+00 0.0000000000e+00 0.0000000000e+00 0.0000000000e+00 
8.7743055556e-04 2.0742857143e-03 3.8305803571e-03 6.7063492063e-03 1.2381696429e-02 2.9257142857e-02 0.0000000000e+00 0.0000000000e+00 0.0000000000e+00 0.0000000000e+00 0.0000000000e+00 0.0000000000e+00 0.0000000000e+00 0.0000000000e+00 0.0000000000e+00 0.0000000000e+00 0.0000000000e+00 0.0000000000e+00 0.0000000000e+00 0.0000000000e+00 
7.4081632653e-04 1.7024801587e-03 3.0178571429e-03 4.9526785714e-03 8.1269841270e-03 1.4400892857e-02 3.3075000000e-02 0.0000000000e+00 0.0000000000e+00 0.0000000000e+00 0.0000000000e+00 0.0000000000e+00 0.0000000000e+00 0.0000000000e+00 0.0000000000e+00 0.0000000000e+00 0.0000000000e+00 0.0000000000e+00 0.0000000000e+00 0.0000000000e+00 
6.3843005952e-04 1.4370748299e-03 2.4763392857e-03 3.9009523810e-03 6.0003720238e-03 9.4500000000e-03 1.6276041667e-02 3.6609523810e-02 0.0000000000e+00 0.0000000000e+00 0.0000000000e+00 0.0000000000e+00 0.0000000000e+00 0.0000000000e+00 0.0000000000e+00 0.0000000000e+00 0.0000000000e+00 0.0000000000e+00 0.0000000000e+00 0.0000000000e+00 
5.5886243386e-04 1.2381696429e-03 2.0897959184e-03 3.2001984127e-03 4.7250000000e-03 6.9754464286e-03 1.0677777778e-02 1.8010714286e-02 3.9867857143e-02 0.0000000000e+00 0.0000000000e+00 0.0000000000e+00 0.0000000000e+00 0.0000000000e+00 0.0000000000e+00 0.0000000000e+00 0.0000000000e+00 0.0000000000e+00 0.0000000000e+00 0.0000000000e+00 
4.9526785714e-04 1.0835978836e-03 1.8001116071e-03 2.7000000000e-03 3.8752480159e-03 5.4914285714e-03 7.8796875000e-03 1.1812698413e-02 1.9608482143e-02 4.2857142857e-02 0.0000000000e+00 0.0000000000e+00 0.0000000000e+00 0.0000000000e+00 0.0000000000e+00 0.0000000000e+00 0.0000000000e+00 0.0000000000e+00 0.0000000000e+00 0.0000000000e+00 
4.4329004329e-04 9.6005952381e-04 1.5750000000e-03 2.3251488095e-03 3.2687074830e-03 4.5026785714e-03 6.2016666667e-03 8.7148809524e-03 1.2857142857e-02 2.1072916667e-02 4.5584523810e-02 0.0000000000e+00 0.0000000000e+00 0.0000000000e+00 0.0000000000e+00 0.0000000000e+00 0.0000000000e+00 0.0000000000e+00 0.0000000000e+00 0.0000000000e+00 
4.0002480159e-04 8.5909090909e-04 1.3950892857e-03 2.0338624339e-03 2.8141741071e-03 3.7969387755e-03 5.0836805556e-03 6.8571428571e-03 9.4828125000e-03 1.3813492063e-02 2.2407589286e-02 4.8057142857e-02 0.0000000000e+00 0.0000000000e+00 0.0000000000e+00 0.0000000000e+00 0.0000000000e+00 0.0000000000e+00 0.0000000000e+00 0.0000000000e+00 
3.6346153846e-04 7.7504960317e-04 1.2480519481e-03 1.8010714286e-03 2.4609788360e-03 3.2680803571e-03 4.2857142857e-03 5.6194444444e-03 7.4592857143e-03 1.0185267857e-02 1.4684126984e-02 2.3616071429e-02 5.0282142857e-02 0.0000000000e+00 0.0000000000e+00 0.0000000000e+00 0.0000000000e+00 0.0000000000e+00 0.0000000000e+00 0.0000000000e+00 
3.3216411565e-04 7.0402930403e-04 1.1256696429e-03 1.6108225108e-03 2.1787202381e-03 2.8571428571e-03 3.6877604167e-03 4.7360544218e-03 6.1111607143e-03 8.0095238095e-03 1.0824032738e-02 1.5471428571e-02 2.4701934524e-02 5.2266666667e-02 0.0000000000e+00 0.0000000000e+00 0.0000000000e+00 0.0000000000e+00 0.0000000000e+00 0.0000000000e+00 
3.0507936508e-04 6.4323979592e-04 1.0222527473e-03 1.4524801587e-03 1.9480519481e-03 2.5287500000e-03 3.2231481481e-03 4.0741071429e-03 5.1489795918e-03 6.5600198413e-03 8.5092857143e-03 1.1400892857e-02 1.6177777778e-02 2.5668750000e-02 5.4017857143e-02 0.0000000000e+00 0.0000000000e+00 0.0000000000e+00 0.0000000000e+00 0.0000000000e+00 
2.8141741071e-04 5.9063492063e-04 9.3373724490e-04 1.3186813187e-03 1.7560763889e-03 2.2603896104e-03 2.8518750000e-03 3.5597883598e-03 4.4280133929e-03 5.5255102041e-03 6.9672123016e-03 8.9600000000e-03 1.1917633929e-02 1.6805555556e-02 2.6520089286e-02 5.5542857143e-02 0.0000000000e+00 0.0000000000e+00 0.0000000000e+00 0.0000000000e+00 
2.6057422969e-04 5.4468005952e-04 8.5714285714e-04 1.2041666667e-03 1.5938644689e-03 2.0370535714e-03 2.5484848485e-03 3.1488095238e-03 3.8678571429e-03 4.7503720238e-03 5.8666666667e-03 7.3339285714e-03 9.3630952381e-03 1.2376041667e-02 1.7357142857e-02 2.7259523810e-02 5.6848809524e-02 0.0000000000e+00 0.0000000000e+00 0.0000000000e+00 
2.4208002646e-04 5.0420168067e-04 7.9023437500e-04 1.1050793651e-03 1.4550382653e-03 1.8483516484e-03 2.2960069444e-03 2.8129870130e-03 3.4202678571e-03 4.1481481481e-03 5.0420758929e-03 6.1734693878e-03 7.6613591270e-03 9.7200000000e-03 1.2777901786e-02 1.7834920635e-02 2.7890625000e-02 5.7942857143e-02 0.0000000000e+00 0.0000000000e+00 
2.2556390977e-04 4.6828703704e-04 7.3130252101e-04 1.0185267857e-03 1.3349206349e-03 1.6868622449e-03 2.0826923077e-03 2.5335317460e-03 3.0545454545e-03 3.6669642857e-03 4.4014550265e-03 5.3040178571e-03 6.4469387755e-03 7.9506944444e-03 1.0032142857e-02 1.3125000000e-02 1.8241269841e-02 2.8416964286e-02 5.8832142857e-02 0.0000000000e+00 
2.1072916667e-04 4.3621553885e-04 6.7901785714e-04 9.4229691877e-04 1.2300037202e-03 1.5471428571e-03 1.9001488095e-03 2.2974358974e-03 2.7502232143e-03 3.2738095238e-03 3.8896130952e-03 4.6285714286e-03 5.5370907738e-03 6.6880952381e-03 8.2031250000e-03 1.0300952381e-02 1.3419122024e-02 1.8578571429e-02 2.8842113095e-02 5.9523809524e-02 
//Sigma Espalhamento 3 g'g (g linha; g' coluna)
3.9108214286e-03 0.0000000000e+00 0.0000000000e+00 0.0000000000e+00 0.0000000000e+00 0.0000000000e+00 0.0000000000e+00 0.0000000000e+00 0.0000000000e+00 0.0000000000e+00 0.0000000000e+00 0.0000000000e+00 0.0000000000e+00 0.0000000000e+00 0.0000000000e+00 0.0000000000e+00 0.0000000000e+00 0.0000000000e+00 0.0000000000e+00 0.0000000000e+00 
1.9132090774e-03 7.4864761905e-03 0.0000000000e+00 0.0000000000e+00 0.0000000000e+00 0.0000000000e+00 0.0000000000e+00 0.0000000000e+00 0.0000000000e+00 0.0000000000e+00 0.0000000000e+00 0.0000000000e+00 0.0000000000e+00 0.0000000000e+00 0.0000000000e+00 0.0000000000e+00 0.0000000000e+00 0.0000000000e+00 0.0000000000e+00 0.0000000000e+00 
1.2477460317e-03 3.6612723214e-03 1.0741535714e-02 0.0000000000e+00 0.0000000000e+00 0.0000000000e+00 0.0000000000e+00 0.0000000000e+00 0.0000000000e+00 0.0000000000e+00 0.0000000000e+00 0.0000000000e+00 0.0000000000e+00 0.0000000000e+00 0.0000000000e+00 0.0000000000e+00 0.0000000000e+00 0.0000000000e+00 0.0000000000e+00 0.0000000000e+00 
9.1531808036e-04 2.3870079365e-03 5.2514218750e-03 1.3690285714e-02 0.0000000000e+00 0.0000000000e+00 0.0000000000e+00 0.0000000000e+00 0.0000000000e+00 0.0000000000e+00 0.0000000000e+00 0.0000000000e+00 0.0000000000e+00 0.0000000000e+00 0.0000000000e+00 0.0000000000e+00 0.0000000000e+00 0.0000000000e+00 0.0000000000e+00 0.0000000000e+00 
7.1610238095e-04 1.7504739583e-03 3.4225714286e-03 6.6907470238e-03 1.6346726190e-02 0.0000000000e+00 0.0000000000e+00 0.0000000000e+00 0.0000000000e+00 0.0000000000e+00 0.0000000000e+00 0.0000000000e+00 0.0000000000e+00 0.0000000000e+00 0.0000000000e+00 0.0000000000e+00 0.0000000000e+00 0.0000000000e+00 0.0000000000e+00 0.0000000000e+00 
5.8349131944e-04 1.3690285714e-03 2.5090301339e-03 4.3591269841e-03 7.9861941964e-03 1.8724571429e-02 0.0000000000e+00 0.0000000000e+00 0.0000000000e+00 0.0000000000e+00 0.0000000000e+00 0.0000000000e+00 0.0000000000e+00 0.0000000000e+00 0.0000000000e+00 0.0000000000e+00 0.0000000000e+00 0.0000000000e+00 0.0000000000e+00 0.0000000000e+00 
4.8893877551e-04 1.1151245040e-03 1.9616071429e-03 3.1944776786e-03 5.2012698413e-03 9.1445669643e-03 2.0837250000e-02 0.0000000000e+00 0.0000000000e+00 0.0000000000e+00 0.0000000000e+00 0.0000000000e+00 0.0000000000e+00 0.0000000000e+00 0.0000000000e+00 0.0000000000e+00 0.0000000000e+00 0.0000000000e+00 0.0000000000e+00 0.0000000000e+00 
4.1817168899e-04 9.3409863946e-04 1.5972388393e-03 2.4966095238e-03 3.8102362351e-03 5.9535000000e-03 1.0172526042e-02 2.2697904762e-02 0.0000000000e+00 0.0000000000e+00 0.0000000000e+00 0.0000000000e+00 0.0000000000e+00 0.0000000000e+00 0.0000000000e+00 0.0000000000e+00 0.0000000000e+00 0.0000000000e+00 0.0000000000e+00 0.0000000000e+00 
3.6326058201e-04 7.9861941964e-04 1.3374693878e-03 2.0321259921e-03 2.9767500000e-03 4.3596540179e-03 6.6202222222e-03 1.1076589286e-02 2.4319392857e-02 0.0000000000e+00 0.0000000000e+00 0.0000000000e+00 0.0000000000e+00 0.0000000000e+00 0.0000000000e+00 0.0000000000e+00 0.0000000000e+00 0.0000000000e+00 0.0000000000e+00 0.0000000000e+00 
3.1944776786e-04 6.9350264550e-04 1.1430708705e-03 1.7010000000e-03 2.4220300099e-03 3.4046857143e-03 4.8460078125e-03 7.2057460317e-03 1.1863131696e-02 2.5714285714e-02 0.0000000000e+00 0.0000000000e+00 0.0000000000e+00 0.0000000000e+00 0.0000000000e+00 0.0000000000e+00 0.0000000000e+00 0.0000000000e+00 0.0000000000e+00 0.0000000000e+00 
2.8370562771e-04 6.0963779762e-04 9.9225000000e-04 1.4532180060e-03 2.0265986395e-03 2.7691473214e-03 3.7830166667e-03 5.2725029762e-03 7.7142857143e-03 1.2538385417e-02 2.6894869048e-02 0.0000000000e+00 0.0000000000e+00 0.0000000000e+00 0.0000000000e+00 0.0000000000e+00 0.0000000000e+00 0.0000000000e+00 0.0000000000e+00 0.0000000000e+00 
2.5401574901e-04 5.4122727273e-04 8.7193080357e-04 1.2609947090e-03 1.7307170759e-03 2.3161326531e-03 3.0756267361e-03 4.1142857143e-03 5.6422734375e-03 8.1499603175e-03 1.3108439732e-02 2.7873142857e-02 0.0000000000e+00 0.0000000000e+00 0.0000000000e+00 0.0000000000e+00 0.0000000000e+00 0.0000000000e+00 0.0000000000e+00 0.0000000000e+00 
2.2898076923e-04 4.8440600198e-04 7.7379220779e-04 1.1076589286e-03 1.5011970899e-03 1.9771886161e-03 2.5714285714e-03 3.3435694444e-03 4.4009785714e-03 5.9583816964e-03 8.5167936508e-03 1.3579241071e-02 2.8660821429e-02 0.0000000000e+00 0.0000000000e+00 0.0000000000e+00 0.0000000000e+00 0.0000000000e+00 0.0000000000e+00 0.0000000000e+00 
2.0760257228e-04 4.3649816850e-04 6.9228683036e-04 9.8260173160e-04 1.3181257440e-03 1.7142857143e-03 2.1942174479e-03 2.7942721088e-03 3.5750290179e-03 4.6455238095e-03 6.2238188244e-03 8.8187142857e-03 1.3956593006e-02 2.9269333333e-02 0.0000000000e+00 0.0000000000e+00 0.0000000000e+00 0.0000000000e+00 0.0000000000e+00 0.0000000000e+00 
1.8914920635e-04 3.9559247449e-04 6.2357417582e-04 8.7875049603e-04 1.1688311688e-03 1.5046062500e-03 1.9016574074e-03 2.3833526786e-03 2.9864081633e-03 3.7720114087e-03 4.8502928571e-03 6.4415044643e-03 9.0595555556e-03 1.4246156250e-02 2.9709821429e-02 0.0000000000e+00 0.0000000000e+00 0.0000000000e+00 0.0000000000e+00 0.0000000000e+00 
1.7307170759e-04 3.6028730159e-04 5.6491103316e-04 7.9120879121e-04 1.0448654514e-03 1.3336298701e-03 1.6683468750e-03 2.0646772487e-03 2.5461077009e-03 3.1495408163e-03 3.9364749504e-03 5.0176000000e-03 6.6142868304e-03 9.2430555556e-03 1.4453448661e-02 2.9993142857e-02 0.0000000000e+00 0.0000000000e+00 0.0000000000e+00 0.0000000000e+00 
1.5895028011e-04 3.2953143601e-04 5.1428571429e-04 7.1647916667e-04 9.4038003663e-04 1.1916763393e-03 1.4781212121e-03 1.8105654762e-03 2.2046785714e-03 2.6839601935e-03 3.2853333333e-03 4.0703303571e-03 5.1497023810e-03 6.7449427083e-03 9.3728571429e-03 1.4583845238e-02 3.0129869048e-02 0.0000000000e+00 0.0000000000e+00 0.0000000000e+00 
1.4645841601e-04 3.0252100840e-04 4.7018945312e-04 6.5199682540e-04 8.5119738520e-04 1.0720439560e-03 1.3202039931e-03 1.6034025974e-03 1.9324513393e-03 2.3229629630e-03 2.7983521205e-03 3.3954081633e-03 4.1754407242e-03 5.2488000000e-03 6.8361774554e-03 9.4525079365e-03 1.4642578125e-02 3.0130285714e-02 0.0000000000e+00 0.0000000000e+00 
1.3533834586e-04 2.7863078704e-04 4.3146848739e-04 5.9583816964e-04 7.7425396825e-04 9.6994579082e-04 1.1871346154e-03 1.4314454365e-03 1.7105454545e-03 2.0351651786e-03 2.4208002646e-03 2.8906897321e-03 3.4813469388e-03 4.2536215278e-03 5.3170357143e-03 6.8906250000e-03 9.4854603175e-03 1.4634736607e-02 3.0004392857e-02 0.0000000000e+00 
1.2538385417e-04 2.5736716792e-04 3.9722544643e-04 5.4653221289e-04 7.0725213914e-04 8.8187142857e-04 1.0735840774e-03 1.2865641026e-03 1.5263738839e-03 1.8005952381e-03 2.1198391369e-03 2.4994285714e-03 2.9623435640e-03 3.5446904762e-03 4.3066406250e-03 5.3564952381e-03 6.9108478423e-03 9.4750714286e-03 1.4565267113e-02 2.9761904762e-02 
//Sigma Espalhamento 4 g'g (g linha; g' coluna)
2.6984667857e-03 0.0000000000e+00 0.0000000000e+00 0.0000000000e+00 0.0000000000e+00 0.0000000000e+00 0.0000000000e+00 0.0000000000e+00 0.0000000000e+00 0.0000000000e+00 0.0000000000e+00 0.0000000000e+00 0.0000000000e+00 0.0000000000e+00 0.0000000000e+00 0.0000000000e+00 0.0000000000e+00 0.0000000000e+00 0.0000000000e+00 0.0000000000e+00 
1.3105482180e-03 5.0908038095e-03 0.0000000000e+00 0.0000000000e+00 0.0000000000e+00 0.0000000000e+00 0.0000000000e+00 0.0000000000e+00 0.0000000000e+00 0.0000000000e+00 0.0000000000e+00 0.0000000000e+00 0.0000000000e+00 0.0000000000e+00 0.0000000000e+00 0.0000000000e+00 0.0000000000e+00 0.0000000000e+00 0.0000000000e+00 0.0000000000e+00 
8.4846730159e-04 2.4713588170e-03 7.1968289286e-03 0.0000000000e+00 0.0000000000e+00 0.0000000000e+00 0.0000000000e+00 0.0000000000e+00 0.0000000000e+00 0.0000000000e+00 0.0000000000e+00 0.0000000000e+00 0.0000000000e+00 0.0000000000e+00 0.0000000000e+00 0.0000000000e+00 0.0000000000e+00 0.0000000000e+00 0.0000000000e+00 0.0000000000e+00 
6.1783970424e-04 1.5992953175e-03 3.4921955469e-03 9.0355885714e-03 0.0000000000e+00 0.0000000000e+00 0.0000000000e+00 0.0000000000e+00 0.0000000000e+00 0.0000000000e+00 0.0000000000e+00 0.0000000000e+00 0.0000000000e+00 0.0000000000e+00 0.0000000000e+00 0.0000000000e+00 0.0000000000e+00 0.0000000000e+00 0.0000000000e+00 0.0000000000e+00 
4.7978859524e-04 1.1640651823e-03 2.2588971429e-03 4.3824393006e-03 1.0625372024e-02 0.0000000000e+00 0.0000000000e+00 0.0000000000e+00 0.0000000000e+00 0.0000000000e+00 0.0000000000e+00 0.0000000000e+00 0.0000000000e+00 0.0000000000e+00 0.0000000000e+00 0.0000000000e+00 0.0000000000e+00 0.0000000000e+00 0.0000000000e+00 0.0000000000e+00 
3.8802172743e-04 9.0355885714e-04 1.6434147377e-03 2.8334325397e-03 5.1510952567e-03 1.1983725714e-02 0.0000000000e+00 0.0000000000e+00 0.0000000000e+00 0.0000000000e+00 0.0000000000e+00 0.0000000000e+00 0.0000000000e+00 0.0000000000e+00 0.0000000000e+00 0.0000000000e+00 0.0000000000e+00 0.0000000000e+00 0.0000000000e+00 0.0000000000e+00 
3.2269959184e-04 7.3040655010e-04 1.2750446429e-03 2.0604381027e-03 3.3288126984e-03 5.8068000223e-03 1.3127467500e-02 0.0000000000e+00 0.0000000000e+00 0.0000000000e+00 0.0000000000e+00 0.0000000000e+00 0.0000000000e+00 0.0000000000e+00 0.0000000000e+00 0.0000000000e+00 0.0000000000e+00 0.0000000000e+00 0.0000000000e+00 0.0000000000e+00 
2.7390245629e-04 6.0716411565e-04 1.0302190513e-03 1.5978300952e-03 2.4195000093e-03 3.7507050000e-03 6.3578287760e-03 1.4072700952e-02 0.0000000000e+00 0.0000000000e+00 0.0000000000e+00 0.0000000000e+00 0.0000000000e+00 0.0000000000e+00 0.0000000000e+00 0.0000000000e+00 0.0000000000e+00 0.0000000000e+00 0.0000000000e+00 0.0000000000e+00 
2.3611937831e-04 5.1510952567e-04 8.5598040816e-04 1.2904000050e-03 1.8753525000e-03 2.7247837612e-03 4.1045377778e-03 6.8121024107e-03 1.4834829643e-02 0.0000000000e+00 0.0000000000e+00 0.0000000000e+00 0.0000000000e+00 0.0000000000e+00 0.0000000000e+00 0.0000000000e+00 0.0000000000e+00 0.0000000000e+00 0.0000000000e+00 0.0000000000e+00 
2.0604381027e-04 4.4384169312e-04 7.2585000279e-04 1.0716300000e-03 1.5137687562e-03 2.1109051429e-03 2.9802948047e-03 4.3955050794e-03 7.1771946763e-03 1.5428571429e-02 0.0000000000e+00 0.0000000000e+00 0.0000000000e+00 0.0000000000e+00 0.0000000000e+00 0.0000000000e+00 0.0000000000e+00 0.0000000000e+00 0.0000000000e+00 0.0000000000e+00 
1.8157160173e-04 3.8712000149e-04 6.2511750000e-04 9.0826125372e-04 1.2564911565e-03 1.7030256027e-03 2.3076401667e-03 3.1898643006e-03 4.6285714286e-03 7.4603393229e-03 1.5867972738e-02 0.0000000000e+00 0.0000000000e+00 0.0000000000e+00 0.0000000000e+00 0.0000000000e+00 0.0000000000e+00 0.0000000000e+00 0.0000000000e+00 0.0000000000e+00 
1.6130000062e-04 3.4097318182e-04 5.4495675223e-04 7.8181671958e-04 1.0643910017e-03 1.4128409184e-03 1.8607541753e-03 2.4685714286e-03 3.3571526953e-03 4.8084765873e-03 7.6684372433e-03 1.6166422857e-02 0.0000000000e+00 0.0000000000e+00 0.0000000000e+00 0.0000000000e+00 0.0000000000e+00 0.0000000000e+00 0.0000000000e+00 0.0000000000e+00 
1.4425788462e-04 3.0275375124e-04 4.7975116883e-04 6.8121024107e-04 9.1573022487e-04 1.1961991127e-03 1.5428571429e-03 1.9894238194e-03 2.5965773571e-03 3.4856532924e-03 4.9397403175e-03 7.8080636161e-03 1.6336668214e-02 0.0000000000e+00 0.0000000000e+00 0.0000000000e+00 0.0000000000e+00 0.0000000000e+00 0.0000000000e+00 0.0000000000e+00 
1.2975160767e-04 2.7062886447e-04 4.2575640067e-04 5.9938705628e-04 7.9746607515e-04 1.0285714286e-03 1.3055593815e-03 1.6486205442e-03 2.0913919754e-03 2.6944038095e-03 3.5786958240e-03 5.0266671429e-03 7.8854750484e-03 1.6390826667e-02 0.0000000000e+00 0.0000000000e+00 0.0000000000e+00 0.0000000000e+00 0.0000000000e+00 0.0000000000e+00 
1.1727250794e-04 2.4328937181e-04 3.8038024725e-04 5.3164405010e-04 7.0129870130e-04 8.9524071875e-04 1.1219778704e-03 1.3942613170e-03 1.7321167347e-03 2.1689065600e-03 2.7646669286e-03 3.6394500223e-03 5.0733511111e-03 7.9066167187e-03 1.6340401786e-02 0.0000000000e+00 0.0000000000e+00 0.0000000000e+00 0.0000000000e+00 0.0000000000e+00 
1.0643910017e-04 2.1977525397e-04 3.4177117506e-04 4.7472527473e-04 6.2169494358e-04 7.8684162338e-04 9.7598292187e-04 1.1975128042e-03 1.4640119280e-03 1.7952382653e-03 2.2241083470e-03 2.8098560000e-03 3.6709291908e-03 5.0836805556e-03 7.8771295201e-03 1.6196297143e-02 0.0000000000e+00 0.0000000000e+00 0.0000000000e+00 0.0000000000e+00 
9.6959670868e-05 1.9936651879e-04 3.0857142857e-04 4.2630510417e-04 5.5482422161e-04 6.9713065848e-04 8.5731030303e-04 1.0410751488e-03 1.2566667857e-03 1.5164375093e-03 1.8397866667e-03 2.2590333482e-03 2.8323363095e-03 3.6759937760e-03 5.0613428571e-03 7.8023572024e-03 1.5968830595e-02 0.0000000000e+00 0.0000000000e+00 0.0000000000e+00 
8.8607341683e-05 1.8151260504e-04 2.7976272461e-04 3.8467812698e-04 4.9795047034e-04 6.2178549451e-04 7.5911729601e-04 9.1393948052e-04 1.0918350067e-03 1.3008592593e-03 1.5530854269e-03 1.8674744898e-03 2.2756151947e-03 2.8343520000e-03 3.6573549386e-03 5.0098292063e-03 7.6873535156e-03 1.5667748571e-02 0.0000000000e+00 0.0000000000e+00 
8.1203007519e-05 1.6578531829e-04 2.5456640756e-04 3.4856532924e-04 4.4906730159e-04 5.5771882972e-04 6.7666673077e-04 8.0876667163e-04 9.5790545455e-04 1.1295166741e-03 1.3314401455e-03 1.5754259040e-03 1.8799273469e-03 2.2756875174e-03 2.8180289286e-03 3.6175781250e-03 4.9324393651e-03 7.5368893527e-03 1.5302240357e-02 0.0000000000e+00 
7.4603393229e-05 1.5184662907e-04 2.3237688616e-04 3.1698868347e-04 4.0666998000e-04 5.0266671429e-04 6.0657500372e-04 7.2047589744e-04 8.4713750558e-04 9.9032738095e-04 1.1553123296e-03 1.3496914286e-03 1.5848538067e-03 1.8786859524e-03 2.2609863281e-03 2.7853775238e-03 3.5590866388e-03 4.8322864286e-03 7.3554598921e-03 1.4880952381e-02 
//Sigma Espalhamento 5 g'g (g linha; g' coluna)
1.8619420821e-03 0.0000000000e+00 0.0000000000e+00 0.0000000000e+00 0.0000000000e+00 0.0000000000e+00 0.0000000000e+00 0.0000000000e+00 0.0000000000e+00 0.0000000000e+00 0.0000000000e+00 0.0000000000e+00 0.0000000000e+00 0.0000000000e+00 0.0000000000e+00 0.0000000000e+00 0.0000000000e+00 0.0000000000e+00 0.0000000000e+00 0.0000000000e+00 
8.9772552933e-04 3.4617465905e-03 0.0000000000e+00 0.0000000000e+00 0.0000000000e+00 0.0000000000e+00 0.0000000000e+00 0.0000000000e+00 0.0000000000e+00 0.0000000000e+00 0.0000000000e+00 0.0000000000e+00 0.0000000000e+00 0.0000000000e+00 0.0000000000e+00 0.0000000000e+00 0.0000000000e+00 0.0000000000e+00 0.0000000000e+00 0.0000000000e+00 
5.7695776508e-04 1.6681672015e-03 4.8218753821e-03 0.0000000000e+00 0.0000000000e+00 0.0000000000e+00 0.0000000000e+00 0.0000000000e+00 0.0000000000e+00 0.0000000000e+00 0.0000000000e+00 0.0000000000e+00 0.0000000000e+00 0.0000000000e+00 0.0000000000e+00 0.0000000000e+00 0.0000000000e+00 0.0000000000e+00 0.0000000000e+00 0.0000000000e+00 
4.1704180036e-04 1.0715278627e-03 2.3223100387e-03 5.9634884571e-03 0.0000000000e+00 0.0000000000e+00 0.0000000000e+00 0.0000000000e+00 0.0000000000e+00 0.0000000000e+00 0.0000000000e+00 0.0000000000e+00 0.0000000000e+00 0.0000000000e+00 0.0000000000e+00 0.0000000000e+00 0.0000000000e+00 0.0000000000e+00 0.0000000000e+00 0.0000000000e+00 
3.2145835881e-04 7.7410334622e-04 1.4908721143e-03 2.8704977419e-03 6.9064918155e-03 0.0000000000e+00 0.0000000000e+00 0.0000000000e+00 0.0000000000e+00 0.0000000000e+00 0.0000000000e+00 0.0000000000e+00 0.0000000000e+00 0.0000000000e+00 0.0000000000e+00 0.0000000000e+00 0.0000000000e+00 0.0000000000e+00 0.0000000000e+00 0.0000000000e+00 
2.5803444874e-04 5.9634884571e-04 1.0764366532e-03 1.8417311508e-03 3.3224564406e-03 7.6695844571e-03 0.0000000000e+00 0.0000000000e+00 0.0000000000e+00 0.0000000000e+00 0.0000000000e+00 0.0000000000e+00 0.0000000000e+00 0.0000000000e+00 0.0000000000e+00 0.0000000000e+00 0.0000000000e+00 0.0000000000e+00 0.0000000000e+00 0.0000000000e+00 
2.1298173061e-04 4.7841629031e-04 8.2877901786e-04 1.3289825762e-03 2.1304401270e-03 3.6873180142e-03 8.2703045250e-03 0.0000000000e+00 0.0000000000e+00 0.0000000000e+00 0.0000000000e+00 0.0000000000e+00 0.0000000000e+00 0.0000000000e+00 0.0000000000e+00 0.0000000000e+00 0.0000000000e+00 0.0000000000e+00 0.0000000000e+00 0.0000000000e+00 
1.7940610887e-04 3.9465667517e-04 6.6449128811e-04 1.0226112610e-03 1.5363825059e-03 2.3629441500e-03 3.9736429850e-03 8.7250745905e-03 0.0000000000e+00 0.0000000000e+00 0.0000000000e+00 0.0000000000e+00 0.0000000000e+00 0.0000000000e+00 0.0000000000e+00 0.0000000000e+00 0.0000000000e+00 0.0000000000e+00 0.0000000000e+00 0.0000000000e+00 
1.5347759590e-04 3.3224564406e-04 5.4782746122e-04 8.1940400315e-04 1.1814720750e-03 1.7029898507e-03 2.5448134222e-03 4.1894429826e-03 9.0492460821e-03 0.0000000000e+00 0.0000000000e+00 0.0000000000e+00 0.0000000000e+00 0.0000000000e+00 0.0000000000e+00 0.0000000000e+00 0.0000000000e+00 0.0000000000e+00 0.0000000000e+00 0.0000000000e+00 
1.3289825762e-04 2.8405868360e-04 4.6091475177e-04 6.7512690000e-04 9.4610547263e-04 1.3087611886e-03 1.8328813049e-03 2.6812580984e-03 4.3422027792e-03 9.2571428571e-03 0.0000000000e+00 0.0000000000e+00 0.0000000000e+00 0.0000000000e+00 0.0000000000e+00 0.0000000000e+00 0.0000000000e+00 0.0000000000e+00 0.0000000000e+00 0.0000000000e+00 
1.1620582511e-04 2.4582120094e-04 3.9382402500e-04 5.6766328358e-04 7.7902451701e-04 1.0473607456e-03 1.4076605017e-03 1.9298679019e-03 2.7771428571e-03 4.4389018971e-03 9.3621039155e-03 0.0000000000e+00 0.0000000000e+00 0.0000000000e+00 0.0000000000e+00 0.0000000000e+00 0.0000000000e+00 0.0000000000e+00 0.0000000000e+00 0.0000000000e+00 
1.0242550039e-04 2.1481310455e-04 3.4059797015e-04 4.8472636614e-04 6.5460046603e-04 8.6183296020e-04 1.1257562761e-03 1.4811428571e-03 1.9975058537e-03 2.8370011865e-03 4.4860357873e-03 9.3765252571e-03 0.0000000000e+00 0.0000000000e+00 0.0000000000e+00 0.0000000000e+00 0.0000000000e+00 0.0000000000e+00 0.0000000000e+00 0.0000000000e+00 
9.0882467308e-05 1.8922109453e-04 2.9744572468e-04 4.1894429826e-04 5.5859543717e-04 7.2370046320e-04 9.2571428571e-04 1.1837071726e-03 1.5319806407e-03 2.0391071761e-03 2.8650493841e-03 4.4896365792e-03 9.3119008821e-03 0.0000000000e+00 0.0000000000e+00 0.0000000000e+00 0.0000000000e+00 0.0000000000e+00 0.0000000000e+00 0.0000000000e+00 
8.1094754796e-05 1.6778989597e-04 2.6184018641e-04 3.6562610433e-04 4.8246697547e-04 6.1714285714e-04 7.7680783200e-04 9.7268612109e-04 1.2234643056e-03 1.5627542095e-03 2.0577500988e-03 2.8652002714e-03 4.4552934023e-03 9.1788629333e-03 0.0000000000e+00 0.0000000000e+00 0.0000000000e+00 0.0000000000e+00 0.0000000000e+00 0.0000000000e+00 
7.2708954921e-05 1.4962296366e-04 2.3203195082e-04 3.2164465031e-04 4.2077922078e-04 5.3266822766e-04 6.6196694352e-04 8.1564287042e-04 1.0046277061e-03 1.2471212720e-03 1.5758601493e-03 2.0562892626e-03 2.8410766222e-03 4.3881722789e-03 8.9872209821e-03 0.0000000000e+00 0.0000000000e+00 0.0000000000e+00 0.0000000000e+00 0.0000000000e+00 
6.5460046603e-05 1.3406290492e-04 2.0677156091e-04 2.8483516484e-04 3.6990849143e-04 4.6423655779e-04 5.7095000930e-04 6.9455742646e-04 8.4180685861e-04 1.0232858112e-03 1.2566212160e-03 1.5735193600e-03 2.0373657009e-03 2.7960243056e-03 4.2930355884e-03 8.7460004571e-03 0.0000000000e+00 0.0000000000e+00 0.0000000000e+00 0.0000000000e+00 
5.9145399230e-05 1.2061674387e-04 1.8514285714e-04 2.5365153698e-04 3.2734629075e-04 4.0782143521e-04 4.9723997576e-04 5.9861821057e-04 7.1630006786e-04 8.5678719275e-04 1.0302805333e-03 1.2537635083e-03 1.5577849702e-03 2.0034166079e-03 2.7331251429e-03 4.1742611033e-03 8.4634802155e-03 0.0000000000e+00 0.0000000000e+00 0.0000000000e+00 
5.3607441718e-05 1.0890756303e-04 1.6645882114e-04 2.2696009492e-04 2.9130102515e-04 3.6063558681e-04 4.3649244520e-04 5.2094550390e-04 6.1688677878e-04 7.2848118519e-04 8.6196241193e-04 1.0271109694e-03 1.2402102811e-03 1.5305500800e-03 1.9566848922e-03 2.6552094794e-03 4.0358605957e-03 8.1472292571e-03 0.0000000000e+00 0.0000000000e+00 
4.8721804511e-05 9.8642264381e-05 1.5019418046e-04 2.0391071761e-04 2.6045903492e-04 3.2068832709e-04 3.8570003654e-04 4.5695316947e-04 5.3642705455e-04 6.2688175413e-04 7.3229208003e-04 8.5860711769e-04 1.0151607673e-03 1.2174928218e-03 1.4935553321e-03 1.8992285156e-03 2.5648684698e-03 3.8814980166e-03 7.8041425821e-03 0.0000000000e+00 
4.4389018971e-05 8.9589511153e-05 1.3594047840e-04 1.8385343641e-04 2.3383523850e-04 2.8652002714e-04 3.4271487710e-04 4.0346650256e-04 4.7016131560e-04 5.4468005952e-04 6.2964521964e-04 7.2883337143e-04 8.4789678660e-04 9.9570355476e-04 1.1870178223e-03 1.4483963124e-03 1.8329296190e-03 2.4644660786e-03 3.7145072455e-03 7.4404761905e-03 
//Sigma Espalhamento 6 g'g (g linha; g' coluna)
1.2847400367e-03 0.0000000000e+00 0.0000000000e+00 0.0000000000e+00 0.0000000000e+00 0.0000000000e+00 0.0000000000e+00 0.0000000000e+00 0.0000000000e+00 0.0000000000e+00 0.0000000000e+00 0.0000000000e+00 0.0000000000e+00 0.0000000000e+00 0.0000000000e+00 0.0000000000e+00 0.0000000000e+00 0.0000000000e+00 0.0000000000e+00 0.0000000000e+00 
6.1494198759e-04 2.3539876815e-03 0.0000000000e+00 0.0000000000e+00 0.0000000000e+00 0.0000000000e+00 0.0000000000e+00 0.0000000000e+00 0.0000000000e+00 0.0000000000e+00 0.0000000000e+00 0.0000000000e+00 0.0000000000e+00 0.0000000000e+00 0.0000000000e+00 0.0000000000e+00 0.0000000000e+00 0.0000000000e+00 0.0000000000e+00 0.0000000000e+00 
3.9233128025e-04 1.1260128610e-03 3.2306565060e-03 0.0000000000e+00 0.0000000000e+00 0.0000000000e+00 0.0000000000e+00 0.0000000000e+00 0.0000000000e+00 0.0000000000e+00 0.0000000000e+00 0.0000000000e+00 0.0000000000e+00 0.0000000000e+00 0.0000000000e+00 0.0000000000e+00 0.0000000000e+00 0.0000000000e+00 0.0000000000e+00 0.0000000000e+00 
2.8150321524e-04 7.1792366801e-04 1.5443361757e-03 3.9359023817e-03 0.0000000000e+00 0.0000000000e+00 0.0000000000e+00 0.0000000000e+00 0.0000000000e+00 0.0000000000e+00 0.0000000000e+00 0.0000000000e+00 0.0000000000e+00 0.0000000000e+00 0.0000000000e+00 0.0000000000e+00 0.0000000000e+00 0.0000000000e+00 0.0000000000e+00 0.0000000000e+00 
2.1537710040e-04 5.1477872524e-04 9.8397559543e-04 1.8801760209e-03 4.4892196801e-03 0.0000000000e+00 0.0000000000e+00 0.0000000000e+00 0.0000000000e+00 0.0000000000e+00 0.0000000000e+00 0.0000000000e+00 0.0000000000e+00 0.0000000000e+00 0.0000000000e+00 0.0000000000e+00 0.0000000000e+00 0.0000000000e+00 0.0000000000e+00 0.0000000000e+00 
1.7159290841e-04 3.9359023817e-04 7.0506600785e-04 1.1971252480e-03 2.1429844042e-03 4.9085340526e-03 0.0000000000e+00 0.0000000000e+00 0.0000000000e+00 0.0000000000e+00 0.0000000000e+00 0.0000000000e+00 0.0000000000e+00 0.0000000000e+00 0.0000000000e+00 0.0000000000e+00 0.0000000000e+00 0.0000000000e+00 0.0000000000e+00 0.0000000000e+00 
1.4056794220e-04 3.1336267016e-04 5.3870636161e-04 8.5719376167e-04 1.3634816813e-03 2.3414469390e-03 5.2102918507e-03 0.0000000000e+00 0.0000000000e+00 0.0000000000e+00 0.0000000000e+00 0.0000000000e+00 0.0000000000e+00 0.0000000000e+00 0.0000000000e+00 0.0000000000e+00 0.0000000000e+00 0.0000000000e+00 0.0000000000e+00 0.0000000000e+00 
1.1751100131e-04 2.5652683886e-04 4.2859688083e-04 6.5447120701e-04 9.7560289125e-04 1.4886548145e-03 2.4835268656e-03 5.4095462461e-03 0.0000000000e+00 0.0000000000e+00 0.0000000000e+00 0.0000000000e+00 0.0000000000e+00 0.0000000000e+00 0.0000000000e+00 0.0000000000e+00 0.0000000000e+00 0.0000000000e+00 0.0000000000e+00 0.0000000000e+00 
9.9760437335e-05 2.1429844042e-04 3.5060957518e-04 5.2032154200e-04 7.4432740725e-04 1.0643686567e-03 1.5777843218e-03 2.5765074343e-03 5.5200401101e-03 0.0000000000e+00 0.0000000000e+00 0.0000000000e+00 0.0000000000e+00 0.0000000000e+00 0.0000000000e+00 0.0000000000e+00 0.0000000000e+00 0.0000000000e+00 0.0000000000e+00 0.0000000000e+00 
8.5719376167e-05 1.8179755750e-04 2.9268086738e-04 4.2532994700e-04 5.9131592039e-04 8.1143193691e-04 1.1272220025e-03 1.6355674400e-03 2.6270326814e-03 5.5542857143e-03 0.0000000000e+00 0.0000000000e+00 0.0000000000e+00 0.0000000000e+00 0.0000000000e+00 0.0000000000e+00 0.0000000000e+00 0.0000000000e+00 0.0000000000e+00 0.0000000000e+00 
7.4371728069e-05 1.5609646260e-04 2.4810913575e-04 3.5478955223e-04 4.8299520054e-04 6.4412685857e-04 8.5867290602e-04 1.1675700806e-03 1.6662857143e-03 2.6411466288e-03 5.5236413101e-03 0.0000000000e+00 0.0000000000e+00 0.0000000000e+00 0.0000000000e+00 0.0000000000e+00 0.0000000000e+00 0.0000000000e+00 0.0000000000e+00 0.0000000000e+00 
6.5040192750e-05 1.3533225586e-04 2.1287373134e-04 3.0053034701e-04 4.0257928661e-04 5.2571810572e-04 6.8108254703e-04 8.8868571429e-04 1.1885159830e-03 1.6738307000e-03 2.6243309356e-03 5.4383846491e-03 0.0000000000e+00 0.0000000000e+00 0.0000000000e+00 0.0000000000e+00 0.0000000000e+00 0.0000000000e+00 0.0000000000e+00 0.0000000000e+00 
5.7255954404e-05 1.1826318408e-04 1.8441634930e-04 2.5765074343e-04 3.4074321667e-04 4.3783878023e-04 5.5542857143e-04 7.0430576768e-04 9.0386857802e-04 1.1928776980e-03 1.6617286428e-03 2.5815410331e-03 5.3077835028e-03 0.0000000000e+00 0.0000000000e+00 0.0000000000e+00 0.0000000000e+00 0.0000000000e+00 0.0000000000e+00 0.0000000000e+00 
5.0684221748e-05 1.0402973550e-04 1.6103171464e-04 2.2303192364e-04 2.9189252016e-04 3.7028571429e-04 4.6220066004e-04 5.7388481144e-04 7.1572661880e-04 9.0639744152e-04 1.1832063068e-03 1.6331641547e-03 2.5172407723e-03 5.1401632427e-03 0.0000000000e+00 0.0000000000e+00 0.0000000000e+00 0.0000000000e+00 0.0000000000e+00 0.0000000000e+00 
4.5079552051e-05 9.2018122653e-05 1.4153949000e-04 1.9459501344e-04 2.5246753247e-04 3.1693759546e-04 3.9056049668e-04 4.7715107920e-04 5.8268406955e-04 7.1709473141e-04 8.9824028509e-04 1.1618034334e-03 1.5910029084e-03 2.4354356148e-03 4.9429715402e-03 0.0000000000e+00 0.0000000000e+00 0.0000000000e+00 0.0000000000e+00 0.0000000000e+00 
4.0257928661e-05 8.1778372002e-05 1.2509679435e-04 1.7090109890e-04 2.2009555240e-04 2.7389956910e-04 3.3400575544e-04 4.0284330734e-04 4.8403894370e-04 5.8327291240e-04 7.0999098706e-04 8.8117084160e-04 1.1307379640e-03 1.5378133681e-03 2.3397043957e-03 4.7228402469e-03 0.0000000000e+00 0.0000000000e+00 0.0000000000e+00 0.0000000000e+00 
3.6078693530e-05 7.2973130039e-05 1.1108571429e-04 1.5092266450e-04 1.9313431154e-04 2.3857553960e-04 2.8839918594e-04 3.4420547108e-04 4.0829103868e-04 4.8408476391e-04 5.7695709867e-04 6.9583874708e-04 8.5678173363e-04 1.0918620513e-03 1.4758875771e-03 2.2332296903e-03 4.4856445142e-03 0.0000000000e+00 0.0000000000e+00 0.0000000000e+00 
3.2432502240e-05 6.5344537815e-05 9.9042998580e-05 1.3390645600e-04 1.7041109971e-04 2.0916864035e-04 2.5098315599e-04 2.9693893722e-04 3.4854103001e-04 4.0794946370e-04 4.7838913862e-04 5.6491103316e-04 6.7591460320e-04 8.2649704320e-04 1.0468264173e-03 1.4072610241e-03 2.1188268127e-03 4.2365592137e-03 0.0000000000e+00 0.0000000000e+00 
2.9233082707e-05 5.8692147307e-05 8.8614566473e-05 1.1928776980e-04 1.5106624025e-04 1.8439578808e-04 2.1984902083e-04 2.5817854075e-04 3.0039915055e-04 3.4791937354e-04 4.0276064401e-04 4.6794087914e-04 5.4818681437e-04 6.5135865966e-04 7.9158432604e-04 9.9709497070e-04 1.3337316043e-03 1.9989714786e-03 3.9801127169e-03 0.0000000000e+00 
2.6411466288e-05 5.2857811580e-05 7.9525179866e-05 1.0663499312e-04 1.3445526214e-04 1.6331641547e-04 1.9363390556e-04 2.2594124144e-04 2.6093953016e-04 2.9957403274e-04 3.4315664470e-04 3.9357002057e-04 4.5362478083e-04 5.2772288402e-04 6.2318435669e-04 7.5316608244e-04 9.4395875377e-04 1.2568777001e-03 1.8758261590e-03 3.7202380952e-03 
//Sigma Espalhamento 7 g'g (g linha; g' coluna)
8.8647062531e-04 0.0000000000e+00 0.0000000000e+00 0.0000000000e+00 0.0000000000e+00 0.0000000000e+00 0.0000000000e+00 0.0000000000e+00 0.0000000000e+00 0.0000000000e+00 0.0000000000e+00 0.0000000000e+00 0.0000000000e+00 0.0000000000e+00 0.0000000000e+00 0.0000000000e+00 0.0000000000e+00 0.0000000000e+00 0.0000000000e+00 0.0000000000e+00 
4.2123526150e-04 1.6007116234e-03 0.0000000000e+00 0.0000000000e+00 0.0000000000e+00 0.0000000000e+00 0.0000000000e+00 0.0000000000e+00 0.0000000000e+00 0.0000000000e+00 0.0000000000e+00 0.0000000000e+00 0.0000000000e+00 0.0000000000e+00 0.0000000000e+00 0.0000000000e+00 0.0000000000e+00 0.0000000000e+00 0.0000000000e+00 0.0000000000e+00 
2.6678527057e-04 7.6005868116e-04 2.1645398590e-03 0.0000000000e+00 0.0000000000e+00 0.0000000000e+00 0.0000000000e+00 0.0000000000e+00 0.0000000000e+00 0.0000000000e+00 0.0000000000e+00 0.0000000000e+00 0.0000000000e+00 0.0000000000e+00 0.0000000000e+00 0.0000000000e+00 0.0000000000e+00 0.0000000000e+00 0.0000000000e+00 0.0000000000e+00 
1.9001467029e-04 4.8100885757e-04 1.0269835569e-03 2.5976955719e-03 0.0000000000e+00 0.0000000000e+00 0.0000000000e+00 0.0000000000e+00 0.0000000000e+00 0.0000000000e+00 0.0000000000e+00 0.0000000000e+00 0.0000000000e+00 0.0000000000e+00 0.0000000000e+00 0.0000000000e+00 0.0000000000e+00 0.0000000000e+00 0.0000000000e+00 0.0000000000e+00 
1.4430265727e-04 3.4232785228e-04 6.4942389298e-04 1.2315152937e-03 2.9179927920e-03 0.0000000000e+00 0.0000000000e+00 0.0000000000e+00 0.0000000000e+00 0.0000000000e+00 0.0000000000e+00 0.0000000000e+00 0.0000000000e+00 0.0000000000e+00 0.0000000000e+00 0.0000000000e+00 0.0000000000e+00 0.0000000000e+00 0.0000000000e+00 0.0000000000e+00 
1.1410928409e-04 2.5976955719e-04 4.6181823514e-04 7.7813141121e-04 1.3822249407e-03 3.1414617936e-03 0.0000000000e+00 0.0000000000e+00 0.0000000000e+00 0.0000000000e+00 0.0000000000e+00 0.0000000000e+00 0.0000000000e+00 0.0000000000e+00 0.0000000000e+00 0.0000000000e+00 0.0000000000e+00 0.0000000000e+00 0.0000000000e+00 0.0000000000e+00 
9.2774841855e-05 2.0525254895e-04 3.5015913504e-04 5.5288997628e-04 8.7262827601e-04 1.4868188063e-03 3.2824838660e-03 0.0000000000e+00 0.0000000000e+00 0.0000000000e+00 0.0000000000e+00 0.0000000000e+00 0.0000000000e+00 0.0000000000e+00 0.0000000000e+00 0.0000000000e+00 0.0000000000e+00 0.0000000000e+00 0.0000000000e+00 0.0000000000e+00 
7.6969705857e-05 1.6674244526e-04 2.7644498814e-04 4.1886157249e-04 6.1950783594e-04 9.3785253313e-04 1.5522042910e-03 3.3539186726e-03 0.0000000000e+00 0.0000000000e+00 0.0000000000e+00 0.0000000000e+00 0.0000000000e+00 0.0000000000e+00 0.0000000000e+00 0.0000000000e+00 0.0000000000e+00 0.0000000000e+00 0.0000000000e+00 0.0000000000e+00 
6.4844284268e-05 1.3822249407e-04 2.2439012812e-04 3.3040417917e-04 4.6892626657e-04 6.6523041044e-04 9.7822627950e-04 1.5845520721e-03 3.3672244672e-03 0.0000000000e+00 0.0000000000e+00 0.0000000000e+00 0.0000000000e+00 0.0000000000e+00 0.0000000000e+00 0.0000000000e+00 0.0000000000e+00 0.0000000000e+00 0.0000000000e+00 0.0000000000e+00 
5.5288997628e-05 1.1635043680e-04 1.8585235078e-04 2.6795786661e-04 3.6957245024e-04 5.0308780089e-04 6.9324153154e-04 9.9769613842e-04 1.5893547723e-03 3.3325714286e-03 0.0000000000e+00 0.0000000000e+00 0.0000000000e+00 0.0000000000e+00 0.0000000000e+00 0.0000000000e+00 0.0000000000e+00 0.0000000000e+00 0.0000000000e+00 0.0000000000e+00 
4.7597905964e-05 9.9121253751e-05 1.5630875552e-04 2.2174347015e-04 2.9945702434e-04 3.9613801802e-04 5.2379047267e-04 7.0637989878e-04 9.9977142857e-04 1.5714822441e-03 3.2589483730e-03 0.0000000000e+00 0.0000000000e+00 0.0000000000e+00 0.0000000000e+00 0.0000000000e+00 0.0000000000e+00 0.0000000000e+00 0.0000000000e+00 0.0000000000e+00 
4.1300522396e-05 8.5259321194e-05 1.3304608209e-04 1.8632881514e-04 2.4758626126e-04 3.2068804449e-04 4.1205494095e-04 5.3321142857e-04 7.0716700986e-04 9.8756011302e-04 1.5352335973e-03 3.1542630965e-03 0.0000000000e+00 0.0000000000e+00 0.0000000000e+00 0.0000000000e+00 0.0000000000e+00 0.0000000000e+00 0.0000000000e+00 0.0000000000e+00 
3.6071251274e-05 7.3914490049e-05 1.1433813657e-04 1.5845520721e-04 2.0785336217e-04 2.6489246204e-04 3.3325714286e-04 4.1906193177e-04 5.3328246103e-04 6.9783345333e-04 9.6380261282e-04 1.4843860940e-03 3.0254365966e-03 0.0000000000e+00 0.0000000000e+00 0.0000000000e+00 0.0000000000e+00 0.0000000000e+00 0.0000000000e+00 0.0000000000e+00 
3.1677638592e-05 6.4498436011e-05 9.9034504506e-05 1.3604947342e-04 1.7659497469e-04 2.2217142857e-04 2.7500939272e-04 3.3859203875e-04 4.1870007200e-04 5.2571051608e-04 6.8034362642e-04 9.3090356819e-04 1.4222410364e-03 2.8784914159e-03 0.0000000000e+00 0.0000000000e+00 0.0000000000e+00 0.0000000000e+00 0.0000000000e+00 0.0000000000e+00 
2.7949322271e-05 5.6591145432e-05 8.6339088902e-05 1.1772998313e-04 1.5148051948e-04 1.8857786930e-04 2.3043069304e-04 2.7913338133e-04 3.3795676034e-04 4.1232947056e-04 5.1199696250e-04 6.5641893986e-04 8.9096162873e-04 1.3516667662e-03 2.7186343471e-03 0.0000000000e+00 0.0000000000e+00 0.0000000000e+00 0.0000000000e+00 0.0000000000e+00 
2.4758626126e-05 4.9884806921e-05 7.5683560583e-05 1.0254065934e-04 1.3095685368e-04 1.6160074577e-04 1.9539336693e-04 2.3364911826e-04 2.7832239263e-04 3.3246556007e-04 4.0114490769e-04 4.9345567130e-04 6.2755957003e-04 8.4579735243e-04 1.2751388957e-03 2.5503337333e-03 0.0000000000e+00 0.0000000000e+00 0.0000000000e+00 0.0000000000e+00 
2.2008003053e-05 4.4148743674e-05 6.6651428571e-05 8.9798985379e-05 1.1394924381e-04 1.3956669067e-04 1.6727152784e-04 1.9791814587e-04 2.3272589205e-04 2.7350789161e-04 3.2309597525e-04 3.8619050463e-04 4.7122995350e-04 5.9506481797e-04 7.9697929166e-04 1.1947778843e-03 2.3773915925e-03 0.0000000000e+00 0.0000000000e+00 0.0000000000e+00 
1.9621663855e-05 3.9206722689e-05 5.8930584155e-05 7.9004809042e-05 9.9690493332e-05 1.2131781140e-04 1.4431531470e-04 1.6925519422e-04 1.9692568196e-04 2.2845169967e-04 2.6550597193e-04 3.1070106824e-04 3.6837345875e-04 4.4630840333e-04 5.6005213326e-04 7.4584834275e-04 1.1123840767e-03 2.2030107911e-03 0.0000000000e+00 0.0000000000e+00 
1.7539849624e-05 3.4921827647e-05 5.2282594219e-05 6.9783345333e-05 8.7618419347e-05 1.0602757814e-04 1.2531394187e-04 1.4587087552e-04 1.6822352431e-04 1.9309525232e-04 2.2151835421e-04 2.5502777913e-04 2.9602087976e-04 3.4847688292e-04 4.1953969280e-04 5.2347485962e-04 6.9354043425e-04 1.0294703115e-03 2.0298574856e-03 0.0000000000e+00 
1.5714822441e-05 3.1186108832e-05 4.6522230222e-05 6.1848296010e-05 7.7311775730e-05 9.3090356819e-05 1.0940315664e-04 1.2652709520e-04 1.4482143924e-04 1.6476571801e-04 1.8702037136e-04 2.1252781111e-04 2.4268925775e-04 2.7969312853e-04 3.2717178726e-04 3.9164636287e-04 4.8613875819e-04 6.4100762704e-04 9.4729221029e-04 1.8601190476e-03 
//Sigma Espalhamento 8 g'g (g linha; g' coluna)
6.1166473146e-04 0.0000000000e+00 0.0000000000e+00 0.0000000000e+00 0.0000000000e+00 0.0000000000e+00 0.0000000000e+00 0.0000000000e+00 0.0000000000e+00 0.0000000000e+00 0.0000000000e+00 0.0000000000e+00 0.0000000000e+00 0.0000000000e+00 0.0000000000e+00 0.0000000000e+00 0.0000000000e+00 0.0000000000e+00 0.0000000000e+00 0.0000000000e+00 
2.8854615413e-04 1.0884839039e-03 0.0000000000e+00 0.0000000000e+00 0.0000000000e+00 0.0000000000e+00 0.0000000000e+00 0.0000000000e+00 0.0000000000e+00 0.0000000000e+00 0.0000000000e+00 0.0000000000e+00 0.0000000000e+00 0.0000000000e+00 0.0000000000e+00 0.0000000000e+00 0.0000000000e+00 0.0000000000e+00 0.0000000000e+00 0.0000000000e+00 
1.8141398399e-04 5.1303960978e-04 1.4502417056e-03 0.0000000000e+00 0.0000000000e+00 0.0000000000e+00 0.0000000000e+00 0.0000000000e+00 0.0000000000e+00 0.0000000000e+00 0.0000000000e+00 0.0000000000e+00 0.0000000000e+00 0.0000000000e+00 0.0000000000e+00 0.0000000000e+00 0.0000000000e+00 0.0000000000e+00 0.0000000000e+00 0.0000000000e+00 
1.2825990245e-04 3.2227593457e-04 6.8294406531e-04 1.7144790775e-03 0.0000000000e+00 0.0000000000e+00 0.0000000000e+00 0.0000000000e+00 0.0000000000e+00 0.0000000000e+00 0.0000000000e+00 0.0000000000e+00 0.0000000000e+00 0.0000000000e+00 0.0000000000e+00 0.0000000000e+00 0.0000000000e+00 0.0000000000e+00 0.0000000000e+00 0.0000000000e+00 
9.6682780371e-05 2.2764802177e-04 4.2861976937e-04 8.0664251738e-04 1.8966953148e-03 0.0000000000e+00 0.0000000000e+00 0.0000000000e+00 0.0000000000e+00 0.0000000000e+00 0.0000000000e+00 0.0000000000e+00 0.0000000000e+00 0.0000000000e+00 0.0000000000e+00 0.0000000000e+00 0.0000000000e+00 0.0000000000e+00 0.0000000000e+00 0.0000000000e+00 
7.5882673923e-05 1.7144790775e-04 3.0249094402e-04 5.0578541729e-04 8.9153508674e-04 2.0105355479e-03 0.0000000000e+00 0.0000000000e+00 0.0000000000e+00 0.0000000000e+00 0.0000000000e+00 0.0000000000e+00 0.0000000000e+00 0.0000000000e+00 0.0000000000e+00 0.0000000000e+00 0.0000000000e+00 0.0000000000e+00 0.0000000000e+00 0.0000000000e+00 
6.1231395624e-05 1.3444041956e-04 2.2760343778e-04 3.5661403470e-04 5.5848209665e-04 9.4412994198e-04 2.0679648356e-03 0.0000000000e+00 0.0000000000e+00 0.0000000000e+00 0.0000000000e+00 0.0000000000e+00 0.0000000000e+00 0.0000000000e+00 0.0000000000e+00 0.0000000000e+00 0.0000000000e+00 0.0000000000e+00 0.0000000000e+00 0.0000000000e+00 
5.0415157336e-05 1.0838258942e-04 1.7830701735e-04 2.6807140639e-04 3.9338747582e-04 5.9084709588e-04 9.7012768189e-04 2.0794295770e-03 0.0000000000e+00 0.0000000000e+00 0.0000000000e+00 0.0000000000e+00 0.0000000000e+00 0.0000000000e+00 0.0000000000e+00 0.0000000000e+00 0.0000000000e+00 0.0000000000e+00 0.0000000000e+00 0.0000000000e+00 
4.2148784774e-05 8.9153508674e-05 1.4360968200e-04 2.0980665377e-04 2.9542354794e-04 4.1576900652e-04 6.0650029329e-04 9.7449952434e-04 2.0540069250e-03 0.0000000000e+00 0.0000000000e+00 0.0000000000e+00 0.0000000000e+00 0.0000000000e+00 0.0000000000e+00 0.0000000000e+00 0.0000000000e+00 0.0000000000e+00 0.0000000000e+00 0.0000000000e+00 
3.5661403470e-05 7.4464279553e-05 1.1801624275e-04 1.6881345596e-04 2.3098278140e-04 3.1191443655e-04 4.2634354190e-04 6.0859464444e-04 9.6155963721e-04 1.9995428571e-03 0.0000000000e+00 0.0000000000e+00 0.0000000000e+00 0.0000000000e+00 0.0000000000e+00 0.0000000000e+00 0.0000000000e+00 0.0000000000e+00 0.0000000000e+00 0.0000000000e+00 
3.0462659817e-05 6.2941996132e-05 9.8474515979e-05 1.3858966884e-04 1.8566335509e-04 2.4362488108e-04 3.1951218833e-04 4.2735983876e-04 5.9986285714e-04 9.3503193526e-04 1.9227795401e-03 0.0000000000e+00 0.0000000000e+00 0.0000000000e+00 0.0000000000e+00 0.0000000000e+00 0.0000000000e+00 0.0000000000e+00 0.0000000000e+00 0.0000000000e+00 
2.6225831722e-05 5.3713372352e-05 8.3153801305e-05 1.1552386539e-04 1.5226555068e-04 1.9561970714e-04 2.4929323928e-04 3.1992685714e-04 4.2076437087e-04 5.8266046668e-04 8.9811165443e-04 1.8294725960e-03 0.0000000000e+00 0.0000000000e+00 0.0000000000e+00 0.0000000000e+00 0.0000000000e+00 0.0000000000e+00 0.0000000000e+00 0.0000000000e+00 
2.2724888303e-05 4.6196556281e-05 7.0889644670e-05 9.7449952434e-05 1.2679055092e-04 1.6025993954e-04 1.9995428571e-04 2.4934184940e-04 3.1463665201e-04 4.0823257020e-04 5.5900551544e-04 8.5352200406e-04 1.7244988601e-03 0.0000000000e+00 0.0000000000e+00 0.0000000000e+00 0.0000000000e+00 0.0000000000e+00 0.0000000000e+00 0.0000000000e+00 
1.9798524120e-05 3.9989030327e-05 6.0906220271e-05 8.2990178787e-05 1.0683995969e-04 1.3330285714e-04 1.6363058867e-04 1.9976930286e-04 2.4493954212e-04 3.0491209933e-04 3.9119758519e-04 5.3061503387e-04 8.0356618554e-04 1.6119551929e-03 0.0000000000e+00 0.0000000000e+00 0.0000000000e+00 0.0000000000e+00 0.0000000000e+00 0.0000000000e+00 
1.7328579808e-05 3.4803554441e-05 5.2666844230e-05 7.1226639793e-05 9.0888311688e-05 1.1220383223e-04 1.3595410889e-04 1.6329302808e-04 1.9601492100e-04 2.3708944557e-04 2.9183826863e-04 3.7087670102e-04 4.9893851209e-04 7.5017505525e-04 1.4952488909e-03 0.0000000000e+00 0.0000000000e+00 0.0000000000e+00 0.0000000000e+00 0.0000000000e+00 
1.5226555068e-05 3.0429732222e-05 4.5788554153e-05 6.1524395604e-05 7.7919327938e-05 9.5344440003e-05 1.1430511965e-04 1.3551648859e-04 1.6003537576e-04 1.8950536924e-04 2.2664687285e-04 2.7633517593e-04 3.4829556136e-04 4.6518854384e-04 6.9495069813e-04 1.3771802160e-03 0.0000000000e+00 0.0000000000e+00 0.0000000000e+00 0.0000000000e+00 
1.3424881863e-05 2.6709989923e-05 3.9990857143e-05 5.3430396301e-05 6.7230053848e-05 8.1646514039e-05 9.7017486150e-05 1.1380293387e-04 1.3265375847e-04 1.5453195876e-04 1.8093374614e-04 2.1433573007e-04 2.5917647442e-04 3.2431032580e-04 4.3036881749e-04 6.3920616809e-04 1.2600175440e-03 0.0000000000e+00 0.0000000000e+00 0.0000000000e+00 
1.1871106632e-05 2.3524033613e-05 3.5063697572e-05 4.6612837335e-05 5.8318938599e-05 7.0364330614e-05 8.2981305950e-05 9.6475460703e-05 1.1126301031e-04 1.2793295182e-04 1.4735581442e-04 1.7088558753e-04 2.0076353502e-04 2.4100653780e-04 2.9962789129e-04 3.9529962166e-04 5.8400164026e-04 1.1455656114e-03 0.0000000000e+00 0.0000000000e+00 
1.0523909774e-05 2.0778487450e-05 3.0846730589e-05 4.0823257020e-05 5.0818683221e-05 6.0965857433e-05 7.1428946867e-05 8.2417044671e-05 9.4205173611e-05 1.0716786504e-04 1.2183509481e-04 1.3899013963e-04 1.5985127507e-04 1.8643513236e-04 2.2235603718e-04 2.7482430130e-04 3.6064102581e-04 5.3017721040e-04 1.0352273177e-03 0.0000000000e+00 
9.3503193526e-06 1.8399804211e-05 2.7215504680e-05 3.5872011686e-05 4.4454271045e-05 5.3061503387e-05 6.1812783503e-05 7.0855173314e-05 8.0375898776e-05 9.0621144903e-05 1.0192610239e-04 1.1476501800e-04 1.2983875289e-04 1.4823735812e-04 1.7176518831e-04 2.0365610869e-04 2.5036146047e-04 3.2691388979e-04 4.7838256620e-04 9.3005952381e-04 
//Sigma Espalhamento 9 g'g (g linha; g' coluna)
4.2204866471e-04 0.0000000000e+00 0.0000000000e+00 0.0000000000e+00 0.0000000000e+00 0.0000000000e+00 0.0000000000e+00 0.0000000000e+00 0.0000000000e+00 0.0000000000e+00 0.0000000000e+00 0.0000000000e+00 0.0000000000e+00 0.0000000000e+00 0.0000000000e+00 0.0000000000e+00 0.0000000000e+00 0.0000000000e+00 0.0000000000e+00 0.0000000000e+00 
1.9765411558e-04 7.4016905468e-04 0.0000000000e+00 0.0000000000e+00 0.0000000000e+00 0.0000000000e+00 0.0000000000e+00 0.0000000000e+00 0.0000000000e+00 0.0000000000e+00 0.0000000000e+00 0.0000000000e+00 0.0000000000e+00 0.0000000000e+00 0.0000000000e+00 0.0000000000e+00 0.0000000000e+00 0.0000000000e+00 0.0000000000e+00 0.0000000000e+00 
1.2336150911e-04 3.4630173660e-04 9.7166194272e-04 0.0000000000e+00 0.0000000000e+00 0.0000000000e+00 0.0000000000e+00 0.0000000000e+00 0.0000000000e+00 0.0000000000e+00 0.0000000000e+00 0.0000000000e+00 0.0000000000e+00 0.0000000000e+00 0.0000000000e+00 0.0000000000e+00 0.0000000000e+00 0.0000000000e+00 0.0000000000e+00 0.0000000000e+00 
8.6575434151e-05 2.1592487616e-04 4.5415780343e-04 1.1315561911e-03 0.0000000000e+00 0.0000000000e+00 0.0000000000e+00 0.0000000000e+00 0.0000000000e+00 0.0000000000e+00 0.0000000000e+00 0.0000000000e+00 0.0000000000e+00 0.0000000000e+00 0.0000000000e+00 0.0000000000e+00 0.0000000000e+00 0.0000000000e+00 0.0000000000e+00 0.0000000000e+00 
6.4777462848e-05 1.5138593448e-04 2.8288904778e-04 5.2835084889e-04 1.2328519546e-03 0.0000000000e+00 0.0000000000e+00 0.0000000000e+00 0.0000000000e+00 0.0000000000e+00 0.0000000000e+00 0.0000000000e+00 0.0000000000e+00 0.0000000000e+00 0.0000000000e+00 0.0000000000e+00 0.0000000000e+00 0.0000000000e+00 0.0000000000e+00 0.0000000000e+00 
5.0461978159e-05 1.1315561911e-04 1.9813156833e-04 3.2876052124e-04 5.7504013095e-04 1.2867427507e-03 0.0000000000e+00 0.0000000000e+00 0.0000000000e+00 0.0000000000e+00 0.0000000000e+00 0.0000000000e+00 0.0000000000e+00 0.0000000000e+00 0.0000000000e+00 0.0000000000e+00 0.0000000000e+00 0.0000000000e+00 0.0000000000e+00 0.0000000000e+00 
4.0412721112e-05 8.8058474814e-05 1.4794223456e-04 2.3001605238e-04 3.5742854185e-04 5.9952251316e-04 1.3028178464e-03 0.0000000000e+00 0.0000000000e+00 0.0000000000e+00 0.0000000000e+00 0.0000000000e+00 0.0000000000e+00 0.0000000000e+00 0.0000000000e+00 0.0000000000e+00 0.0000000000e+00 0.0000000000e+00 0.0000000000e+00 0.0000000000e+00 
3.3021928055e-05 7.0448683122e-05 1.1500802619e-04 1.7156570009e-04 2.4980104715e-04 3.7223367040e-04 6.0632980118e-04 1.2892463377e-03 0.0000000000e+00 0.0000000000e+00 0.0000000000e+00 0.0000000000e+00 0.0000000000e+00 0.0000000000e+00 0.0000000000e+00 0.0000000000e+00 0.0000000000e+00 0.0000000000e+00 0.0000000000e+00 0.0000000000e+00 
2.7396710103e-05 5.7504013095e-05 9.1910196477e-05 1.3322722515e-04 1.8611683520e-04 2.5985562908e-04 3.7603018184e-04 5.9931720747e-04 1.2529442242e-03 0.0000000000e+00 0.0000000000e+00 0.0000000000e+00 0.0000000000e+00 0.0000000000e+00 0.0000000000e+00 0.0000000000e+00 0.0000000000e+00 0.0000000000e+00 0.0000000000e+00 0.0000000000e+00 
2.3001605238e-05 4.7657138914e-05 7.4940314145e-05 1.0635247726e-04 1.4436423838e-04 1.9338695066e-04 2.6220127827e-04 3.7124273311e-04 5.8174358051e-04 1.1997257143e-03 0.0000000000e+00 0.0000000000e+00 0.0000000000e+00 0.0000000000e+00 0.0000000000e+00 0.0000000000e+00 0.0000000000e+00 0.0000000000e+00 0.0000000000e+00 0.0000000000e+00 
1.9496102283e-05 3.9968167544e-05 6.2038945067e-05 8.6618543026e-05 1.1511128016e-04 1.4982930187e-04 1.9490243488e-04 2.5855270245e-04 3.5991771429e-04 5.5634400148e-04 1.1344399286e-03 0.0000000000e+00 0.0000000000e+00 0.0000000000e+00 0.0000000000e+00 0.0000000000e+00 0.0000000000e+00 0.0000000000e+00 0.0000000000e+00 0.0000000000e+00 
1.6653403143e-05 3.3839424582e-05 5.1971125816e-05 7.1624796541e-05 9.3643313667e-05 1.1932802136e-04 1.5082240976e-04 1.9195611429e-04 2.5035480067e-04 3.4376967534e-04 5.2539531784e-04 1.0610941057e-03 0.0000000000e+00 0.0000000000e+00 0.0000000000e+00 0.0000000000e+00 0.0000000000e+00 0.0000000000e+00 0.0000000000e+00 0.0000000000e+00 
1.4316679631e-05 2.8872847675e-05 4.3951579696e-05 5.9931720747e-05 7.7342236064e-05 9.6957263419e-05 1.1997257143e-04 1.4835840039e-04 1.8563562469e-04 2.3881605356e-04 3.2422319895e-04 4.9077515233e-04 9.8296435024e-04 0.0000000000e+00 0.0000000000e+00 0.0000000000e+00 0.0000000000e+00 0.0000000000e+00 0.0000000000e+00 0.0000000000e+00 
1.2374077575e-05 2.4793198803e-05 3.7457325467e-05 5.0624009060e-05 6.4638175613e-05 7.9981714286e-05 9.7360200259e-05 1.1786388869e-04 1.4328963214e-04 1.7684901761e-04 2.2493861149e-04 3.0245056930e-04 4.5401489483e-04 9.0269490802e-04 0.0000000000e+00 0.0000000000e+00 0.0000000000e+00 0.0000000000e+00 0.0000000000e+00 0.0000000000e+00 
1.0743719481e-05 2.1404185981e-05 3.2126774980e-05 4.3092117075e-05 5.4532987013e-05 6.6761280178e-05 8.0212924247e-05 9.5526421426e-05 1.1368865418e-04 1.3632643120e-04 1.6634781312e-04 2.0954533608e-04 2.7940556677e-04 4.1634715566e-04 8.2238689000e-04 0.0000000000e+00 0.0000000000e+00 0.0000000000e+00 0.0000000000e+00 0.0000000000e+00 
9.3643313667e-06 1.8562136655e-05 2.7702075263e-05 3.6914637363e-05 4.6362000123e-05 5.6253219602e-05 6.6868494998e-05 7.8599563382e-05 9.2020341062e-05 1.0801806047e-04 1.2805548316e-04 1.5474769852e-04 1.9330403656e-04 2.5585369911e-04 3.7874813048e-04 7.4367731663e-04 0.0000000000e+00 0.0000000000e+00 0.0000000000e+00 0.0000000000e+00 
8.1891779362e-06 1.6159543903e-05 2.3994514286e-05 3.1791085799e-05 3.9665731770e-05 4.7763210713e-05 5.6270141967e-05 6.5436686978e-05 7.5612642326e-05 8.7310556698e-05 1.0132289784e-04 1.1895633019e-04 1.4254706093e-04 1.7674912756e-04 2.3239916145e-04 3.4197529993e-04 6.6780929834e-04 0.0000000000e+00 0.0000000000e+00 0.0000000000e+00 
7.1820195125e-06 1.4114420168e-05 2.0862900055e-05 2.7501574027e-05 3.4116579081e-05 4.0811311756e-05 4.7714250921e-05 5.4991012601e-05 6.2863600823e-05 7.1642453018e-05 8.1782477005e-05 9.3987073143e-05 1.0941612658e-04 1.3014353041e-04 1.6030092184e-04 2.0950879948e-04 3.0660086114e-04 5.9569411792e-04 0.0000000000e+00 0.0000000000e+00 
6.3143458647e-06 1.2363200033e-05 1.8199571048e-05 2.3881605356e-05 2.9474836268e-05 3.5055368024e-05 4.0714499714e-05 4.6565630239e-05 5.2754897222e-05 5.9478165095e-05 6.7009302148e-05 7.5749626097e-05 8.6319688538e-05 9.9742795813e-05 1.1784869971e-04 1.4428275818e-04 1.8753333342e-04 2.7304126336e-04 5.2796593201e-04 0.0000000000e+00 
5.5634400148e-06 1.0855884485e-05 1.5921070238e-05 2.0805766778e-05 2.5561205851e-05 3.0245056930e-05 3.4924222679e-05 3.9678897056e-05 4.4608623821e-05 4.9841629697e-05 5.5549725804e-05 6.1973109719e-05 6.9463732798e-05 7.8565799805e-05 9.0176723864e-05 1.0590117652e-04 1.2893615214e-04 1.6672608379e-04 2.4158319593e-04 4.6502976190e-04 
//Sigma Espalhamento 10 g'g (g linha; g' coluna)
2.9121357865e-04 0.0000000000e+00 0.0000000000e+00 0.0000000000e+00 0.0000000000e+00 0.0000000000e+00 0.0000000000e+00 0.0000000000e+00 0.0000000000e+00 0.0000000000e+00 0.0000000000e+00 0.0000000000e+00 0.0000000000e+00 0.0000000000e+00 0.0000000000e+00 0.0000000000e+00 0.0000000000e+00 0.0000000000e+00 0.0000000000e+00 0.0000000000e+00 
1.3539306917e-04 5.0331495718e-04 0.0000000000e+00 0.0000000000e+00 0.0000000000e+00 0.0000000000e+00 0.0000000000e+00 0.0000000000e+00 0.0000000000e+00 0.0000000000e+00 0.0000000000e+00 0.0000000000e+00 0.0000000000e+00 0.0000000000e+00 0.0000000000e+00 0.0000000000e+00 0.0000000000e+00 0.0000000000e+00 0.0000000000e+00 0.0000000000e+00 
8.3885826197e-05 2.3375367221e-04 6.5101350163e-04 0.0000000000e+00 0.0000000000e+00 0.0000000000e+00 0.0000000000e+00 0.0000000000e+00 0.0000000000e+00 0.0000000000e+00 0.0000000000e+00 0.0000000000e+00 0.0000000000e+00 0.0000000000e+00 0.0000000000e+00 0.0000000000e+00 0.0000000000e+00 0.0000000000e+00 0.0000000000e+00 0.0000000000e+00 
5.8438418052e-05 1.4466966703e-04 3.0201493928e-04 7.4682708615e-04 0.0000000000e+00 0.0000000000e+00 0.0000000000e+00 0.0000000000e+00 0.0000000000e+00 0.0000000000e+00 0.0000000000e+00 0.0000000000e+00 0.0000000000e+00 0.0000000000e+00 0.0000000000e+00 0.0000000000e+00 0.0000000000e+00 0.0000000000e+00 0.0000000000e+00 0.0000000000e+00 
4.3400900108e-05 1.0067164643e-04 1.8670677154e-04 3.4606980602e-04 8.0135377051e-04 0.0000000000e+00 0.0000000000e+00 0.0000000000e+00 0.0000000000e+00 0.0000000000e+00 0.0000000000e+00 0.0000000000e+00 0.0000000000e+00 0.0000000000e+00 0.0000000000e+00 0.0000000000e+00 0.0000000000e+00 0.0000000000e+00 0.0000000000e+00 0.0000000000e+00 
3.3557215476e-05 7.4682708615e-05 1.2977617726e-04 2.1369433880e-04 3.7090088446e-04 8.2351536043e-04 0.0000000000e+00 0.0000000000e+00 0.0000000000e+00 0.0000000000e+00 0.0000000000e+00 0.0000000000e+00 0.0000000000e+00 0.0000000000e+00 0.0000000000e+00 0.0000000000e+00 0.0000000000e+00 0.0000000000e+00 0.0000000000e+00 0.0000000000e+00 
2.6672395934e-05 5.7678301003e-05 9.6162452462e-05 1.4836035379e-04 2.2875426679e-04 3.8069679585e-04 8.2077524323e-04 0.0000000000e+00 0.0000000000e+00 0.0000000000e+00 0.0000000000e+00 0.0000000000e+00 0.0000000000e+00 0.0000000000e+00 0.0000000000e+00 0.0000000000e+00 0.0000000000e+00 0.0000000000e+00 0.0000000000e+00 0.0000000000e+00 
2.1629362876e-05 4.5791644029e-05 7.4180176893e-05 1.0980204806e-04 1.5862366494e-04 2.3450721235e-04 3.7895612574e-04 7.9933272940e-04 0.0000000000e+00 0.0000000000e+00 0.0000000000e+00 0.0000000000e+00 0.0000000000e+00 0.0000000000e+00 0.0000000000e+00 0.0000000000e+00 0.0000000000e+00 0.0000000000e+00 0.0000000000e+00 0.0000000000e+00 
1.7807861567e-05 3.7090088446e-05 5.8822525745e-05 8.4599287968e-05 1.1725360618e-04 1.6240976817e-04 2.3313871274e-04 3.6858008259e-04 7.6429597678e-04 0.0000000000e+00 0.0000000000e+00 0.0000000000e+00 0.0000000000e+00 0.0000000000e+00 0.0000000000e+00 0.0000000000e+00 0.0000000000e+00 0.0000000000e+00 0.0000000000e+00 0.0000000000e+00 
1.4836035379e-05 3.0500568905e-05 4.7587099482e-05 6.7002060672e-05 9.0227648985e-05 1.1989990941e-04 1.6125378613e-04 2.2645806719e-04 3.5195486621e-04 7.1983542857e-04 0.0000000000e+00 0.0000000000e+00 0.0000000000e+00 0.0000000000e+00 0.0000000000e+00 0.0000000000e+00 0.0000000000e+00 0.0000000000e+00 0.0000000000e+00 0.0000000000e+00 
1.2477505461e-05 2.5379786390e-05 3.9084535392e-05 5.4136589391e-05 7.1368993696e-05 9.2145020648e-05 1.1889048528e-04 1.5642438498e-04 2.1595062857e-04 3.3102468088e-04 6.6931955789e-04 0.0000000000e+00 0.0000000000e+00 0.0000000000e+00 0.0000000000e+00 0.0000000000e+00 0.0000000000e+00 0.0000000000e+00 0.0000000000e+00 0.0000000000e+00 
1.0574910996e-05 2.1318837487e-05 3.2481953635e-05 4.4407373855e-05 5.7590637905e-05 7.2790093027e-05 9.1247557906e-05 1.1517366857e-04 1.4896110640e-04 2.0282410845e-04 3.0735626094e-04 6.1543458128e-04 0.0000000000e+00 0.0000000000e+00 0.0000000000e+00 0.0000000000e+00 0.0000000000e+00 0.0000000000e+00 0.0000000000e+00 0.0000000000e+00 
9.0195081674e-06 1.8045529797e-05 2.7249979411e-05 3.6858008259e-05 4.7178763999e-05 5.8659144368e-05 7.1983542857e-05 8.8273248235e-05 1.0952501856e-04 1.3970739134e-04 1.8804945539e-04 2.8219571259e-04 5.6028967964e-04 0.0000000000e+00 0.0000000000e+00 0.0000000000e+00 0.0000000000e+00 0.0000000000e+00 0.0000000000e+00 0.0000000000e+00 
7.7337984845e-06 1.5371783258e-05 2.3036255162e-05 3.0880645527e-05 3.9106096246e-05 4.7989028571e-05 5.7929319154e-05 6.9539694327e-05 8.3824434801e-05 1.0257243021e-04 1.2933970160e-04 1.7239682450e-04 2.5651841558e-04 5.0550914849e-04 0.0000000000e+00 0.0000000000e+00 0.0000000000e+00 0.0000000000e+00 0.0000000000e+00 0.0000000000e+00 
6.6611060783e-06 1.3163574378e-05 1.9597332738e-05 2.6070730830e-05 3.2719792208e-05 3.9722961706e-05 4.7325625306e-05 5.5882956534e-05 6.5939419423e-05 7.8387697942e-05 9.4818253477e-05 1.1839311488e-04 1.5646711739e-04 2.3107267139e-04 4.5231278950e-04 0.0000000000e+00 0.0000000000e+00 0.0000000000e+00 0.0000000000e+00 0.0000000000e+00 
5.7590637905e-06 1.1322903360e-05 1.6759755534e-05 2.2148782418e-05 2.7585390073e-05 3.3189399565e-05 3.9118069574e-05 4.5587746762e-05 5.2911696111e-05 6.1570294465e-05 7.2351347984e-05 8.6658711170e-05 1.0728374029e-04 1.4071953451e-04 2.0641773111e-04 4.0158575098e-04 0.0000000000e+00 0.0000000000e+00 0.0000000000e+00 0.0000000000e+00 
4.9953985411e-06 9.7765240614e-06 1.4396708571e-05 1.8915696050e-05 2.3402781745e-05 2.7941478267e-05 3.2636682341e-05 3.7626095012e-05 4.3099206126e-05 4.9330464535e-05 5.6740822790e-05 6.6020763255e-05 7.8400883513e-05 9.6328274520e-05 1.2549554718e-04 1.8295678546e-04 3.5393892812e-04 0.0000000000e+00 0.0000000000e+00 0.0000000000e+00 
4.3451218051e-06 8.4686521008e-06 1.2413425533e-05 1.6225928676e-05 1.9958198762e-05 2.3670560819e-05 2.7435694280e-05 3.1344877182e-05 3.5517934465e-05 4.0119773690e-05 4.5389274738e-05 5.1692890228e-05 5.9631788988e-05 7.0277506422e-05 8.5760993185e-05 1.1103966372e-04 1.6096545210e-04 3.0976094132e-04 0.0000000000e+00 0.0000000000e+00 
3.7886075188e-06 7.3561040196e-06 1.0737746918e-05 1.3970739134e-05 1.7095405036e-05 2.0156836614e-05 2.3207264837e-05 2.6309581085e-05 2.9542742444e-05 3.3010381627e-05 3.6855116181e-05 4.1283546223e-05 4.6612631810e-05 5.3362395760e-05 6.2459810845e-05 7.5748448046e-05 9.7517333378e-05 1.4061625063e-04 2.6926262532e-04 0.0000000000e+00 
3.3102468088e-06 6.4049718459e-06 9.3138260890e-06 1.2067344731e-05 1.4697693364e-05 1.7239682450e-05 1.9732185814e-05 2.2220182351e-05 2.4757786221e-05 2.7412896333e-05 3.0274600563e-05 3.3465479248e-05 3.7163097047e-05 4.1639873897e-05 4.7342780029e-05 5.5068611790e-05 6.6402118353e-05 8.5030302734e-05 1.2199951394e-04 2.3251488095e-04
//Tipo de Condicoes de Contorno (Esq. Dir) (1-Prescrita. 2-Reflexiva)
1 1
//Valor da condicao de contorno prescrita (Esq. Dir) 
//g= 1
1 0
//g= 2
0 0
//g= 3
0 0
//g= 4
0 0
//g= 5
0 0
//g= 6
0 0
//g= 7
0 0
//g= 8
0 0
//g= 9
0 0
//g= 10
0 0
//g= 11
0 0
//g= 12
0 0
//g= 13
0 0
//g= 14
0 0
//g= 15
0 0
//g= 16
0 0
//g= 17
0 0
//g= 18
0 0
//g= 19
0 0
//g= 20
0 0
//Fonte Fisica
//g= 1
0 1 0 0 2
//g= 2
0 0 0 0 0 
//g= 3
0 0 0 0 0 
//g= 4
0 0 0 0 0 
//g= 5
0 0 0 0 0 
//g= 6
0 0 0 0 0 
//g= 7
0 0 0 0 0 
//g= 8
0 0 0 0 0 
//g= 9
0 0 0 0 0 
//g= 10
0 0 0 0 0 
//g= 11
0 0 0 0 0 
//g= 12
0 0 0 0 0 
//g= 13
0 0 0 0 0 
//g= 14
0 0 0 0 0 
//g= 15
0 0 0 0 0 
//g= 16
0 0 0 0 0 
//g= 17
0 0 0 0 0 
//g= 18
0 0 0 0 0 
//g= 19
0 0 0 0 0 
//g= 20
0 0 0 0 0 











//Fonte Adjunta (Sigma de Absorcao do Detector)
//g= 1
0 0 1.00000e+00 0 0 
//g= 2
0 0 1.00000e+00 0 0 
//g= 3
0 0 1.00000e+00 0 0 
//g= 4
0 0 1.00000e+00 0 0 
//g= 5
0 0 1.00000e+00 0 0 
//g= 6
0 0 1.00000e+00 0 0 
//g= 7
0 0 1.00000e+00 0 0 
//g= 8
0 0 1.00000e+00 0 0 
//g= 9
0 0 1.00000e+00 0 0 
//g= 10
0 0 1.00000e+00 0 0 
//g= 11
0 0 1.00000e+00 0 0 
//g= 12
0 0 1.00000e+00 0 0 
//g= 13
0 0 1.00000e+00 0 0 
//g= 14
0 0 1.00000e+00 0 0 
//g= 15
0 0 1.00000e+00 0 0 
//g= 16
0 0 1.00000e+00 0 0 
//g= 17
0 0 1.00000e+00 0 0 
//g= 18
0 0 1.00000e+00 0 0 
//g= 19
0 0 1.00000e+00 0 0 
//g= 20
0 0 1.00000e+00 0 0 







//Fonte Fisica
//g= 1
0 1 0 0 2 
//g= 2
0 0 0 0 0 
//g= 3
0 0 0 0 0 
//g= 4
0 0 0 0 0 
//g= 5
0 0 0 0 0 
//g= 6
0 0 0 0 0 
//g= 7
0 0 0 0 0 
//g= 8
0 0 0 0 0 
//g= 9
0 0 0 0 0 
//g= 10
0 0 0 0 0 
//g= 11
0 0 0 0 0 
//g= 12
0 0 0 0 0 
//g= 13
0 0 0 0 0 
//g= 14
0 0 0 0 0 
//g= 15
0 0 0 0 0 
//g= 16
0 0 0 0 0 
//g= 17
0 0 0 0 0 
//g= 18
0 0 0 0 0 
//g= 19
0 0 0 0 0 
//g= 20
0 0 0 0 0 








//Fonte Adjunta (Sigma de Absorcao do Detector)
//g= 1
0 0 0.118191 0 0 
//g= 2
0 0 0.237478 0 0 
//g= 3
0 0 0.357946 0 0 
//g= 4
0 0 0.479695 0 0 
//g= 5
0 0 0.366448 0 0 
//g= 6
0 0 0.727516 0 0 
//g= 7
0 0 0.853879 0 0 
//g= 8
0 0 0.98212 0 0 
//g= 9
0 0 1.11247 0 0 
//g= 10
0 0 1.00881 0 0 
//g= 11
0 0 1.38068 0 0 
//g= 12
0 0 1.51933 0 0 
//g= 13
0 0 1.66177 0 0 
//g= 14
0 0 1.80876 0 0 
//g= 15
0 0 1.96143 0 0 
//g= 16
0 0 2.12139 0 0 
//g= 17
0 0 2.29122 0 0 
//g= 18
0 0 2.47528 0 0 
//g= 19
0 0 2.68216 0 0 
//g= 20
0 0 2.93285 0 0 






//Fonte Adjunta (Sigma de Absorcao do Detector)
//g= 1
0.0640226 0.0884971 0.118191 0.153849 0.196283 
//g= 2
0.129045 0.178042 0.237478 0.308842 0.393756 
//g= 3
0.195147 0.268717 0.357946 0.465067 0.592514 
//g= 4
0.262418 0.360617 0.479695 0.622629 0.792665 
//g= 5
0.180964 0.264571 0.366448 0.489198 0.635662 
//g= 6
0.400906 0.548552 0.727516 0.942263 1.19766 
//g= 7
0.472391 0.644866 0.853879 1.10464 1.40283 
//g= 8
0.545589 0.742976 0.98212 1.26898 1.61004 
//g= 9
0.620711 0.843101 1.11247 1.43551 1.81953 
//g= 10
0.548012 0.756227 1.00881 1.31209 1.67295 
//g= 11
0.777813 1.05054 1.38068 1.77642 2.24669 
//g= 12
0.860524 1.15861 1.51933 1.95162 2.46522 
//g= 13
0.946679 1.27029 1.66177 2.13077 2.68785 
//g= 14
1.037 1.38634 1.80876 2.31467 2.91544 
//g= 15
1.1325 1.50782 1.96143 2.5045 3.1492 
//g= 16
1.23467 1.63627 2.12139 2.70194 3.39089 
//g= 17
1.34583 1.77416 2.29122 2.90967 3.6433 
//g= 18
1.47 1.92566 2.47528 3.13225 3.91118 
//g= 19
1.615 2.09899 2.68216 3.37865 4.20387 
//g= 20
1.8 2.31423 2.93285 3.67076 4.54417 